Warning 2025-11-15 19:21:06  DevID:MV-CA013-A0UC(J06720615)  Source-Line:libMvUsb3vTL.so(StreamProcess.cpp-L1426)     Description:Delete one DataNode     Solution:Please confirm that there is a blocking operation when you grab frame
Warning 2025-11-15 19:21:06  DevID:MV-CA013-A0UC(J06720615)  Source-Line:libMvUsb3vTL.so(StreamProcess.cpp-L0844)     Description:[GetOneFrame] PreFrameNum[5931], CurFrameNum[5935]     Solution:
Warning 2025-11-15 19:21:06  DevID:MV-CA013-A0UC(J06720615)  Source-Line:libMvUsb3vTL.so(StreamProcess.cpp-L1426)     Description:Delete one DataNode     Solution:Please confirm that there is a blocking operation when you grab frame
Warning 2025-11-15 19:21:06  DevID:MV-CA013-A0UC(J06720615)  Source-Line:libMvUsb3vTL.so(StreamProcess.cpp-L1426)     Description:Delete one DataNode     Solution:Please confirm that there is a blocking operation when you grab frame
Warning 2025-11-15 19:21:06  DevID:MV-CA013-A0UC(J06720615)  Source-Line:libMvUsb3vTL.so(StreamProcess.cpp-L1426)     Description:Delete one DataNode     Solution:Please confirm that there is a blocking operation when you grab frame
Warning 2025-11-15 19:21:06  DevID:MV-CA013-A0UC(J06720615)  Source-Line:libMvUsb3vTL.so(StreamProcess.cpp-L0844)     Description:[GetOneFrame] PreFrameNum[5935], CurFrameNum[5939]     Solution:
Warning 2025-11-15 19:21:06  DevID:MV-CA013-A0UC(J06720615)  Source-Line:libMvUsb3vTL.so(StreamProcess.cpp-L1426)     Description:Delete one DataNode     Solution:Please confirm that there is a blocking operation when you grab frame
Warning 2025-11-15 19:21:06  DevID:MV-CA013-A0UC(J06720615)  Source-Line:libMvUsb3vTL.so(StreamProcess.cpp-L1426)     Description:Delete one DataNode     Solution:Please confirm that there is a blocking operation when you grab frame
Warning 2025-11-15 19:21:06  DevID:MV-CA013-A0UC(J06720615)  Source-Line:libMvUsb3vTL.so(StreamProcess.cpp-L1426)     Description:Delete one DataNode     Solution:Please confirm that there is a blocking operation when you grab frame
Warning 2025-11-15 19:21:06  DevID:MV-CA013-A0UC(J06720615)  Source-Line:libMvUsb3vTL.so(StreamProcess.cpp-L0844)     Description:[GetOneFrame] PreFrameNum[5939], CurFrameNum[5943]     Solution:
Warning 2025-11-15 19:21:06  DevID:MV-CA013-A0UC(J06720615)  Source-Line:libMvUsb3vTL.so(StreamProcess.cpp-L1426)     Description:Delete one DataNode     Solution:Please confirm that there is a blocking operation when you grab frame
Warning 2025-11-15 19:21:06  DevID:MV-CA013-A0UC(J06720615)  Source-Line:libMvUsb3vTL.so(StreamProcess.cpp-L1426)     Description:Delete one DataNode     Solution:Please confirm that there is a blocking operation when you grab frame
Warning 2025-11-15 19:21:07  DevID:MV-CA013-A0UC(J06720615)  Source-Line:libMvUsb3vTL.so(StreamProcess.cpp-L1426)     Description:Delete one DataNode     Solution:Please confirm that there is a blocking operation when you grab frame
Warning 2025-11-15 19:21:07  DevID:MV-CA013-A0UC(J06720615)  Source-Line:libMvUsb3vTL.so(StreamProcess.cpp-L0844)     Description:[GetOneFrame] PreFrameNum[5943], CurFrameNum[5947]     Solution:
Warning 2025-11-15 19:21:07  DevID:MV-CA013-A0UC(J06720615)  Source-Line:libMvUsb3vTL.so(StreamProcess.cpp-L1426)     Description:Delete one DataNode     Solution:Please confirm that there is a blocking operation when you grab frame
Warning 2025-11-15 19:21:07  DevID:MV-CA013-A0UC(J06720615)  Source-Line:libMvUsb3vTL.so(StreamProcess.cpp-L1426)     Description:Delete one DataNode     Solution:Please confirm that there is a blocking operation when you grab frame
Warning 2025-11-15 19:21:07  DevID:MV-CA013-A0UC(J06720615)  Source-Line:libMvUsb3vTL.so(StreamProcess.cpp-L1426)     Description:Delete one DataNode     Solution:Please confirm that there is a blocking operation when you grab frame
Warning 2025-11-15 19:21:07  DevID:MV-CA013-A0UC(J06720615)  Source-Line:libMvUsb3vTL.so(StreamProcess.cpp-L0844)     Description:[GetOneFrame] PreFrameNum[5947], CurFrameNum[5951]     Solution:
Warning 2025-11-15 19:21:07  DevID:MV-CA013-A0UC(J06720615)  Source-Line:libMvUsb3vTL.so(StreamProcess.cpp-L1426)     Description:Delete one DataNode     Solution:Please confirm that there is a blocking operation when you grab frame
Warning 2025-11-15 19:21:07  DevID:MV-CA013-A0UC(J06720615)  Source-Line:libMvUsb3vTL.so(StreamProcess.cpp-L1426)     Description:Delete one DataNode     Solution:Please confirm that there is a blocking operation when you grab frame
Warning 2025-11-15 19:21:07  DevID:MV-CA013-A0UC(J06720615)  Source-Line:libMvUsb3vTL.so(StreamProcess.cpp-L1426)     Description:Delete one DataNode     Solution:Please confirm that there is a blocking operation when you grab frame
Warning 2025-11-15 19:21:07  DevID:MV-CA013-A0UC(J06720615)  Source-Line:libMvUsb3vTL.so(StreamProcess.cpp-L0844)     Description:[GetOneFrame] PreFrameNum[5951], CurFrameNum[5955]     Solution:
Warning 2025-11-15 19:21:07  DevID:MV-CA013-A0UC(J06720615)  Source-Line:libMvUsb3vTL.so(StreamProcess.cpp-L1426)     Description:Delete one DataNode     Solution:Please confirm that there is a blocking operation when you grab frame
Warning 2025-11-15 19:21:07  DevID:MV-CA013-A0UC(J06720615)  Source-Line:libMvUsb3vTL.so(StreamProcess.cpp-L1426)     Description:Delete one DataNode     Solution:Please confirm that there is a blocking operation when you grab frame
Warning 2025-11-15 19:21:07  DevID:MV-CA013-A0UC(J06720615)  Source-Line:libMvUsb3vTL.so(StreamProcess.cpp-L1426)     Description:Delete one DataNode     Solution:Please confirm that there is a blocking operation when you grab frame
Warning 2025-11-15 19:21:07  DevID:MV-CA013-A0UC(J06720615)  Source-Line:libMvUsb3vTL.so(StreamProcess.cpp-L0844)     Description:[GetOneFrame] PreFrameNum[5955], CurFrameNum[5959]     Solution:
Warning 2025-11-15 19:21:07  DevID:MV-CA013-A0UC(J06720615)  Source-Line:libMvUsb3vTL.so(StreamProcess.cpp-L1426)     Description:Delete one DataNode     Solution:Please confirm that there is a blocking operation when you grab frame
Warning 2025-11-15 19:21:07  DevID:MV-CA013-A0UC(J06720615)  Source-Line:libMvUsb3vTL.so(StreamProcess.cpp-L1426)     Description:Delete one DataNode     Solution:Please confirm that there is a blocking operation when you grab frame
Warning 2025-11-15 19:21:07  DevID:MV-CA013-A0UC(J06720615)  Source-Line:libMvUsb3vTL.so(StreamProcess.cpp-L1426)     Description:Delete one DataNode     Solution:Please confirm that there is a blocking operation when you grab frame
Warning 2025-11-15 19:21:07  DevID:MV-CA013-A0UC(J06720615)  Source-Line:libMvUsb3vTL.so(StreamProcess.cpp-L0844)     Description:[GetOneFrame] PreFrameNum[5959], CurFrameNum[5963]     Solution:
Warning 2025-11-15 19:21:07  DevID:MV-CA013-A0UC(J06720615)  Source-Line:libMvUsb3vTL.so(StreamProcess.cpp-L1426)     Description:Delete one DataNode     Solution:Please confirm that there is a blocking operation when you grab frame
Warning 2025-11-15 19:21:07  DevID:MV-CA013-A0UC(J06720615)  Source-Line:libMvUsb3vTL.so(StreamProcess.cpp-L1426)     Description:Delete one DataNode     Solution:Please confirm that there is a blocking operation when you grab frame
Warning 2025-11-15 19:21:07  DevID:MV-CA013-A0UC(J06720615)  Source-Line:libMvUsb3vTL.so(StreamProcess.cpp-L1426)     Description:Delete one DataNode     Solution:Please confirm that there is a blocking operation when you grab frame
Warning 2025-11-15 19:21:07  DevID:MV-CA013-A0UC(J06720615)  Source-Line:libMvUsb3vTL.so(StreamProcess.cpp-L0844)     Description:[GetOneFrame] PreFrameNum[5963], CurFrameNum[5967]     Solution:
Warning 2025-11-15 19:21:07  DevID:MV-CA013-A0UC(J06720615)  Source-Line:libMvUsb3vTL.so(StreamProcess.cpp-L1426)     Description:Delete one DataNode     Solution:Please confirm that there is a blocking operation when you grab frame
Warning 2025-11-15 19:21:07  DevID:MV-CA013-A0UC(J06720615)  Source-Line:libMvUsb3vTL.so(StreamProcess.cpp-L1426)     Description:Delete one DataNode     Solution:Please confirm that there is a blocking operation when you grab frame
Warning 2025-11-15 19:21:07  DevID:MV-CA013-A0UC(J06720615)  Source-Line:libMvUsb3vTL.so(StreamProcess.cpp-L1426)     Description:Delete one DataNode     Solution:Please confirm that there is a blocking operation when you grab frame
Warning 2025-11-15 19:21:07  DevID:MV-CA013-A0UC(J06720615)  Source-Line:libMvUsb3vTL.so(StreamProcess.cpp-L0844)     Description:[GetOneFrame] PreFrameNum[5967], CurFrameNum[5971]     Solution:
Warning 2025-11-15 19:21:07  DevID:MV-CA013-A0UC(J06720615)  Source-Line:libMvUsb3vTL.so(StreamProcess.cpp-L1426)     Description:Delete one DataNode     Solution:Please confirm that there is a blocking operation when you grab frame
Warning 2025-11-15 19:21:07  DevID:MV-CA013-A0UC(J06720615)  Source-Line:libMvUsb3vTL.so(StreamProcess.cpp-L1426)     Description:Delete one DataNode     Solution:Please confirm that there is a blocking operation when you grab frame
Warning 2025-11-15 19:21:07  DevID:MV-CA013-A0UC(J06720615)  Source-Line:libMvUsb3vTL.so(StreamProcess.cpp-L1426)     Description:Delete one DataNode     Solution:Please confirm that there is a blocking operation when you grab frame
Warning 2025-11-15 19:21:07  DevID:MV-CA013-A0UC(J06720615)  Source-Line:libMvUsb3vTL.so(StreamProcess.cpp-L0844)     Description:[GetOneFrame] PreFrameNum[5971], CurFrameNum[5975]     Solution:
Warning 2025-11-15 19:21:07  DevID:MV-CA013-A0UC(J06720615)  Source-Line:libMvUsb3vTL.so(StreamProcess.cpp-L1426)     Description:Delete one DataNode     Solution:Please confirm that there is a blocking operation when you grab frame
Warning 2025-11-15 19:21:07  DevID:MV-CA013-A0UC(J06720615)  Source-Line:libMvUsb3vTL.so(StreamProcess.cpp-L1426)     Description:Delete one DataNode     Solution:Please confirm that there is a blocking operation when you grab frame
Warning 2025-11-15 19:21:07  DevID:MV-CA013-A0UC(J06720615)  Source-Line:libMvUsb3vTL.so(StreamProcess.cpp-L1426)     Description:Delete one DataNode     Solution:Please confirm that there is a blocking operation when you grab frame
Warning 2025-11-15 19:21:07  DevID:MV-CA013-A0UC(J06720615)  Source-Line:libMvUsb3vTL.so(StreamProcess.cpp-L0844)     Description:[GetOneFrame] PreFrameNum[5975], CurFrameNum[5979]     Solution:
Warning 2025-11-15 19:21:07  DevID:MV-CA013-A0UC(J06720615)  Source-Line:libMvUsb3vTL.so(StreamProcess.cpp-L1426)     Description:Delete one DataNode     Solution:Please confirm that there is a blocking operation when you grab frame
Warning 2025-11-15 19:21:07  DevID:MV-CA013-A0UC(J06720615)  Source-Line:libMvUsb3vTL.so(StreamProcess.cpp-L1426)     Description:Delete one DataNode     Solution:Please confirm that there is a blocking operation when you grab frame
Warning 2025-11-15 19:21:07  DevID:MV-CA013-A0UC(J06720615)  Source-Line:libMvUsb3vTL.so(StreamProcess.cpp-L1426)     Description:Delete one DataNode     Solution:Please confirm that there is a blocking operation when you grab frame
Warning 2025-11-15 19:21:07  DevID:MV-CA013-A0UC(J06720615)  Source-Line:libMvUsb3vTL.so(StreamProcess.cpp-L0844)     Description:[GetOneFrame] PreFrameNum[5979], CurFrameNum[5983]     Solution:
Warning 2025-11-15 19:21:07  DevID:MV-CA013-A0UC(J06720615)  Source-Line:libMvUsb3vTL.so(StreamProcess.cpp-L1426)     Description:Delete one DataNode     Solution:Please confirm that there is a blocking operation when you grab frame
Warning 2025-11-15 19:21:07  DevID:MV-CA013-A0UC(J06720615)  Source-Line:libMvUsb3vTL.so(StreamProcess.cpp-L1426)     Description:Delete one DataNode     Solution:Please confirm that there is a blocking operation when you grab frame
Warning 2025-11-15 19:21:07  DevID:MV-CA013-A0UC(J06720615)  Source-Line:libMvUsb3vTL.so(StreamProcess.cpp-L1426)     Description:Delete one DataNode     Solution:Please confirm that there is a blocking operation when you grab frame
Warning 2025-11-15 19:21:07  DevID:MV-CA013-A0UC(J06720615)  Source-Line:libMvUsb3vTL.so(StreamProcess.cpp-L0844)     Description:[GetOneFrame] PreFrameNum[5983], CurFrameNum[5987]     Solution:
Warning 2025-11-15 19:21:07  DevID:MV-CA013-A0UC(J06720615)  Source-Line:libMvUsb3vTL.so(StreamProcess.cpp-L1426)     Description:Delete one DataNode     Solution:Please confirm that there is a blocking operation when you grab frame
Warning 2025-11-15 19:21:07  DevID:MV-CA013-A0UC(J06720615)  Source-Line:libMvUsb3vTL.so(StreamProcess.cpp-L1426)     Description:Delete one DataNode     Solution:Please confirm that there is a blocking operation when you grab frame
Warning 2025-11-15 19:21:07  DevID:MV-CA013-A0UC(J06720615)  Source-Line:libMvUsb3vTL.so(StreamProcess.cpp-L1426)     Description:Delete one DataNode     Solution:Please confirm that there is a blocking operation when you grab frame
Warning 2025-11-15 19:21:07  DevID:MV-CA013-A0UC(J06720615)  Source-Line:libMvUsb3vTL.so(StreamProcess.cpp-L0844)     Description:[GetOneFrame] PreFrameNum[5987], CurFrameNum[5991]     Solution:
Warning 2025-11-15 19:21:07  DevID:MV-CA013-A0UC(J06720615)  Source-Line:libMvUsb3vTL.so(StreamProcess.cpp-L1426)     Description:Delete one DataNode     Solution:Please confirm that there is a blocking operation when you grab frame
Warning 2025-11-15 19:21:07  DevID:MV-CA013-A0UC(J06720615)  Source-Line:libMvUsb3vTL.so(StreamProcess.cpp-L1426)     Description:Delete one DataNode     Solution:Please confirm that there is a blocking operation when you grab frame
Warning 2025-11-15 19:21:07  DevID:MV-CA013-A0UC(J06720615)  Source-Line:libMvUsb3vTL.so(StreamProcess.cpp-L1426)     Description:Delete one DataNode     Solution:Please confirm that there is a blocking operation when you grab frame
Warning 2025-11-15 19:21:07  DevID:MV-CA013-A0UC(J06720615)  Source-Line:libMvUsb3vTL.so(StreamProcess.cpp-L0844)     Description:[GetOneFrame] PreFrameNum[5991], CurFrameNum[5995]     Solution:
Warning 2025-11-15 19:21:07  DevID:MV-CA013-A0UC(J06720615)  Source-Line:libMvUsb3vTL.so(StreamProcess.cpp-L1426)     Description:Delete one DataNode     Solution:Please confirm that there is a blocking operation when you grab frame
Warning 2025-11-15 19:21:07  DevID:MV-CA013-A0UC(J06720615)  Source-Line:libMvUsb3vTL.so(StreamProcess.cpp-L1426)     Description:Delete one DataNode     Solution:Please confirm that there is a blocking operation when you grab frame
Warning 2025-11-15 19:21:07  DevID:MV-CA013-A0UC(J06720615)  Source-Line:libMvUsb3vTL.so(StreamProcess.cpp-L1426)     Description:Delete one DataNode     Solution:Please confirm that there is a blocking operation when you grab frame
Warning 2025-11-15 19:21:07  DevID:MV-CA013-A0UC(J06720615)  Source-Line:libMvUsb3vTL.so(StreamProcess.cpp-L0844)     Description:[GetOneFrame] PreFrameNum[5995], CurFrameNum[5999]     Solution:
Warning 2025-11-15 19:21:07  DevID:MV-CA013-A0UC(J06720615)  Source-Line:libMvUsb3vTL.so(StreamProcess.cpp-L1426)     Description:Delete one DataNode     Solution:Please confirm that there is a blocking operation when you grab frame
Warning 2025-11-15 19:21:07  DevID:MV-CA013-A0UC(J06720615)  Source-Line:libMvUsb3vTL.so(StreamProcess.cpp-L1426)     Description:Delete one DataNode     Solution:Please confirm that there is a blocking operation when you grab frame
Warning 2025-11-15 19:21:07  DevID:MV-CA013-A0UC(J06720615)  Source-Line:libMvUsb3vTL.so(StreamProcess.cpp-L1426)     Description:Delete one DataNode     Solution:Please confirm that there is a blocking operation when you grab frame
Warning 2025-11-15 19:21:07  DevID:MV-CA013-A0UC(J06720615)  Source-Line:libMvUsb3vTL.so(StreamProcess.cpp-L0844)     Description:[GetOneFrame] PreFrameNum[5999], CurFrameNum[6003]     Solution:
Warning 2025-11-15 19:21:07  DevID:MV-CA013-A0UC(J06720615)  Source-Line:libMvUsb3vTL.so(StreamProcess.cpp-L1426)     Description:Delete one DataNode     Solution:Please confirm that there is a blocking operation when you grab frame
Warning 2025-11-15 19:21:07  DevID:MV-CA013-A0UC(J06720615)  Source-Line:libMvUsb3vTL.so(StreamProcess.cpp-L1426)     Description:Delete one DataNode     Solution:Please confirm that there is a blocking operation when you grab frame
Warning 2025-11-15 19:21:07  DevID:MV-CA013-A0UC(J06720615)  Source-Line:libMvUsb3vTL.so(StreamProcess.cpp-L1426)     Description:Delete one DataNode     Solution:Please confirm that there is a blocking operation when you grab frame
Warning 2025-11-15 19:21:07  DevID:MV-CA013-A0UC(J06720615)  Source-Line:libMvUsb3vTL.so(StreamProcess.cpp-L0844)     Description:[GetOneFrame] PreFrameNum[6003], CurFrameNum[6007]     Solution:
Warning 2025-11-15 19:21:07  DevID:MV-CA013-A0UC(J06720615)  Source-Line:libMvUsb3vTL.so(StreamProcess.cpp-L1426)     Description:Delete one DataNode     Solution:Please confirm that there is a blocking operation when you grab frame
Warning 2025-11-15 19:21:07  DevID:MV-CA013-A0UC(J06720615)  Source-Line:libMvUsb3vTL.so(StreamProcess.cpp-L1426)     Description:Delete one DataNode     Solution:Please confirm that there is a blocking operation when you grab frame
Warning 2025-11-15 19:21:07  DevID:MV-CA013-A0UC(J06720615)  Source-Line:libMvUsb3vTL.so(StreamProcess.cpp-L1426)     Description:Delete one DataNode     Solution:Please confirm that there is a blocking operation when you grab frame
Error   2025-11-15 19:21:07  DevID:MV-CA013-A0UC(J06720615)  Source-Line:libMvUsb3vTL.so(DriverLayer.cpp-L0769)     Description:timesOut, num_iso_packets: ff     Solution:
Info    2025-11-15 19:21:07  DevID:MV-CA013-A0UC(J06720615)  Source-Line:libMvUsb3vTL.so(EventProcess.cpp-L0311)     Description:[Event]Read Async, Ret[0xff]     Solution:
Warning 2025-11-15 19:21:07  DevID:MV-CA013-A0UC(J06720615)  Source-Line:libMvUsb3vTL.so(StreamProcess.cpp-L0844)     Description:[GetOneFrame] PreFrameNum[6007], CurFrameNum[6011]     Solution:
Warning 2025-11-15 19:21:07  DevID:MV-CA013-A0UC(J06720615)  Source-Line:libMvUsb3vTL.so(StreamProcess.cpp-L1426)     Description:Delete one DataNode     Solution:Please confirm that there is a blocking operation when you grab frame
Warning 2025-11-15 19:21:07  DevID:MV-CA013-A0UC(J06720615)  Source-Line:libMvUsb3vTL.so(StreamProcess.cpp-L1426)     Description:Delete one DataNode     Solution:Please confirm that there is a blocking operation when you grab frame
Warning 2025-11-15 19:21:07  DevID:MV-CA013-A0UC(J06720615)  Source-Line:libMvUsb3vTL.so(StreamProcess.cpp-L1426)     Description:Delete one DataNode     Solution:Please confirm that there is a blocking operation when you grab frame
Warning 2025-11-15 19:21:07  DevID:MV-CA013-A0UC(J06720615)  Source-Line:libMvUsb3vTL.so(StreamProcess.cpp-L0844)     Description:[GetOneFrame] PreFrameNum[6011], CurFrameNum[6015]     Solution:
Warning 2025-11-15 19:21:07  DevID:MV-CA013-A0UC(J06720615)  Source-Line:libMvUsb3vTL.so(StreamProcess.cpp-L1426)     Description:Delete one DataNode     Solution:Please confirm that there is a blocking operation when you grab frame
Warning 2025-11-15 19:21:07  DevID:MV-CA013-A0UC(J06720615)  Source-Line:libMvUsb3vTL.so(StreamProcess.cpp-L1426)     Description:Delete one DataNode     Solution:Please confirm that there is a blocking operation when you grab frame
Warning 2025-11-15 19:21:07  DevID:MV-CA013-A0UC(J06720615)  Source-Line:libMvUsb3vTL.so(StreamProcess.cpp-L1426)     Description:Delete one DataNode     Solution:Please confirm that there is a blocking operation when you grab frame
Warning 2025-11-15 19:21:07  DevID:MV-CA013-A0UC(J06720615)  Source-Line:libMvUsb3vTL.so(StreamProcess.cpp-L0844)     Description:[GetOneFrame] PreFrameNum[6015], CurFrameNum[6019]     Solution:
Warning 2025-11-15 19:21:07  DevID:MV-CA013-A0UC(J06720615)  Source-Line:libMvUsb3vTL.so(StreamProcess.cpp-L1426)     Description:Delete one DataNode     Solution:Please confirm that there is a blocking operation when you grab frame
Warning 2025-11-15 19:21:07  DevID:MV-CA013-A0UC(J06720615)  Source-Line:libMvUsb3vTL.so(StreamProcess.cpp-L1426)     Description:Delete one DataNode     Solution:Please confirm that there is a blocking operation when you grab frame
Warning 2025-11-15 19:21:07  DevID:MV-CA013-A0UC(J06720615)  Source-Line:libMvUsb3vTL.so(StreamProcess.cpp-L1426)     Description:Delete one DataNode     Solution:Please confirm that there is a blocking operation when you grab frame
Warning 2025-11-15 19:21:07  DevID:MV-CA013-A0UC(J06720615)  Source-Line:libMvUsb3vTL.so(StreamProcess.cpp-L0844)     Description:[GetOneFrame] PreFrameNum[6019], CurFrameNum[6023]     Solution:
Warning 2025-11-15 19:21:07  DevID:MV-CA013-A0UC(J06720615)  Source-Line:libMvUsb3vTL.so(StreamProcess.cpp-L1426)     Description:Delete one DataNode     Solution:Please confirm that there is a blocking operation when you grab frame
Warning 2025-11-15 19:21:07  DevID:MV-CA013-A0UC(J06720615)  Source-Line:libMvUsb3vTL.so(StreamProcess.cpp-L1426)     Description:Delete one DataNode     Solution:Please confirm that there is a blocking operation when you grab frame
Warning 2025-11-15 19:21:07  DevID:MV-CA013-A0UC(J06720615)  Source-Line:libMvUsb3vTL.so(StreamProcess.cpp-L1426)     Description:Delete one DataNode     Solution:Please confirm that there is a blocking operation when you grab frame
Warning 2025-11-15 19:21:07  DevID:MV-CA013-A0UC(J06720615)  Source-Line:libMvUsb3vTL.so(StreamProcess.cpp-L0844)     Description:[GetOneFrame] PreFrameNum[6023], CurFrameNum[6027]     Solution:
Warning 2025-11-15 19:21:07  DevID:MV-CA013-A0UC(J06720615)  Source-Line:libMvUsb3vTL.so(StreamProcess.cpp-L1426)     Description:Delete one DataNode     Solution:Please confirm that there is a blocking operation when you grab frame
Warning 2025-11-15 19:21:07  DevID:MV-CA013-A0UC(J06720615)  Source-Line:libMvUsb3vTL.so(StreamProcess.cpp-L1426)     Description:Delete one DataNode     Solution:Please confirm that there is a blocking operation when you grab frame
Warning 2025-11-15 19:21:07  DevID:MV-CA013-A0UC(J06720615)  Source-Line:libMvUsb3vTL.so(StreamProcess.cpp-L1426)     Description:Delete one DataNode     Solution:Please confirm that there is a blocking operation when you grab frame
Warning 2025-11-15 19:21:07  DevID:MV-CA013-A0UC(J06720615)  Source-Line:libMvUsb3vTL.so(StreamProcess.cpp-L0844)     Description:[GetOneFrame] PreFrameNum[6027], CurFrameNum[6031]     Solution:
Warning 2025-11-15 19:21:07  DevID:MV-CA013-A0UC(J06720615)  Source-Line:libMvUsb3vTL.so(StreamProcess.cpp-L1426)     Description:Delete one DataNode     Solution:Please confirm that there is a blocking operation when you grab frame
Warning 2025-11-15 19:21:07  DevID:MV-CA013-A0UC(J06720615)  Source-Line:libMvUsb3vTL.so(StreamProcess.cpp-L1426)     Description:Delete one DataNode     Solution:Please confirm that there is a blocking operation when you grab frame
Warning 2025-11-15 19:21:07  DevID:MV-CA013-A0UC(J06720615)  Source-Line:libMvUsb3vTL.so(StreamProcess.cpp-L1426)     Description:Delete one DataNode     Solution:Please confirm that there is a blocking operation when you grab frame
Warning 2025-11-15 19:21:07  DevID:MV-CA013-A0UC(J06720615)  Source-Line:libMvUsb3vTL.so(StreamProcess.cpp-L0844)     Description:[GetOneFrame] PreFrameNum[6031], CurFrameNum[6035]     Solution:
Warning 2025-11-15 19:21:07  DevID:MV-CA013-A0UC(J06720615)  Source-Line:libMvUsb3vTL.so(StreamProcess.cpp-L1426)     Description:Delete one DataNode     Solution:Please confirm that there is a blocking operation when you grab frame
Warning 2025-11-15 19:21:07  DevID:MV-CA013-A0UC(J06720615)  Source-Line:libMvUsb3vTL.so(StreamProcess.cpp-L1426)     Description:Delete one DataNode     Solution:Please confirm that there is a blocking operation when you grab frame
Warning 2025-11-15 19:21:07  DevID:MV-CA013-A0UC(J06720615)  Source-Line:libMvUsb3vTL.so(StreamProcess.cpp-L1426)     Description:Delete one DataNode     Solution:Please confirm that there is a blocking operation when you grab frame
Warning 2025-11-15 19:21:07  DevID:MV-CA013-A0UC(J06720615)  Source-Line:libMvUsb3vTL.so(StreamProcess.cpp-L0844)     Description:[GetOneFrame] PreFrameNum[6035], CurFrameNum[6039]     Solution:
Warning 2025-11-15 19:21:07  DevID:MV-CA013-A0UC(J06720615)  Source-Line:libMvUsb3vTL.so(StreamProcess.cpp-L1426)     Description:Delete one DataNode     Solution:Please confirm that there is a blocking operation when you grab frame
Warning 2025-11-15 19:21:07  DevID:MV-CA013-A0UC(J06720615)  Source-Line:libMvUsb3vTL.so(StreamProcess.cpp-L1426)     Description:Delete one DataNode     Solution:Please confirm that there is a blocking operation when you grab frame
Warning 2025-11-15 19:21:07  DevID:MV-CA013-A0UC(J06720615)  Source-Line:libMvUsb3vTL.so(StreamProcess.cpp-L1426)     Description:Delete one DataNode     Solution:Please confirm that there is a blocking operation when you grab frame
Warning 2025-11-15 19:21:07  DevID:MV-CA013-A0UC(J06720615)  Source-Line:libMvUsb3vTL.so(StreamProcess.cpp-L0844)     Description:[GetOneFrame] PreFrameNum[6039], CurFrameNum[6043]     Solution:
Warning 2025-11-15 19:21:07  DevID:MV-CA013-A0UC(J06720615)  Source-Line:libMvUsb3vTL.so(StreamProcess.cpp-L1426)     Description:Delete one DataNode     Solution:Please confirm that there is a blocking operation when you grab frame
Warning 2025-11-15 19:21:07  DevID:MV-CA013-A0UC(J06720615)  Source-Line:libMvUsb3vTL.so(StreamProcess.cpp-L1426)     Description:Delete one DataNode     Solution:Please confirm that there is a blocking operation when you grab frame
Warning 2025-11-15 19:21:07  DevID:MV-CA013-A0UC(J06720615)  Source-Line:libMvUsb3vTL.so(StreamProcess.cpp-L1426)     Description:Delete one DataNode     Solution:Please confirm that there is a blocking operation when you grab frame
Warning 2025-11-15 19:21:07  DevID:MV-CA013-A0UC(J06720615)  Source-Line:libMvUsb3vTL.so(StreamProcess.cpp-L0844)     Description:[GetOneFrame] PreFrameNum[6043], CurFrameNum[6047]     Solution:
Warning 2025-11-15 19:21:07  DevID:MV-CA013-A0UC(J06720615)  Source-Line:libMvUsb3vTL.so(StreamProcess.cpp-L1426)     Description:Delete one DataNode     Solution:Please confirm that there is a blocking operation when you grab frame
Warning 2025-11-15 19:21:07  DevID:MV-CA013-A0UC(J06720615)  Source-Line:libMvUsb3vTL.so(StreamProcess.cpp-L1426)     Description:Delete one DataNode     Solution:Please confirm that there is a blocking operation when you grab frame
Warning 2025-11-15 19:21:07  DevID:MV-CA013-A0UC(J06720615)  Source-Line:libMvUsb3vTL.so(StreamProcess.cpp-L1426)     Description:Delete one DataNode     Solution:Please confirm that there is a blocking operation when you grab frame
Warning 2025-11-15 19:21:07  DevID:MV-CA013-A0UC(J06720615)  Source-Line:libMvUsb3vTL.so(StreamProcess.cpp-L0844)     Description:[GetOneFrame] PreFrameNum[6047], CurFrameNum[6051]     Solution:
Warning 2025-11-15 19:21:07  DevID:MV-CA013-A0UC(J06720615)  Source-Line:libMvUsb3vTL.so(StreamProcess.cpp-L1426)     Description:Delete one DataNode     Solution:Please confirm that there is a blocking operation when you grab frame
Warning 2025-11-15 19:21:07  DevID:MV-CA013-A0UC(J06720615)  Source-Line:libMvUsb3vTL.so(StreamProcess.cpp-L1426)     Description:Delete one DataNode     Solution:Please confirm that there is a blocking operation when you grab frame
Warning 2025-11-15 19:21:07  DevID:MV-CA013-A0UC(J06720615)  Source-Line:libMvUsb3vTL.so(StreamProcess.cpp-L1426)     Description:Delete one DataNode     Solution:Please confirm that there is a blocking operation when you grab frame
Warning 2025-11-15 19:21:07  DevID:MV-CA013-A0UC(J06720615)  Source-Line:libMvUsb3vTL.so(StreamProcess.cpp-L0844)     Description:[GetOneFrame] PreFrameNum[6051], CurFrameNum[6055]     Solution:
Warning 2025-11-15 19:21:07  DevID:MV-CA013-A0UC(J06720615)  Source-Line:libMvUsb3vTL.so(StreamProcess.cpp-L1426)     Description:Delete one DataNode     Solution:Please confirm that there is a blocking operation when you grab frame
Warning 2025-11-15 19:21:07  DevID:MV-CA013-A0UC(J06720615)  Source-Line:libMvUsb3vTL.so(StreamProcess.cpp-L1426)     Description:Delete one DataNode     Solution:Please confirm that there is a blocking operation when you grab frame
Warning 2025-11-15 19:21:07  DevID:MV-CA013-A0UC(J06720615)  Source-Line:libMvUsb3vTL.so(StreamProcess.cpp-L1426)     Description:Delete one DataNode     Solution:Please confirm that there is a blocking operation when you grab frame
Warning 2025-11-15 19:21:07  DevID:MV-CA013-A0UC(J06720615)  Source-Line:libMvUsb3vTL.so(StreamProcess.cpp-L0844)     Description:[GetOneFrame] PreFrameNum[6055], CurFrameNum[6059]     Solution:
Warning 2025-11-15 19:21:07  DevID:MV-CA013-A0UC(J06720615)  Source-Line:libMvUsb3vTL.so(StreamProcess.cpp-L1426)     Description:Delete one DataNode     Solution:Please confirm that there is a blocking operation when you grab frame
Warning 2025-11-15 19:21:07  DevID:MV-CA013-A0UC(J06720615)  Source-Line:libMvUsb3vTL.so(StreamProcess.cpp-L1426)     Description:Delete one DataNode     Solution:Please confirm that there is a blocking operation when you grab frame
Warning 2025-11-15 19:21:07  DevID:MV-CA013-A0UC(J06720615)  Source-Line:libMvUsb3vTL.so(StreamProcess.cpp-L1426)     Description:Delete one DataNode     Solution:Please confirm that there is a blocking operation when you grab frame
Warning 2025-11-15 19:21:07  DevID:MV-CA013-A0UC(J06720615)  Source-Line:libMvUsb3vTL.so(StreamProcess.cpp-L0844)     Description:[GetOneFrame] PreFrameNum[6059], CurFrameNum[6063]     Solution:
Warning 2025-11-15 19:21:07  DevID:MV-CA013-A0UC(J06720615)  Source-Line:libMvUsb3vTL.so(StreamProcess.cpp-L1426)     Description:Delete one DataNode     Solution:Please confirm that there is a blocking operation when you grab frame
Warning 2025-11-15 19:21:07  DevID:MV-CA013-A0UC(J06720615)  Source-Line:libMvUsb3vTL.so(StreamProcess.cpp-L1426)     Description:Delete one DataNode     Solution:Please confirm that there is a blocking operation when you grab frame
Warning 2025-11-15 19:21:07  DevID:MV-CA013-A0UC(J06720615)  Source-Line:libMvUsb3vTL.so(StreamProcess.cpp-L1426)     Description:Delete one DataNode     Solution:Please confirm that there is a blocking operation when you grab frame
Warning 2025-11-15 19:21:07  DevID:MV-CA013-A0UC(J06720615)  Source-Line:libMvUsb3vTL.so(StreamProcess.cpp-L0844)     Description:[GetOneFrame] PreFrameNum[6063], CurFrameNum[6067]     Solution:
Warning 2025-11-15 19:21:07  DevID:MV-CA013-A0UC(J06720615)  Source-Line:libMvUsb3vTL.so(StreamProcess.cpp-L1426)     Description:Delete one DataNode     Solution:Please confirm that there is a blocking operation when you grab frame
Warning 2025-11-15 19:21:07  DevID:MV-CA013-A0UC(J06720615)  Source-Line:libMvUsb3vTL.so(StreamProcess.cpp-L1426)     Description:Delete one DataNode     Solution:Please confirm that there is a blocking operation when you grab frame
Warning 2025-11-15 19:21:07  DevID:MV-CA013-A0UC(J06720615)  Source-Line:libMvUsb3vTL.so(StreamProcess.cpp-L1426)     Description:Delete one DataNode     Solution:Please confirm that there is a blocking operation when you grab frame
Warning 2025-11-15 19:21:07  DevID:MV-CA013-A0UC(J06720615)  Source-Line:libMvUsb3vTL.so(StreamProcess.cpp-L0844)     Description:[GetOneFrame] PreFrameNum[6067], CurFrameNum[6071]     Solution:
Warning 2025-11-15 19:21:07  DevID:MV-CA013-A0UC(J06720615)  Source-Line:libMvUsb3vTL.so(StreamProcess.cpp-L1426)     Description:Delete one DataNode     Solution:Please confirm that there is a blocking operation when you grab frame
Warning 2025-11-15 19:21:07  DevID:MV-CA013-A0UC(J06720615)  Source-Line:libMvUsb3vTL.so(StreamProcess.cpp-L1426)     Description:Delete one DataNode     Solution:Please confirm that there is a blocking operation when you grab frame
Warning 2025-11-15 19:21:07  DevID:MV-CA013-A0UC(J06720615)  Source-Line:libMvUsb3vTL.so(StreamProcess.cpp-L1426)     Description:Delete one DataNode     Solution:Please confirm that there is a blocking operation when you grab frame
Warning 2025-11-15 19:21:07  DevID:MV-CA013-A0UC(J06720615)  Source-Line:libMvUsb3vTL.so(StreamProcess.cpp-L0844)     Description:[GetOneFrame] PreFrameNum[6071], CurFrameNum[6075]     Solution:
Warning 2025-11-15 19:21:07  DevID:MV-CA013-A0UC(J06720615)  Source-Line:libMvUsb3vTL.so(StreamProcess.cpp-L1426)     Description:Delete one DataNode     Solution:Please confirm that there is a blocking operation when you grab frame
Warning 2025-11-15 19:21:07  DevID:MV-CA013-A0UC(J06720615)  Source-Line:libMvUsb3vTL.so(StreamProcess.cpp-L1426)     Description:Delete one DataNode     Solution:Please confirm that there is a blocking operation when you grab frame
Warning 2025-11-15 19:21:07  DevID:MV-CA013-A0UC(J06720615)  Source-Line:libMvUsb3vTL.so(StreamProcess.cpp-L1426)     Description:Delete one DataNode     Solution:Please confirm that there is a blocking operation when you grab frame
Warning 2025-11-15 19:21:07  DevID:MV-CA013-A0UC(J06720615)  Source-Line:libMvUsb3vTL.so(StreamProcess.cpp-L0844)     Description:[GetOneFrame] PreFrameNum[6075], CurFrameNum[6079]     Solution:
Warning 2025-11-15 19:21:07  DevID:MV-CA013-A0UC(J06720615)  Source-Line:libMvUsb3vTL.so(StreamProcess.cpp-L1426)     Description:Delete one DataNode     Solution:Please confirm that there is a blocking operation when you grab frame
Warning 2025-11-15 19:21:07  DevID:MV-CA013-A0UC(J06720615)  Source-Line:libMvUsb3vTL.so(StreamProcess.cpp-L1426)     Description:Delete one DataNode     Solution:Please confirm that there is a blocking operation when you grab frame
Warning 2025-11-15 19:21:07  DevID:MV-CA013-A0UC(J06720615)  Source-Line:libMvUsb3vTL.so(StreamProcess.cpp-L1426)     Description:Delete one DataNode     Solution:Please confirm that there is a blocking operation when you grab frame
Warning 2025-11-15 19:21:07  DevID:MV-CA013-A0UC(J06720615)  Source-Line:libMvUsb3vTL.so(StreamProcess.cpp-L0844)     Description:[GetOneFrame] PreFrameNum[6079], CurFrameNum[6083]     Solution:
Warning 2025-11-15 19:21:07  DevID:MV-CA013-A0UC(J06720615)  Source-Line:libMvUsb3vTL.so(StreamProcess.cpp-L1426)     Description:Delete one DataNode     Solution:Please confirm that there is a blocking operation when you grab frame
Warning 2025-11-15 19:21:07  DevID:MV-CA013-A0UC(J06720615)  Source-Line:libMvUsb3vTL.so(StreamProcess.cpp-L1426)     Description:Delete one DataNode     Solution:Please confirm that there is a blocking operation when you grab frame
Warning 2025-11-15 19:21:07  DevID:MV-CA013-A0UC(J06720615)  Source-Line:libMvUsb3vTL.so(StreamProcess.cpp-L1426)     Description:Delete one DataNode     Solution:Please confirm that there is a blocking operation when you grab frame
Warning 2025-11-15 19:21:07  DevID:MV-CA013-A0UC(J06720615)  Source-Line:libMvUsb3vTL.so(StreamProcess.cpp-L0844)     Description:[GetOneFrame] PreFrameNum[6083], CurFrameNum[6087]     Solution:
Warning 2025-11-15 19:21:07  DevID:MV-CA013-A0UC(J06720615)  Source-Line:libMvUsb3vTL.so(StreamProcess.cpp-L1426)     Description:Delete one DataNode     Solution:Please confirm that there is a blocking operation when you grab frame
Warning 2025-11-15 19:21:07  DevID:MV-CA013-A0UC(J06720615)  Source-Line:libMvUsb3vTL.so(StreamProcess.cpp-L1426)     Description:Delete one DataNode     Solution:Please confirm that there is a blocking operation when you grab frame
Warning 2025-11-15 19:21:07  DevID:MV-CA013-A0UC(J06720615)  Source-Line:libMvUsb3vTL.so(StreamProcess.cpp-L1426)     Description:Delete one DataNode     Solution:Please confirm that there is a blocking operation when you grab frame
Warning 2025-11-15 19:21:07  DevID:MV-CA013-A0UC(J06720615)  Source-Line:libMvUsb3vTL.so(StreamProcess.cpp-L0844)     Description:[GetOneFrame] PreFrameNum[6087], CurFrameNum[6091]     Solution:
Warning 2025-11-15 19:21:07  DevID:MV-CA013-A0UC(J06720615)  Source-Line:libMvUsb3vTL.so(StreamProcess.cpp-L1426)     Description:Delete one DataNode     Solution:Please confirm that there is a blocking operation when you grab frame
Warning 2025-11-15 19:21:07  DevID:MV-CA013-A0UC(J06720615)  Source-Line:libMvUsb3vTL.so(StreamProcess.cpp-L1426)     Description:Delete one DataNode     Solution:Please confirm that there is a blocking operation when you grab frame
Warning 2025-11-15 19:21:07  DevID:MV-CA013-A0UC(J06720615)  Source-Line:libMvUsb3vTL.so(StreamProcess.cpp-L1426)     Description:Delete one DataNode     Solution:Please confirm that there is a blocking operation when you grab frame
Warning 2025-11-15 19:21:07  DevID:MV-CA013-A0UC(J06720615)  Source-Line:libMvUsb3vTL.so(StreamProcess.cpp-L0844)     Description:[GetOneFrame] PreFrameNum[6091], CurFrameNum[6095]     Solution:
Warning 2025-11-15 19:21:07  DevID:MV-CA013-A0UC(J06720615)  Source-Line:libMvUsb3vTL.so(StreamProcess.cpp-L1426)     Description:Delete one DataNode     Solution:Please confirm that there is a blocking operation when you grab frame
Warning 2025-11-15 19:21:07  DevID:MV-CA013-A0UC(J06720615)  Source-Line:libMvUsb3vTL.so(StreamProcess.cpp-L1426)     Description:Delete one DataNode     Solution:Please confirm that there is a blocking operation when you grab frame
Warning 2025-11-15 19:21:07  DevID:MV-CA013-A0UC(J06720615)  Source-Line:libMvUsb3vTL.so(StreamProcess.cpp-L1426)     Description:Delete one DataNode     Solution:Please confirm that there is a blocking operation when you grab frame
Warning 2025-11-15 19:21:07  DevID:MV-CA013-A0UC(J06720615)  Source-Line:libMvUsb3vTL.so(StreamProcess.cpp-L0844)     Description:[GetOneFrame] PreFrameNum[6095], CurFrameNum[6099]     Solution:
Warning 2025-11-15 19:21:07  DevID:MV-CA013-A0UC(J06720615)  Source-Line:libMvUsb3vTL.so(StreamProcess.cpp-L1426)     Description:Delete one DataNode     Solution:Please confirm that there is a blocking operation when you grab frame
Warning 2025-11-15 19:21:07  DevID:MV-CA013-A0UC(J06720615)  Source-Line:libMvUsb3vTL.so(StreamProcess.cpp-L1426)     Description:Delete one DataNode     Solution:Please confirm that there is a blocking operation when you grab frame
Warning 2025-11-15 19:21:07  DevID:MV-CA013-A0UC(J06720615)  Source-Line:libMvUsb3vTL.so(StreamProcess.cpp-L1426)     Description:Delete one DataNode     Solution:Please confirm that there is a blocking operation when you grab frame
Warning 2025-11-15 19:21:07  DevID:MV-CA013-A0UC(J06720615)  Source-Line:libMvUsb3vTL.so(StreamProcess.cpp-L0844)     Description:[GetOneFrame] PreFrameNum[6099], CurFrameNum[6103]     Solution:
Warning 2025-11-15 19:21:07  DevID:MV-CA013-A0UC(J06720615)  Source-Line:libMvUsb3vTL.so(StreamProcess.cpp-L1426)     Description:Delete one DataNode     Solution:Please confirm that there is a blocking operation when you grab frame
Warning 2025-11-15 19:21:07  DevID:MV-CA013-A0UC(J06720615)  Source-Line:libMvUsb3vTL.so(StreamProcess.cpp-L1426)     Description:Delete one DataNode     Solution:Please confirm that there is a blocking operation when you grab frame
Warning 2025-11-15 19:21:07  DevID:MV-CA013-A0UC(J06720615)  Source-Line:libMvUsb3vTL.so(StreamProcess.cpp-L1426)     Description:Delete one DataNode     Solution:Please confirm that there is a blocking operation when you grab frame
Warning 2025-11-15 19:21:07  DevID:MV-CA013-A0UC(J06720615)  Source-Line:libMvUsb3vTL.so(StreamProcess.cpp-L0844)     Description:[GetOneFrame] PreFrameNum[6103], CurFrameNum[6107]     Solution:
Warning 2025-11-15 19:21:07  DevID:MV-CA013-A0UC(J06720615)  Source-Line:libMvUsb3vTL.so(StreamProcess.cpp-L1426)     Description:Delete one DataNode     Solution:Please confirm that there is a blocking operation when you grab frame
Warning 2025-11-15 19:21:07  DevID:MV-CA013-A0UC(J06720615)  Source-Line:libMvUsb3vTL.so(StreamProcess.cpp-L1426)     Description:Delete one DataNode     Solution:Please confirm that there is a blocking operation when you grab frame
Warning 2025-11-15 19:21:07  DevID:MV-CA013-A0UC(J06720615)  Source-Line:libMvUsb3vTL.so(StreamProcess.cpp-L1426)     Description:Delete one DataNode     Solution:Please confirm that there is a blocking operation when you grab frame
Warning 2025-11-15 19:21:07  DevID:MV-CA013-A0UC(J06720615)  Source-Line:libMvUsb3vTL.so(StreamProcess.cpp-L0844)     Description:[GetOneFrame] PreFrameNum[6107], CurFrameNum[6111]     Solution:
Warning 2025-11-15 19:21:07  DevID:MV-CA013-A0UC(J06720615)  Source-Line:libMvUsb3vTL.so(StreamProcess.cpp-L1426)     Description:Delete one DataNode     Solution:Please confirm that there is a blocking operation when you grab frame
Warning 2025-11-15 19:21:07  DevID:MV-CA013-A0UC(J06720615)  Source-Line:libMvUsb3vTL.so(StreamProcess.cpp-L1426)     Description:Delete one DataNode     Solution:Please confirm that there is a blocking operation when you grab frame
Warning 2025-11-15 19:21:07  DevID:MV-CA013-A0UC(J06720615)  Source-Line:libMvUsb3vTL.so(StreamProcess.cpp-L1426)     Description:Delete one DataNode     Solution:Please confirm that there is a blocking operation when you grab frame
Warning 2025-11-15 19:21:07  DevID:MV-CA013-A0UC(J06720615)  Source-Line:libMvUsb3vTL.so(StreamProcess.cpp-L0844)     Description:[GetOneFrame] PreFrameNum[6111], CurFrameNum[6115]     Solution:
Warning 2025-11-15 19:21:07  DevID:MV-CA013-A0UC(J06720615)  Source-Line:libMvUsb3vTL.so(StreamProcess.cpp-L1426)     Description:Delete one DataNode     Solution:Please confirm that there is a blocking operation when you grab frame
Warning 2025-11-15 19:21:07  DevID:MV-CA013-A0UC(J06720615)  Source-Line:libMvUsb3vTL.so(StreamProcess.cpp-L1426)     Description:Delete one DataNode     Solution:Please confirm that there is a blocking operation when you grab frame
Warning 2025-11-15 19:21:07  DevID:MV-CA013-A0UC(J06720615)  Source-Line:libMvUsb3vTL.so(StreamProcess.cpp-L1426)     Description:Delete one DataNode     Solution:Please confirm that there is a blocking operation when you grab frame
Warning 2025-11-15 19:21:07  DevID:MV-CA013-A0UC(J06720615)  Source-Line:libMvUsb3vTL.so(StreamProcess.cpp-L0844)     Description:[GetOneFrame] PreFrameNum[6115], CurFrameNum[6119]     Solution:
Warning 2025-11-15 19:21:07  DevID:MV-CA013-A0UC(J06720615)  Source-Line:libMvUsb3vTL.so(StreamProcess.cpp-L1426)     Description:Delete one DataNode     Solution:Please confirm that there is a blocking operation when you grab frame
Warning 2025-11-15 19:21:07  DevID:MV-CA013-A0UC(J06720615)  Source-Line:libMvUsb3vTL.so(StreamProcess.cpp-L1426)     Description:Delete one DataNode     Solution:Please confirm that there is a blocking operation when you grab frame
Warning 2025-11-15 19:21:07  DevID:MV-CA013-A0UC(J06720615)  Source-Line:libMvUsb3vTL.so(StreamProcess.cpp-L1426)     Description:Delete one DataNode     Solution:Please confirm that there is a blocking operation when you grab frame
Warning 2025-11-15 19:21:07  DevID:MV-CA013-A0UC(J06720615)  Source-Line:libMvUsb3vTL.so(StreamProcess.cpp-L0844)     Description:[GetOneFrame] PreFrameNum[6119], CurFrameNum[6123]     Solution:
Warning 2025-11-15 19:21:07  DevID:MV-CA013-A0UC(J06720615)  Source-Line:libMvUsb3vTL.so(StreamProcess.cpp-L1426)     Description:Delete one DataNode     Solution:Please confirm that there is a blocking operation when you grab frame
Warning 2025-11-15 19:21:07  DevID:MV-CA013-A0UC(J06720615)  Source-Line:libMvUsb3vTL.so(StreamProcess.cpp-L1426)     Description:Delete one DataNode     Solution:Please confirm that there is a blocking operation when you grab frame
Warning 2025-11-15 19:21:07  DevID:MV-CA013-A0UC(J06720615)  Source-Line:libMvUsb3vTL.so(StreamProcess.cpp-L1426)     Description:Delete one DataNode     Solution:Please confirm that there is a blocking operation when you grab frame
Warning 2025-11-15 19:21:07  DevID:MV-CA013-A0UC(J06720615)  Source-Line:libMvUsb3vTL.so(StreamProcess.cpp-L0844)     Description:[GetOneFrame] PreFrameNum[6123], CurFrameNum[6127]     Solution:
Warning 2025-11-15 19:21:07  DevID:MV-CA013-A0UC(J06720615)  Source-Line:libMvUsb3vTL.so(StreamProcess.cpp-L1426)     Description:Delete one DataNode     Solution:Please confirm that there is a blocking operation when you grab frame
Warning 2025-11-15 19:21:07  DevID:MV-CA013-A0UC(J06720615)  Source-Line:libMvUsb3vTL.so(StreamProcess.cpp-L1426)     Description:Delete one DataNode     Solution:Please confirm that there is a blocking operation when you grab frame
Warning 2025-11-15 19:21:07  DevID:MV-CA013-A0UC(J06720615)  Source-Line:libMvUsb3vTL.so(StreamProcess.cpp-L1426)     Description:Delete one DataNode     Solution:Please confirm that there is a blocking operation when you grab frame
Warning 2025-11-15 19:21:07  DevID:MV-CA013-A0UC(J06720615)  Source-Line:libMvUsb3vTL.so(StreamProcess.cpp-L0844)     Description:[GetOneFrame] PreFrameNum[6127], CurFrameNum[6131]     Solution:
Warning 2025-11-15 19:21:07  DevID:MV-CA013-A0UC(J06720615)  Source-Line:libMvUsb3vTL.so(StreamProcess.cpp-L1426)     Description:Delete one DataNode     Solution:Please confirm that there is a blocking operation when you grab frame
Warning 2025-11-15 19:21:07  DevID:MV-CA013-A0UC(J06720615)  Source-Line:libMvUsb3vTL.so(StreamProcess.cpp-L1426)     Description:Delete one DataNode     Solution:Please confirm that there is a blocking operation when you grab frame
Warning 2025-11-15 19:21:07  DevID:MV-CA013-A0UC(J06720615)  Source-Line:libMvUsb3vTL.so(StreamProcess.cpp-L1426)     Description:Delete one DataNode     Solution:Please confirm that there is a blocking operation when you grab frame
Warning 2025-11-15 19:21:07  DevID:MV-CA013-A0UC(J06720615)  Source-Line:libMvUsb3vTL.so(StreamProcess.cpp-L0844)     Description:[GetOneFrame] PreFrameNum[6131], CurFrameNum[6135]     Solution:
Warning 2025-11-15 19:21:07  DevID:MV-CA013-A0UC(J06720615)  Source-Line:libMvUsb3vTL.so(StreamProcess.cpp-L1426)     Description:Delete one DataNode     Solution:Please confirm that there is a blocking operation when you grab frame
Warning 2025-11-15 19:21:07  DevID:MV-CA013-A0UC(J06720615)  Source-Line:libMvUsb3vTL.so(StreamProcess.cpp-L1426)     Description:Delete one DataNode     Solution:Please confirm that there is a blocking operation when you grab frame
Warning 2025-11-15 19:21:07  DevID:MV-CA013-A0UC(J06720615)  Source-Line:libMvUsb3vTL.so(StreamProcess.cpp-L1426)     Description:Delete one DataNode     Solution:Please confirm that there is a blocking operation when you grab frame
Warning 2025-11-15 19:21:07  DevID:MV-CA013-A0UC(J06720615)  Source-Line:libMvUsb3vTL.so(StreamProcess.cpp-L0844)     Description:[GetOneFrame] PreFrameNum[6135], CurFrameNum[6139]     Solution:
Warning 2025-11-15 19:21:07  DevID:MV-CA013-A0UC(J06720615)  Source-Line:libMvUsb3vTL.so(StreamProcess.cpp-L1426)     Description:Delete one DataNode     Solution:Please confirm that there is a blocking operation when you grab frame
Warning 2025-11-15 19:21:07  DevID:MV-CA013-A0UC(J06720615)  Source-Line:libMvUsb3vTL.so(StreamProcess.cpp-L1426)     Description:Delete one DataNode     Solution:Please confirm that there is a blocking operation when you grab frame
Warning 2025-11-15 19:21:07  DevID:MV-CA013-A0UC(J06720615)  Source-Line:libMvUsb3vTL.so(StreamProcess.cpp-L1426)     Description:Delete one DataNode     Solution:Please confirm that there is a blocking operation when you grab frame
Warning 2025-11-15 19:21:07  DevID:MV-CA013-A0UC(J06720615)  Source-Line:libMvUsb3vTL.so(StreamProcess.cpp-L0844)     Description:[GetOneFrame] PreFrameNum[6139], CurFrameNum[6143]     Solution:
Warning 2025-11-15 19:21:07  DevID:MV-CA013-A0UC(J06720615)  Source-Line:libMvUsb3vTL.so(StreamProcess.cpp-L1426)     Description:Delete one DataNode     Solution:Please confirm that there is a blocking operation when you grab frame
Warning 2025-11-15 19:21:07  DevID:MV-CA013-A0UC(J06720615)  Source-Line:libMvUsb3vTL.so(StreamProcess.cpp-L1426)     Description:Delete one DataNode     Solution:Please confirm that there is a blocking operation when you grab frame
Warning 2025-11-15 19:21:07  DevID:MV-CA013-A0UC(J06720615)  Source-Line:libMvUsb3vTL.so(StreamProcess.cpp-L1426)     Description:Delete one DataNode     Solution:Please confirm that there is a blocking operation when you grab frame
Warning 2025-11-15 19:21:07  DevID:MV-CA013-A0UC(J06720615)  Source-Line:libMvUsb3vTL.so(StreamProcess.cpp-L0844)     Description:[GetOneFrame] PreFrameNum[6143], CurFrameNum[6147]     Solution:
Warning 2025-11-15 19:21:07  DevID:MV-CA013-A0UC(J06720615)  Source-Line:libMvUsb3vTL.so(StreamProcess.cpp-L1426)     Description:Delete one DataNode     Solution:Please confirm that there is a blocking operation when you grab frame
Warning 2025-11-15 19:21:07  DevID:MV-CA013-A0UC(J06720615)  Source-Line:libMvUsb3vTL.so(StreamProcess.cpp-L1426)     Description:Delete one DataNode     Solution:Please confirm that there is a blocking operation when you grab frame
Warning 2025-11-15 19:21:07  DevID:MV-CA013-A0UC(J06720615)  Source-Line:libMvUsb3vTL.so(StreamProcess.cpp-L1426)     Description:Delete one DataNode     Solution:Please confirm that there is a blocking operation when you grab frame
Warning 2025-11-15 19:21:07  DevID:MV-CA013-A0UC(J06720615)  Source-Line:libMvUsb3vTL.so(StreamProcess.cpp-L0844)     Description:[GetOneFrame] PreFrameNum[6147], CurFrameNum[6151]     Solution:
Warning 2025-11-15 19:21:07  DevID:MV-CA013-A0UC(J06720615)  Source-Line:libMvUsb3vTL.so(StreamProcess.cpp-L1426)     Description:Delete one DataNode     Solution:Please confirm that there is a blocking operation when you grab frame
Warning 2025-11-15 19:21:07  DevID:MV-CA013-A0UC(J06720615)  Source-Line:libMvUsb3vTL.so(StreamProcess.cpp-L1426)     Description:Delete one DataNode     Solution:Please confirm that there is a blocking operation when you grab frame
Warning 2025-11-15 19:21:07  DevID:MV-CA013-A0UC(J06720615)  Source-Line:libMvUsb3vTL.so(StreamProcess.cpp-L1426)     Description:Delete one DataNode     Solution:Please confirm that there is a blocking operation when you grab frame
Warning 2025-11-15 19:21:07  DevID:MV-CA013-A0UC(J06720615)  Source-Line:libMvUsb3vTL.so(StreamProcess.cpp-L0844)     Description:[GetOneFrame] PreFrameNum[6151], CurFrameNum[6155]     Solution:
Warning 2025-11-15 19:21:07  DevID:MV-CA013-A0UC(J06720615)  Source-Line:libMvUsb3vTL.so(StreamProcess.cpp-L1426)     Description:Delete one DataNode     Solution:Please confirm that there is a blocking operation when you grab frame
Warning 2025-11-15 19:21:07  DevID:MV-CA013-A0UC(J06720615)  Source-Line:libMvUsb3vTL.so(StreamProcess.cpp-L1426)     Description:Delete one DataNode     Solution:Please confirm that there is a blocking operation when you grab frame
Warning 2025-11-15 19:21:07  DevID:MV-CA013-A0UC(J06720615)  Source-Line:libMvUsb3vTL.so(StreamProcess.cpp-L1426)     Description:Delete one DataNode     Solution:Please confirm that there is a blocking operation when you grab frame
Warning 2025-11-15 19:21:07  DevID:MV-CA013-A0UC(J06720615)  Source-Line:libMvUsb3vTL.so(StreamProcess.cpp-L0844)     Description:[GetOneFrame] PreFrameNum[6155], CurFrameNum[6159]     Solution:
Warning 2025-11-15 19:21:07  DevID:MV-CA013-A0UC(J06720615)  Source-Line:libMvUsb3vTL.so(StreamProcess.cpp-L1426)     Description:Delete one DataNode     Solution:Please confirm that there is a blocking operation when you grab frame
Warning 2025-11-15 19:21:07  DevID:MV-CA013-A0UC(J06720615)  Source-Line:libMvUsb3vTL.so(StreamProcess.cpp-L1426)     Description:Delete one DataNode     Solution:Please confirm that there is a blocking operation when you grab frame
Warning 2025-11-15 19:21:07  DevID:MV-CA013-A0UC(J06720615)  Source-Line:libMvUsb3vTL.so(StreamProcess.cpp-L1426)     Description:Delete one DataNode     Solution:Please confirm that there is a blocking operation when you grab frame
Warning 2025-11-15 19:21:07  DevID:MV-CA013-A0UC(J06720615)  Source-Line:libMvUsb3vTL.so(StreamProcess.cpp-L0844)     Description:[GetOneFrame] PreFrameNum[6159], CurFrameNum[6163]     Solution:
Warning 2025-11-15 19:21:07  DevID:MV-CA013-A0UC(J06720615)  Source-Line:libMvUsb3vTL.so(StreamProcess.cpp-L1426)     Description:Delete one DataNode     Solution:Please confirm that there is a blocking operation when you grab frame
Warning 2025-11-15 19:21:07  DevID:MV-CA013-A0UC(J06720615)  Source-Line:libMvUsb3vTL.so(StreamProcess.cpp-L1426)     Description:Delete one DataNode     Solution:Please confirm that there is a blocking operation when you grab frame
Warning 2025-11-15 19:21:07  DevID:MV-CA013-A0UC(J06720615)  Source-Line:libMvUsb3vTL.so(StreamProcess.cpp-L1426)     Description:Delete one DataNode     Solution:Please confirm that there is a blocking operation when you grab frame
Warning 2025-11-15 19:21:07  DevID:MV-CA013-A0UC(J06720615)  Source-Line:libMvUsb3vTL.so(StreamProcess.cpp-L0844)     Description:[GetOneFrame] PreFrameNum[6163], CurFrameNum[6167]     Solution:
Warning 2025-11-15 19:21:07  DevID:MV-CA013-A0UC(J06720615)  Source-Line:libMvUsb3vTL.so(StreamProcess.cpp-L1426)     Description:Delete one DataNode     Solution:Please confirm that there is a blocking operation when you grab frame
Warning 2025-11-15 19:21:07  DevID:MV-CA013-A0UC(J06720615)  Source-Line:libMvUsb3vTL.so(StreamProcess.cpp-L1426)     Description:Delete one DataNode     Solution:Please confirm that there is a blocking operation when you grab frame
Warning 2025-11-15 19:21:07  DevID:MV-CA013-A0UC(J06720615)  Source-Line:libMvUsb3vTL.so(StreamProcess.cpp-L1426)     Description:Delete one DataNode     Solution:Please confirm that there is a blocking operation when you grab frame
Warning 2025-11-15 19:21:07  DevID:MV-CA013-A0UC(J06720615)  Source-Line:libMvUsb3vTL.so(StreamProcess.cpp-L0844)     Description:[GetOneFrame] PreFrameNum[6167], CurFrameNum[6171]     Solution:
Warning 2025-11-15 19:21:07  DevID:MV-CA013-A0UC(J06720615)  Source-Line:libMvUsb3vTL.so(StreamProcess.cpp-L1426)     Description:Delete one DataNode     Solution:Please confirm that there is a blocking operation when you grab frame
Warning 2025-11-15 19:21:07  DevID:MV-CA013-A0UC(J06720615)  Source-Line:libMvUsb3vTL.so(StreamProcess.cpp-L1426)     Description:Delete one DataNode     Solution:Please confirm that there is a blocking operation when you grab frame
Warning 2025-11-15 19:21:07  DevID:MV-CA013-A0UC(J06720615)  Source-Line:libMvUsb3vTL.so(StreamProcess.cpp-L1426)     Description:Delete one DataNode     Solution:Please confirm that there is a blocking operation when you grab frame
Warning 2025-11-15 19:21:07  DevID:MV-CA013-A0UC(J06720615)  Source-Line:libMvUsb3vTL.so(StreamProcess.cpp-L0844)     Description:[GetOneFrame] PreFrameNum[6171], CurFrameNum[6175]     Solution:
Warning 2025-11-15 19:21:07  DevID:MV-CA013-A0UC(J06720615)  Source-Line:libMvUsb3vTL.so(StreamProcess.cpp-L1426)     Description:Delete one DataNode     Solution:Please confirm that there is a blocking operation when you grab frame
Warning 2025-11-15 19:21:07  DevID:MV-CA013-A0UC(J06720615)  Source-Line:libMvUsb3vTL.so(StreamProcess.cpp-L1426)     Description:Delete one DataNode     Solution:Please confirm that there is a blocking operation when you grab frame
Warning 2025-11-15 19:21:07  DevID:MV-CA013-A0UC(J06720615)  Source-Line:libMvUsb3vTL.so(StreamProcess.cpp-L1426)     Description:Delete one DataNode     Solution:Please confirm that there is a blocking operation when you grab frame
Warning 2025-11-15 19:21:07  DevID:MV-CA013-A0UC(J06720615)  Source-Line:libMvUsb3vTL.so(StreamProcess.cpp-L0844)     Description:[GetOneFrame] PreFrameNum[6175], CurFrameNum[6179]     Solution:
Warning 2025-11-15 19:21:07  DevID:MV-CA013-A0UC(J06720615)  Source-Line:libMvUsb3vTL.so(StreamProcess.cpp-L1426)     Description:Delete one DataNode     Solution:Please confirm that there is a blocking operation when you grab frame
Warning 2025-11-15 19:21:07  DevID:MV-CA013-A0UC(J06720615)  Source-Line:libMvUsb3vTL.so(StreamProcess.cpp-L1426)     Description:Delete one DataNode     Solution:Please confirm that there is a blocking operation when you grab frame
Warning 2025-11-15 19:21:07  DevID:MV-CA013-A0UC(J06720615)  Source-Line:libMvUsb3vTL.so(StreamProcess.cpp-L1426)     Description:Delete one DataNode     Solution:Please confirm that there is a blocking operation when you grab frame
Warning 2025-11-15 19:21:07  DevID:MV-CA013-A0UC(J06720615)  Source-Line:libMvUsb3vTL.so(StreamProcess.cpp-L0844)     Description:[GetOneFrame] PreFrameNum[6179], CurFrameNum[6183]     Solution:
Warning 2025-11-15 19:21:07  DevID:MV-CA013-A0UC(J06720615)  Source-Line:libMvUsb3vTL.so(StreamProcess.cpp-L1426)     Description:Delete one DataNode     Solution:Please confirm that there is a blocking operation when you grab frame
Warning 2025-11-15 19:21:07  DevID:MV-CA013-A0UC(J06720615)  Source-Line:libMvUsb3vTL.so(StreamProcess.cpp-L1426)     Description:Delete one DataNode     Solution:Please confirm that there is a blocking operation when you grab frame
Warning 2025-11-15 19:21:07  DevID:MV-CA013-A0UC(J06720615)  Source-Line:libMvUsb3vTL.so(StreamProcess.cpp-L1426)     Description:Delete one DataNode     Solution:Please confirm that there is a blocking operation when you grab frame
Warning 2025-11-15 19:21:07  DevID:MV-CA013-A0UC(J06720615)  Source-Line:libMvUsb3vTL.so(StreamProcess.cpp-L0844)     Description:[GetOneFrame] PreFrameNum[6183], CurFrameNum[6187]     Solution:
Warning 2025-11-15 19:21:07  DevID:MV-CA013-A0UC(J06720615)  Source-Line:libMvUsb3vTL.so(StreamProcess.cpp-L1426)     Description:Delete one DataNode     Solution:Please confirm that there is a blocking operation when you grab frame
Warning 2025-11-15 19:21:07  DevID:MV-CA013-A0UC(J06720615)  Source-Line:libMvUsb3vTL.so(StreamProcess.cpp-L1426)     Description:Delete one DataNode     Solution:Please confirm that there is a blocking operation when you grab frame
Warning 2025-11-15 19:21:07  DevID:MV-CA013-A0UC(J06720615)  Source-Line:libMvUsb3vTL.so(StreamProcess.cpp-L1426)     Description:Delete one DataNode     Solution:Please confirm that there is a blocking operation when you grab frame
Warning 2025-11-15 19:21:07  DevID:MV-CA013-A0UC(J06720615)  Source-Line:libMvUsb3vTL.so(StreamProcess.cpp-L0844)     Description:[GetOneFrame] PreFrameNum[6187], CurFrameNum[6191]     Solution:
Warning 2025-11-15 19:21:07  DevID:MV-CA013-A0UC(J06720615)  Source-Line:libMvUsb3vTL.so(StreamProcess.cpp-L1426)     Description:Delete one DataNode     Solution:Please confirm that there is a blocking operation when you grab frame
Warning 2025-11-15 19:21:07  DevID:MV-CA013-A0UC(J06720615)  Source-Line:libMvUsb3vTL.so(StreamProcess.cpp-L1426)     Description:Delete one DataNode     Solution:Please confirm that there is a blocking operation when you grab frame
Warning 2025-11-15 19:21:07  DevID:MV-CA013-A0UC(J06720615)  Source-Line:libMvUsb3vTL.so(StreamProcess.cpp-L1426)     Description:Delete one DataNode     Solution:Please confirm that there is a blocking operation when you grab frame
Warning 2025-11-15 19:21:07  DevID:MV-CA013-A0UC(J06720615)  Source-Line:libMvUsb3vTL.so(StreamProcess.cpp-L0844)     Description:[GetOneFrame] PreFrameNum[6191], CurFrameNum[6195]     Solution:
Warning 2025-11-15 19:21:07  DevID:MV-CA013-A0UC(J06720615)  Source-Line:libMvUsb3vTL.so(StreamProcess.cpp-L1426)     Description:Delete one DataNode     Solution:Please confirm that there is a blocking operation when you grab frame
Warning 2025-11-15 19:21:07  DevID:MV-CA013-A0UC(J06720615)  Source-Line:libMvUsb3vTL.so(StreamProcess.cpp-L1426)     Description:Delete one DataNode     Solution:Please confirm that there is a blocking operation when you grab frame
Warning 2025-11-15 19:21:07  DevID:MV-CA013-A0UC(J06720615)  Source-Line:libMvUsb3vTL.so(StreamProcess.cpp-L1426)     Description:Delete one DataNode     Solution:Please confirm that there is a blocking operation when you grab frame
Warning 2025-11-15 19:21:07  DevID:MV-CA013-A0UC(J06720615)  Source-Line:libMvUsb3vTL.so(StreamProcess.cpp-L0844)     Description:[GetOneFrame] PreFrameNum[6195], CurFrameNum[6199]     Solution:
Warning 2025-11-15 19:21:07  DevID:MV-CA013-A0UC(J06720615)  Source-Line:libMvUsb3vTL.so(StreamProcess.cpp-L1426)     Description:Delete one DataNode     Solution:Please confirm that there is a blocking operation when you grab frame
Warning 2025-11-15 19:21:07  DevID:MV-CA013-A0UC(J06720615)  Source-Line:libMvUsb3vTL.so(StreamProcess.cpp-L1426)     Description:Delete one DataNode     Solution:Please confirm that there is a blocking operation when you grab frame
Warning 2025-11-15 19:21:07  DevID:MV-CA013-A0UC(J06720615)  Source-Line:libMvUsb3vTL.so(StreamProcess.cpp-L1426)     Description:Delete one DataNode     Solution:Please confirm that there is a blocking operation when you grab frame
Warning 2025-11-15 19:21:07  DevID:MV-CA013-A0UC(J06720615)  Source-Line:libMvUsb3vTL.so(StreamProcess.cpp-L0844)     Description:[GetOneFrame] PreFrameNum[6199], CurFrameNum[6203]     Solution:
Warning 2025-11-15 19:21:07  DevID:MV-CA013-A0UC(J06720615)  Source-Line:libMvUsb3vTL.so(StreamProcess.cpp-L1426)     Description:Delete one DataNode     Solution:Please confirm that there is a blocking operation when you grab frame
Warning 2025-11-15 19:21:07  DevID:MV-CA013-A0UC(J06720615)  Source-Line:libMvUsb3vTL.so(StreamProcess.cpp-L1426)     Description:Delete one DataNode     Solution:Please confirm that there is a blocking operation when you grab frame
Warning 2025-11-15 19:21:07  DevID:MV-CA013-A0UC(J06720615)  Source-Line:libMvUsb3vTL.so(StreamProcess.cpp-L1426)     Description:Delete one DataNode     Solution:Please confirm that there is a blocking operation when you grab frame
Warning 2025-11-15 19:21:07  DevID:MV-CA013-A0UC(J06720615)  Source-Line:libMvUsb3vTL.so(StreamProcess.cpp-L0844)     Description:[GetOneFrame] PreFrameNum[6203], CurFrameNum[6207]     Solution:
Warning 2025-11-15 19:21:07  DevID:MV-CA013-A0UC(J06720615)  Source-Line:libMvUsb3vTL.so(StreamProcess.cpp-L1426)     Description:Delete one DataNode     Solution:Please confirm that there is a blocking operation when you grab frame
Warning 2025-11-15 19:21:07  DevID:MV-CA013-A0UC(J06720615)  Source-Line:libMvUsb3vTL.so(StreamProcess.cpp-L1426)     Description:Delete one DataNode     Solution:Please confirm that there is a blocking operation when you grab frame
Warning 2025-11-15 19:21:07  DevID:MV-CA013-A0UC(J06720615)  Source-Line:libMvUsb3vTL.so(StreamProcess.cpp-L1426)     Description:Delete one DataNode     Solution:Please confirm that there is a blocking operation when you grab frame
Warning 2025-11-15 19:21:07  DevID:MV-CA013-A0UC(J06720615)  Source-Line:libMvUsb3vTL.so(StreamProcess.cpp-L0844)     Description:[GetOneFrame] PreFrameNum[6207], CurFrameNum[6211]     Solution:
Warning 2025-11-15 19:21:07  DevID:MV-CA013-A0UC(J06720615)  Source-Line:libMvUsb3vTL.so(StreamProcess.cpp-L1426)     Description:Delete one DataNode     Solution:Please confirm that there is a blocking operation when you grab frame
Warning 2025-11-15 19:21:07  DevID:MV-CA013-A0UC(J06720615)  Source-Line:libMvUsb3vTL.so(StreamProcess.cpp-L1426)     Description:Delete one DataNode     Solution:Please confirm that there is a blocking operation when you grab frame
Warning 2025-11-15 19:21:07  DevID:MV-CA013-A0UC(J06720615)  Source-Line:libMvUsb3vTL.so(StreamProcess.cpp-L1426)     Description:Delete one DataNode     Solution:Please confirm that there is a blocking operation when you grab frame
Warning 2025-11-15 19:21:07  DevID:MV-CA013-A0UC(J06720615)  Source-Line:libMvUsb3vTL.so(StreamProcess.cpp-L0844)     Description:[GetOneFrame] PreFrameNum[6211], CurFrameNum[6215]     Solution:
Warning 2025-11-15 19:21:07  DevID:MV-CA013-A0UC(J06720615)  Source-Line:libMvUsb3vTL.so(StreamProcess.cpp-L1426)     Description:Delete one DataNode     Solution:Please confirm that there is a blocking operation when you grab frame
Warning 2025-11-15 19:21:07  DevID:MV-CA013-A0UC(J06720615)  Source-Line:libMvUsb3vTL.so(StreamProcess.cpp-L1426)     Description:Delete one DataNode     Solution:Please confirm that there is a blocking operation when you grab frame
Warning 2025-11-15 19:21:07  DevID:MV-CA013-A0UC(J06720615)  Source-Line:libMvUsb3vTL.so(StreamProcess.cpp-L1426)     Description:Delete one DataNode     Solution:Please confirm that there is a blocking operation when you grab frame
Warning 2025-11-15 19:21:07  DevID:MV-CA013-A0UC(J06720615)  Source-Line:libMvUsb3vTL.so(StreamProcess.cpp-L0844)     Description:[GetOneFrame] PreFrameNum[6215], CurFrameNum[6219]     Solution:
Warning 2025-11-15 19:21:07  DevID:MV-CA013-A0UC(J06720615)  Source-Line:libMvUsb3vTL.so(StreamProcess.cpp-L1426)     Description:Delete one DataNode     Solution:Please confirm that there is a blocking operation when you grab frame
Warning 2025-11-15 19:21:07  DevID:MV-CA013-A0UC(J06720615)  Source-Line:libMvUsb3vTL.so(StreamProcess.cpp-L1426)     Description:Delete one DataNode     Solution:Please confirm that there is a blocking operation when you grab frame
Warning 2025-11-15 19:21:07  DevID:MV-CA013-A0UC(J06720615)  Source-Line:libMvUsb3vTL.so(StreamProcess.cpp-L1426)     Description:Delete one DataNode     Solution:Please confirm that there is a blocking operation when you grab frame
Warning 2025-11-15 19:21:07  DevID:MV-CA013-A0UC(J06720615)  Source-Line:libMvUsb3vTL.so(StreamProcess.cpp-L0844)     Description:[GetOneFrame] PreFrameNum[6219], CurFrameNum[6223]     Solution:
Warning 2025-11-15 19:21:07  DevID:MV-CA013-A0UC(J06720615)  Source-Line:libMvUsb3vTL.so(StreamProcess.cpp-L1426)     Description:Delete one DataNode     Solution:Please confirm that there is a blocking operation when you grab frame
Warning 2025-11-15 19:21:07  DevID:MV-CA013-A0UC(J06720615)  Source-Line:libMvUsb3vTL.so(StreamProcess.cpp-L1426)     Description:Delete one DataNode     Solution:Please confirm that there is a blocking operation when you grab frame
Warning 2025-11-15 19:21:07  DevID:MV-CA013-A0UC(J06720615)  Source-Line:libMvUsb3vTL.so(StreamProcess.cpp-L1426)     Description:Delete one DataNode     Solution:Please confirm that there is a blocking operation when you grab frame
Warning 2025-11-15 19:21:07  DevID:MV-CA013-A0UC(J06720615)  Source-Line:libMvUsb3vTL.so(StreamProcess.cpp-L0844)     Description:[GetOneFrame] PreFrameNum[6223], CurFrameNum[6227]     Solution:
Warning 2025-11-15 19:21:07  DevID:MV-CA013-A0UC(J06720615)  Source-Line:libMvUsb3vTL.so(StreamProcess.cpp-L1426)     Description:Delete one DataNode     Solution:Please confirm that there is a blocking operation when you grab frame
Warning 2025-11-15 19:21:07  DevID:MV-CA013-A0UC(J06720615)  Source-Line:libMvUsb3vTL.so(StreamProcess.cpp-L1426)     Description:Delete one DataNode     Solution:Please confirm that there is a blocking operation when you grab frame
Warning 2025-11-15 19:21:07  DevID:MV-CA013-A0UC(J06720615)  Source-Line:libMvUsb3vTL.so(StreamProcess.cpp-L1426)     Description:Delete one DataNode     Solution:Please confirm that there is a blocking operation when you grab frame
Warning 2025-11-15 19:21:07  DevID:MV-CA013-A0UC(J06720615)  Source-Line:libMvUsb3vTL.so(StreamProcess.cpp-L0844)     Description:[GetOneFrame] PreFrameNum[6227], CurFrameNum[6231]     Solution:
Warning 2025-11-15 19:21:07  DevID:MV-CA013-A0UC(J06720615)  Source-Line:libMvUsb3vTL.so(StreamProcess.cpp-L1426)     Description:Delete one DataNode     Solution:Please confirm that there is a blocking operation when you grab frame
Warning 2025-11-15 19:21:07  DevID:MV-CA013-A0UC(J06720615)  Source-Line:libMvUsb3vTL.so(StreamProcess.cpp-L1426)     Description:Delete one DataNode     Solution:Please confirm that there is a blocking operation when you grab frame
Warning 2025-11-15 19:21:07  DevID:MV-CA013-A0UC(J06720615)  Source-Line:libMvUsb3vTL.so(StreamProcess.cpp-L1426)     Description:Delete one DataNode     Solution:Please confirm that there is a blocking operation when you grab frame
Warning 2025-11-15 19:21:07  DevID:MV-CA013-A0UC(J06720615)  Source-Line:libMvUsb3vTL.so(StreamProcess.cpp-L0844)     Description:[GetOneFrame] PreFrameNum[6231], CurFrameNum[6235]     Solution:
Warning 2025-11-15 19:21:07  DevID:MV-CA013-A0UC(J06720615)  Source-Line:libMvUsb3vTL.so(StreamProcess.cpp-L1426)     Description:Delete one DataNode     Solution:Please confirm that there is a blocking operation when you grab frame
Warning 2025-11-15 19:21:07  DevID:MV-CA013-A0UC(J06720615)  Source-Line:libMvUsb3vTL.so(StreamProcess.cpp-L1426)     Description:Delete one DataNode     Solution:Please confirm that there is a blocking operation when you grab frame
Warning 2025-11-15 19:21:07  DevID:MV-CA013-A0UC(J06720615)  Source-Line:libMvUsb3vTL.so(StreamProcess.cpp-L1426)     Description:Delete one DataNode     Solution:Please confirm that there is a blocking operation when you grab frame
Warning 2025-11-15 19:21:07  DevID:MV-CA013-A0UC(J06720615)  Source-Line:libMvUsb3vTL.so(StreamProcess.cpp-L0844)     Description:[GetOneFrame] PreFrameNum[6235], CurFrameNum[6239]     Solution:
Warning 2025-11-15 19:21:07  DevID:MV-CA013-A0UC(J06720615)  Source-Line:libMvUsb3vTL.so(StreamProcess.cpp-L1426)     Description:Delete one DataNode     Solution:Please confirm that there is a blocking operation when you grab frame
Warning 2025-11-15 19:21:07  DevID:MV-CA013-A0UC(J06720615)  Source-Line:libMvUsb3vTL.so(StreamProcess.cpp-L1426)     Description:Delete one DataNode     Solution:Please confirm that there is a blocking operation when you grab frame
Warning 2025-11-15 19:21:07  DevID:MV-CA013-A0UC(J06720615)  Source-Line:libMvUsb3vTL.so(StreamProcess.cpp-L1426)     Description:Delete one DataNode     Solution:Please confirm that there is a blocking operation when you grab frame
Warning 2025-11-15 19:21:07  DevID:MV-CA013-A0UC(J06720615)  Source-Line:libMvUsb3vTL.so(StreamProcess.cpp-L0844)     Description:[GetOneFrame] PreFrameNum[6239], CurFrameNum[6243]     Solution:
Warning 2025-11-15 19:21:08  DevID:MV-CA013-A0UC(J06720615)  Source-Line:libMvUsb3vTL.so(StreamProcess.cpp-L1426)     Description:Delete one DataNode     Solution:Please confirm that there is a blocking operation when you grab frame
Warning 2025-11-15 19:21:08  DevID:MV-CA013-A0UC(J06720615)  Source-Line:libMvUsb3vTL.so(StreamProcess.cpp-L1426)     Description:Delete one DataNode     Solution:Please confirm that there is a blocking operation when you grab frame
Warning 2025-11-15 19:21:08  DevID:MV-CA013-A0UC(J06720615)  Source-Line:libMvUsb3vTL.so(StreamProcess.cpp-L1426)     Description:Delete one DataNode     Solution:Please confirm that there is a blocking operation when you grab frame
Warning 2025-11-15 19:21:08  DevID:MV-CA013-A0UC(J06720615)  Source-Line:libMvUsb3vTL.so(StreamProcess.cpp-L0844)     Description:[GetOneFrame] PreFrameNum[6243], CurFrameNum[6247]     Solution:
Warning 2025-11-15 19:21:08  DevID:MV-CA013-A0UC(J06720615)  Source-Line:libMvUsb3vTL.so(StreamProcess.cpp-L1426)     Description:Delete one DataNode     Solution:Please confirm that there is a blocking operation when you grab frame
Warning 2025-11-15 19:21:08  DevID:MV-CA013-A0UC(J06720615)  Source-Line:libMvUsb3vTL.so(StreamProcess.cpp-L1426)     Description:Delete one DataNode     Solution:Please confirm that there is a blocking operation when you grab frame
Warning 2025-11-15 19:21:08  DevID:MV-CA013-A0UC(J06720615)  Source-Line:libMvUsb3vTL.so(StreamProcess.cpp-L1426)     Description:Delete one DataNode     Solution:Please confirm that there is a blocking operation when you grab frame
Warning 2025-11-15 19:21:08  DevID:MV-CA013-A0UC(J06720615)  Source-Line:libMvUsb3vTL.so(StreamProcess.cpp-L0844)     Description:[GetOneFrame] PreFrameNum[6247], CurFrameNum[6251]     Solution:
Warning 2025-11-15 19:21:08  DevID:MV-CA013-A0UC(J06720615)  Source-Line:libMvUsb3vTL.so(StreamProcess.cpp-L1426)     Description:Delete one DataNode     Solution:Please confirm that there is a blocking operation when you grab frame
Warning 2025-11-15 19:21:08  DevID:MV-CA013-A0UC(J06720615)  Source-Line:libMvUsb3vTL.so(StreamProcess.cpp-L1426)     Description:Delete one DataNode     Solution:Please confirm that there is a blocking operation when you grab frame
Warning 2025-11-15 19:21:08  DevID:MV-CA013-A0UC(J06720615)  Source-Line:libMvUsb3vTL.so(StreamProcess.cpp-L1426)     Description:Delete one DataNode     Solution:Please confirm that there is a blocking operation when you grab frame
Warning 2025-11-15 19:21:08  DevID:MV-CA013-A0UC(J06720615)  Source-Line:libMvUsb3vTL.so(StreamProcess.cpp-L0844)     Description:[GetOneFrame] PreFrameNum[6251], CurFrameNum[6255]     Solution:
Warning 2025-11-15 19:21:08  DevID:MV-CA013-A0UC(J06720615)  Source-Line:libMvUsb3vTL.so(StreamProcess.cpp-L1426)     Description:Delete one DataNode     Solution:Please confirm that there is a blocking operation when you grab frame
Warning 2025-11-15 19:21:08  DevID:MV-CA013-A0UC(J06720615)  Source-Line:libMvUsb3vTL.so(StreamProcess.cpp-L1426)     Description:Delete one DataNode     Solution:Please confirm that there is a blocking operation when you grab frame
Warning 2025-11-15 19:21:08  DevID:MV-CA013-A0UC(J06720615)  Source-Line:libMvUsb3vTL.so(StreamProcess.cpp-L1426)     Description:Delete one DataNode     Solution:Please confirm that there is a blocking operation when you grab frame
Warning 2025-11-15 19:21:08  DevID:MV-CA013-A0UC(J06720615)  Source-Line:libMvUsb3vTL.so(StreamProcess.cpp-L1426)     Description:Delete one DataNode     Solution:Please confirm that there is a blocking operation when you grab frame
Warning 2025-11-15 19:21:08  DevID:MV-CA013-A0UC(J06720615)  Source-Line:libMvUsb3vTL.so(StreamProcess.cpp-L1426)     Description:Delete one DataNode     Solution:Please confirm that there is a blocking operation when you grab frame
Warning 2025-11-15 19:21:08  DevID:MV-CA013-A0UC(J06720615)  Source-Line:libMvUsb3vTL.so(StreamProcess.cpp-L0844)     Description:[GetOneFrame] PreFrameNum[6255], CurFrameNum[6261]     Solution:
Warning 2025-11-15 19:21:08  DevID:MV-CA013-A0UC(J06720615)  Source-Line:libMvUsb3vTL.so(StreamProcess.cpp-L1426)     Description:Delete one DataNode     Solution:Please confirm that there is a blocking operation when you grab frame
Warning 2025-11-15 19:21:08  DevID:MV-CA013-A0UC(J06720615)  Source-Line:libMvUsb3vTL.so(StreamProcess.cpp-L1426)     Description:Delete one DataNode     Solution:Please confirm that there is a blocking operation when you grab frame
Warning 2025-11-15 19:21:08  DevID:MV-CA013-A0UC(J06720615)  Source-Line:libMvUsb3vTL.so(StreamProcess.cpp-L1426)     Description:Delete one DataNode     Solution:Please confirm that there is a blocking operation when you grab frame
Warning 2025-11-15 19:21:08  DevID:MV-CA013-A0UC(J06720615)  Source-Line:libMvUsb3vTL.so(StreamProcess.cpp-L0844)     Description:[GetOneFrame] PreFrameNum[6261], CurFrameNum[6265]     Solution:
Warning 2025-11-15 19:21:08  DevID:MV-CA013-A0UC(J06720615)  Source-Line:libMvUsb3vTL.so(StreamProcess.cpp-L1426)     Description:Delete one DataNode     Solution:Please confirm that there is a blocking operation when you grab frame
Warning 2025-11-15 19:21:08  DevID:MV-CA013-A0UC(J06720615)  Source-Line:libMvUsb3vTL.so(StreamProcess.cpp-L1426)     Description:Delete one DataNode     Solution:Please confirm that there is a blocking operation when you grab frame
Warning 2025-11-15 19:21:08  DevID:MV-CA013-A0UC(J06720615)  Source-Line:libMvUsb3vTL.so(StreamProcess.cpp-L1426)     Description:Delete one DataNode     Solution:Please confirm that there is a blocking operation when you grab frame
Warning 2025-11-15 19:21:08  DevID:MV-CA013-A0UC(J06720615)  Source-Line:libMvUsb3vTL.so(StreamProcess.cpp-L0844)     Description:[GetOneFrame] PreFrameNum[6265], CurFrameNum[6269]     Solution:
Warning 2025-11-15 19:21:08  DevID:MV-CA013-A0UC(J06720615)  Source-Line:libMvUsb3vTL.so(StreamProcess.cpp-L1426)     Description:Delete one DataNode     Solution:Please confirm that there is a blocking operation when you grab frame
Warning 2025-11-15 19:21:08  DevID:MV-CA013-A0UC(J06720615)  Source-Line:libMvUsb3vTL.so(StreamProcess.cpp-L1426)     Description:Delete one DataNode     Solution:Please confirm that there is a blocking operation when you grab frame
Warning 2025-11-15 19:21:08  DevID:MV-CA013-A0UC(J06720615)  Source-Line:libMvUsb3vTL.so(StreamProcess.cpp-L1426)     Description:Delete one DataNode     Solution:Please confirm that there is a blocking operation when you grab frame
Warning 2025-11-15 19:21:08  DevID:MV-CA013-A0UC(J06720615)  Source-Line:libMvUsb3vTL.so(StreamProcess.cpp-L0844)     Description:[GetOneFrame] PreFrameNum[6269], CurFrameNum[6273]     Solution:
Warning 2025-11-15 19:21:08  DevID:MV-CA013-A0UC(J06720615)  Source-Line:libMvUsb3vTL.so(StreamProcess.cpp-L1426)     Description:Delete one DataNode     Solution:Please confirm that there is a blocking operation when you grab frame
Warning 2025-11-15 19:21:08  DevID:MV-CA013-A0UC(J06720615)  Source-Line:libMvUsb3vTL.so(StreamProcess.cpp-L1426)     Description:Delete one DataNode     Solution:Please confirm that there is a blocking operation when you grab frame
Warning 2025-11-15 19:21:08  DevID:MV-CA013-A0UC(J06720615)  Source-Line:libMvUsb3vTL.so(StreamProcess.cpp-L1426)     Description:Delete one DataNode     Solution:Please confirm that there is a blocking operation when you grab frame
Warning 2025-11-15 19:21:08  DevID:MV-CA013-A0UC(J06720615)  Source-Line:libMvUsb3vTL.so(StreamProcess.cpp-L0844)     Description:[GetOneFrame] PreFrameNum[6273], CurFrameNum[6277]     Solution:
Warning 2025-11-15 19:21:08  DevID:MV-CA013-A0UC(J06720615)  Source-Line:libMvUsb3vTL.so(StreamProcess.cpp-L1426)     Description:Delete one DataNode     Solution:Please confirm that there is a blocking operation when you grab frame
Warning 2025-11-15 19:21:08  DevID:MV-CA013-A0UC(J06720615)  Source-Line:libMvUsb3vTL.so(StreamProcess.cpp-L1426)     Description:Delete one DataNode     Solution:Please confirm that there is a blocking operation when you grab frame
Warning 2025-11-15 19:21:08  DevID:MV-CA013-A0UC(J06720615)  Source-Line:libMvUsb3vTL.so(StreamProcess.cpp-L1426)     Description:Delete one DataNode     Solution:Please confirm that there is a blocking operation when you grab frame
Warning 2025-11-15 19:21:08  DevID:MV-CA013-A0UC(J06720615)  Source-Line:libMvUsb3vTL.so(StreamProcess.cpp-L0844)     Description:[GetOneFrame] PreFrameNum[6277], CurFrameNum[6281]     Solution:
Warning 2025-11-15 19:21:08  DevID:MV-CA013-A0UC(J06720615)  Source-Line:libMvUsb3vTL.so(StreamProcess.cpp-L1426)     Description:Delete one DataNode     Solution:Please confirm that there is a blocking operation when you grab frame
Warning 2025-11-15 19:21:08  DevID:MV-CA013-A0UC(J06720615)  Source-Line:libMvUsb3vTL.so(StreamProcess.cpp-L1426)     Description:Delete one DataNode     Solution:Please confirm that there is a blocking operation when you grab frame
Warning 2025-11-15 19:21:08  DevID:MV-CA013-A0UC(J06720615)  Source-Line:libMvUsb3vTL.so(StreamProcess.cpp-L1426)     Description:Delete one DataNode     Solution:Please confirm that there is a blocking operation when you grab frame
Warning 2025-11-15 19:21:08  DevID:MV-CA013-A0UC(J06720615)  Source-Line:libMvUsb3vTL.so(StreamProcess.cpp-L0844)     Description:[GetOneFrame] PreFrameNum[6281], CurFrameNum[6285]     Solution:
Warning 2025-11-15 19:21:08  DevID:MV-CA013-A0UC(J06720615)  Source-Line:libMvUsb3vTL.so(StreamProcess.cpp-L1426)     Description:Delete one DataNode     Solution:Please confirm that there is a blocking operation when you grab frame
Warning 2025-11-15 19:21:08  DevID:MV-CA013-A0UC(J06720615)  Source-Line:libMvUsb3vTL.so(StreamProcess.cpp-L1426)     Description:Delete one DataNode     Solution:Please confirm that there is a blocking operation when you grab frame
Warning 2025-11-15 19:21:08  DevID:MV-CA013-A0UC(J06720615)  Source-Line:libMvUsb3vTL.so(StreamProcess.cpp-L1426)     Description:Delete one DataNode     Solution:Please confirm that there is a blocking operation when you grab frame
Warning 2025-11-15 19:21:08  DevID:MV-CA013-A0UC(J06720615)  Source-Line:libMvUsb3vTL.so(StreamProcess.cpp-L0844)     Description:[GetOneFrame] PreFrameNum[6285], CurFrameNum[6289]     Solution:
Warning 2025-11-15 19:21:08  DevID:MV-CA013-A0UC(J06720615)  Source-Line:libMvUsb3vTL.so(StreamProcess.cpp-L1426)     Description:Delete one DataNode     Solution:Please confirm that there is a blocking operation when you grab frame
Warning 2025-11-15 19:21:08  DevID:MV-CA013-A0UC(J06720615)  Source-Line:libMvUsb3vTL.so(StreamProcess.cpp-L1426)     Description:Delete one DataNode     Solution:Please confirm that there is a blocking operation when you grab frame
Warning 2025-11-15 19:21:08  DevID:MV-CA013-A0UC(J06720615)  Source-Line:libMvUsb3vTL.so(StreamProcess.cpp-L1426)     Description:Delete one DataNode     Solution:Please confirm that there is a blocking operation when you grab frame
Warning 2025-11-15 19:21:08  DevID:MV-CA013-A0UC(J06720615)  Source-Line:libMvUsb3vTL.so(StreamProcess.cpp-L0844)     Description:[GetOneFrame] PreFrameNum[6289], CurFrameNum[6293]     Solution:
Warning 2025-11-15 19:21:08  DevID:MV-CA013-A0UC(J06720615)  Source-Line:libMvUsb3vTL.so(StreamProcess.cpp-L1426)     Description:Delete one DataNode     Solution:Please confirm that there is a blocking operation when you grab frame
Warning 2025-11-15 19:21:08  DevID:MV-CA013-A0UC(J06720615)  Source-Line:libMvUsb3vTL.so(StreamProcess.cpp-L1426)     Description:Delete one DataNode     Solution:Please confirm that there is a blocking operation when you grab frame
Warning 2025-11-15 19:21:08  DevID:MV-CA013-A0UC(J06720615)  Source-Line:libMvUsb3vTL.so(StreamProcess.cpp-L1426)     Description:Delete one DataNode     Solution:Please confirm that there is a blocking operation when you grab frame
Warning 2025-11-15 19:21:08  DevID:MV-CA013-A0UC(J06720615)  Source-Line:libMvUsb3vTL.so(StreamProcess.cpp-L0844)     Description:[GetOneFrame] PreFrameNum[6293], CurFrameNum[6297]     Solution:
Warning 2025-11-15 19:21:08  DevID:MV-CA013-A0UC(J06720615)  Source-Line:libMvUsb3vTL.so(StreamProcess.cpp-L1426)     Description:Delete one DataNode     Solution:Please confirm that there is a blocking operation when you grab frame
Warning 2025-11-15 19:21:08  DevID:MV-CA013-A0UC(J06720615)  Source-Line:libMvUsb3vTL.so(StreamProcess.cpp-L1426)     Description:Delete one DataNode     Solution:Please confirm that there is a blocking operation when you grab frame
Warning 2025-11-15 19:21:08  DevID:MV-CA013-A0UC(J06720615)  Source-Line:libMvUsb3vTL.so(StreamProcess.cpp-L1426)     Description:Delete one DataNode     Solution:Please confirm that there is a blocking operation when you grab frame
Warning 2025-11-15 19:21:08  DevID:MV-CA013-A0UC(J06720615)  Source-Line:libMvUsb3vTL.so(StreamProcess.cpp-L0844)     Description:[GetOneFrame] PreFrameNum[6297], CurFrameNum[6301]     Solution:
Warning 2025-11-15 19:21:08  DevID:MV-CA013-A0UC(J06720615)  Source-Line:libMvUsb3vTL.so(StreamProcess.cpp-L1426)     Description:Delete one DataNode     Solution:Please confirm that there is a blocking operation when you grab frame
Warning 2025-11-15 19:21:08  DevID:MV-CA013-A0UC(J06720615)  Source-Line:libMvUsb3vTL.so(StreamProcess.cpp-L1426)     Description:Delete one DataNode     Solution:Please confirm that there is a blocking operation when you grab frame
Warning 2025-11-15 19:21:08  DevID:MV-CA013-A0UC(J06720615)  Source-Line:libMvUsb3vTL.so(StreamProcess.cpp-L1426)     Description:Delete one DataNode     Solution:Please confirm that there is a blocking operation when you grab frame
Warning 2025-11-15 19:21:08  DevID:MV-CA013-A0UC(J06720615)  Source-Line:libMvUsb3vTL.so(StreamProcess.cpp-L0844)     Description:[GetOneFrame] PreFrameNum[6301], CurFrameNum[6305]     Solution:
Warning 2025-11-15 19:21:08  DevID:MV-CA013-A0UC(J06720615)  Source-Line:libMvUsb3vTL.so(StreamProcess.cpp-L1426)     Description:Delete one DataNode     Solution:Please confirm that there is a blocking operation when you grab frame
Warning 2025-11-15 19:21:08  DevID:MV-CA013-A0UC(J06720615)  Source-Line:libMvUsb3vTL.so(StreamProcess.cpp-L1426)     Description:Delete one DataNode     Solution:Please confirm that there is a blocking operation when you grab frame
Warning 2025-11-15 19:21:08  DevID:MV-CA013-A0UC(J06720615)  Source-Line:libMvUsb3vTL.so(StreamProcess.cpp-L1426)     Description:Delete one DataNode     Solution:Please confirm that there is a blocking operation when you grab frame
Warning 2025-11-15 19:21:08  DevID:MV-CA013-A0UC(J06720615)  Source-Line:libMvUsb3vTL.so(StreamProcess.cpp-L0844)     Description:[GetOneFrame] PreFrameNum[6305], CurFrameNum[6309]     Solution:
Error   2025-11-15 19:21:08  DevID:MV-CA013-A0UC(J06720615)  Source-Line:libMvUsb3vTL.so(DriverLayer.cpp-L0769)     Description:timesOut, num_iso_packets: ff     Solution:
Info    2025-11-15 19:21:08  DevID:MV-CA013-A0UC(J06720615)  Source-Line:libMvUsb3vTL.so(EventProcess.cpp-L0311)     Description:[Event]Read Async, Ret[0xff]     Solution:
Warning 2025-11-15 19:21:08  DevID:MV-CA013-A0UC(J06720615)  Source-Line:libMvUsb3vTL.so(StreamProcess.cpp-L1426)     Description:Delete one DataNode     Solution:Please confirm that there is a blocking operation when you grab frame
Warning 2025-11-15 19:21:08  DevID:MV-CA013-A0UC(J06720615)  Source-Line:libMvUsb3vTL.so(StreamProcess.cpp-L1426)     Description:Delete one DataNode     Solution:Please confirm that there is a blocking operation when you grab frame
Warning 2025-11-15 19:21:08  DevID:MV-CA013-A0UC(J06720615)  Source-Line:libMvUsb3vTL.so(StreamProcess.cpp-L1426)     Description:Delete one DataNode     Solution:Please confirm that there is a blocking operation when you grab frame
Warning 2025-11-15 19:21:08  DevID:MV-CA013-A0UC(J06720615)  Source-Line:libMvUsb3vTL.so(StreamProcess.cpp-L0844)     Description:[GetOneFrame] PreFrameNum[6309], CurFrameNum[6313]     Solution:
Warning 2025-11-15 19:21:08  DevID:MV-CA013-A0UC(J06720615)  Source-Line:libMvUsb3vTL.so(StreamProcess.cpp-L1426)     Description:Delete one DataNode     Solution:Please confirm that there is a blocking operation when you grab frame
Warning 2025-11-15 19:21:08  DevID:MV-CA013-A0UC(J06720615)  Source-Line:libMvUsb3vTL.so(StreamProcess.cpp-L1426)     Description:Delete one DataNode     Solution:Please confirm that there is a blocking operation when you grab frame
Warning 2025-11-15 19:21:08  DevID:MV-CA013-A0UC(J06720615)  Source-Line:libMvUsb3vTL.so(StreamProcess.cpp-L1426)     Description:Delete one DataNode     Solution:Please confirm that there is a blocking operation when you grab frame
Warning 2025-11-15 19:21:08  DevID:MV-CA013-A0UC(J06720615)  Source-Line:libMvUsb3vTL.so(StreamProcess.cpp-L0844)     Description:[GetOneFrame] PreFrameNum[6313], CurFrameNum[6317]     Solution:
Warning 2025-11-15 19:21:08  DevID:MV-CA013-A0UC(J06720615)  Source-Line:libMvUsb3vTL.so(StreamProcess.cpp-L1426)     Description:Delete one DataNode     Solution:Please confirm that there is a blocking operation when you grab frame
Warning 2025-11-15 19:21:08  DevID:MV-CA013-A0UC(J06720615)  Source-Line:libMvUsb3vTL.so(StreamProcess.cpp-L1426)     Description:Delete one DataNode     Solution:Please confirm that there is a blocking operation when you grab frame
Warning 2025-11-15 19:21:08  DevID:MV-CA013-A0UC(J06720615)  Source-Line:libMvUsb3vTL.so(StreamProcess.cpp-L1426)     Description:Delete one DataNode     Solution:Please confirm that there is a blocking operation when you grab frame
Warning 2025-11-15 19:21:08  DevID:MV-CA013-A0UC(J06720615)  Source-Line:libMvUsb3vTL.so(StreamProcess.cpp-L0844)     Description:[GetOneFrame] PreFrameNum[6317], CurFrameNum[6321]     Solution:
Warning 2025-11-15 19:21:08  DevID:MV-CA013-A0UC(J06720615)  Source-Line:libMvUsb3vTL.so(StreamProcess.cpp-L1426)     Description:Delete one DataNode     Solution:Please confirm that there is a blocking operation when you grab frame
Warning 2025-11-15 19:21:08  DevID:MV-CA013-A0UC(J06720615)  Source-Line:libMvUsb3vTL.so(StreamProcess.cpp-L1426)     Description:Delete one DataNode     Solution:Please confirm that there is a blocking operation when you grab frame
Warning 2025-11-15 19:21:08  DevID:MV-CA013-A0UC(J06720615)  Source-Line:libMvUsb3vTL.so(StreamProcess.cpp-L1426)     Description:Delete one DataNode     Solution:Please confirm that there is a blocking operation when you grab frame
Warning 2025-11-15 19:21:08  DevID:MV-CA013-A0UC(J06720615)  Source-Line:libMvUsb3vTL.so(StreamProcess.cpp-L0844)     Description:[GetOneFrame] PreFrameNum[6321], CurFrameNum[6325]     Solution:
Warning 2025-11-15 19:21:08  DevID:MV-CA013-A0UC(J06720615)  Source-Line:libMvUsb3vTL.so(StreamProcess.cpp-L1426)     Description:Delete one DataNode     Solution:Please confirm that there is a blocking operation when you grab frame
Warning 2025-11-15 19:21:08  DevID:MV-CA013-A0UC(J06720615)  Source-Line:libMvUsb3vTL.so(StreamProcess.cpp-L1426)     Description:Delete one DataNode     Solution:Please confirm that there is a blocking operation when you grab frame
Warning 2025-11-15 19:21:08  DevID:MV-CA013-A0UC(J06720615)  Source-Line:libMvUsb3vTL.so(StreamProcess.cpp-L1426)     Description:Delete one DataNode     Solution:Please confirm that there is a blocking operation when you grab frame
Warning 2025-11-15 19:21:08  DevID:MV-CA013-A0UC(J06720615)  Source-Line:libMvUsb3vTL.so(StreamProcess.cpp-L0844)     Description:[GetOneFrame] PreFrameNum[6325], CurFrameNum[6329]     Solution:
Warning 2025-11-15 19:21:08  DevID:MV-CA013-A0UC(J06720615)  Source-Line:libMvUsb3vTL.so(StreamProcess.cpp-L1426)     Description:Delete one DataNode     Solution:Please confirm that there is a blocking operation when you grab frame
Warning 2025-11-15 19:21:08  DevID:MV-CA013-A0UC(J06720615)  Source-Line:libMvUsb3vTL.so(StreamProcess.cpp-L1426)     Description:Delete one DataNode     Solution:Please confirm that there is a blocking operation when you grab frame
Warning 2025-11-15 19:21:08  DevID:MV-CA013-A0UC(J06720615)  Source-Line:libMvUsb3vTL.so(StreamProcess.cpp-L1426)     Description:Delete one DataNode     Solution:Please confirm that there is a blocking operation when you grab frame
Warning 2025-11-15 19:21:08  DevID:MV-CA013-A0UC(J06720615)  Source-Line:libMvUsb3vTL.so(StreamProcess.cpp-L0844)     Description:[GetOneFrame] PreFrameNum[6329], CurFrameNum[6333]     Solution:
Warning 2025-11-15 19:21:08  DevID:MV-CA013-A0UC(J06720615)  Source-Line:libMvUsb3vTL.so(StreamProcess.cpp-L1426)     Description:Delete one DataNode     Solution:Please confirm that there is a blocking operation when you grab frame
Warning 2025-11-15 19:21:08  DevID:MV-CA013-A0UC(J06720615)  Source-Line:libMvUsb3vTL.so(StreamProcess.cpp-L1426)     Description:Delete one DataNode     Solution:Please confirm that there is a blocking operation when you grab frame
Warning 2025-11-15 19:21:08  DevID:MV-CA013-A0UC(J06720615)  Source-Line:libMvUsb3vTL.so(StreamProcess.cpp-L1426)     Description:Delete one DataNode     Solution:Please confirm that there is a blocking operation when you grab frame
Warning 2025-11-15 19:21:08  DevID:MV-CA013-A0UC(J06720615)  Source-Line:libMvUsb3vTL.so(StreamProcess.cpp-L0844)     Description:[GetOneFrame] PreFrameNum[6333], CurFrameNum[6337]     Solution:
Warning 2025-11-15 19:21:08  DevID:MV-CA013-A0UC(J06720615)  Source-Line:libMvUsb3vTL.so(StreamProcess.cpp-L1426)     Description:Delete one DataNode     Solution:Please confirm that there is a blocking operation when you grab frame
Warning 2025-11-15 19:21:08  DevID:MV-CA013-A0UC(J06720615)  Source-Line:libMvUsb3vTL.so(StreamProcess.cpp-L1426)     Description:Delete one DataNode     Solution:Please confirm that there is a blocking operation when you grab frame
Warning 2025-11-15 19:21:08  DevID:MV-CA013-A0UC(J06720615)  Source-Line:libMvUsb3vTL.so(StreamProcess.cpp-L1426)     Description:Delete one DataNode     Solution:Please confirm that there is a blocking operation when you grab frame
Warning 2025-11-15 19:21:08  DevID:MV-CA013-A0UC(J06720615)  Source-Line:libMvUsb3vTL.so(StreamProcess.cpp-L0844)     Description:[GetOneFrame] PreFrameNum[6337], CurFrameNum[6341]     Solution:
Warning 2025-11-15 19:21:08  DevID:MV-CA013-A0UC(J06720615)  Source-Line:libMvUsb3vTL.so(StreamProcess.cpp-L1426)     Description:Delete one DataNode     Solution:Please confirm that there is a blocking operation when you grab frame
Warning 2025-11-15 19:21:08  DevID:MV-CA013-A0UC(J06720615)  Source-Line:libMvUsb3vTL.so(StreamProcess.cpp-L1426)     Description:Delete one DataNode     Solution:Please confirm that there is a blocking operation when you grab frame
Warning 2025-11-15 19:21:08  DevID:MV-CA013-A0UC(J06720615)  Source-Line:libMvUsb3vTL.so(StreamProcess.cpp-L0844)     Description:[GetOneFrame] PreFrameNum[6341], CurFrameNum[6344]     Solution:
Warning 2025-11-15 19:21:08  DevID:MV-CA013-A0UC(J06720615)  Source-Line:libMvUsb3vTL.so(StreamProcess.cpp-L1426)     Description:Delete one DataNode     Solution:Please confirm that there is a blocking operation when you grab frame
Warning 2025-11-15 19:21:08  DevID:MV-CA013-A0UC(J06720615)  Source-Line:libMvUsb3vTL.so(StreamProcess.cpp-L1426)     Description:Delete one DataNode     Solution:Please confirm that there is a blocking operation when you grab frame
Warning 2025-11-15 19:21:08  DevID:MV-CA013-A0UC(J06720615)  Source-Line:libMvUsb3vTL.so(StreamProcess.cpp-L1426)     Description:Delete one DataNode     Solution:Please confirm that there is a blocking operation when you grab frame
Warning 2025-11-15 19:21:08  DevID:MV-CA013-A0UC(J06720615)  Source-Line:libMvUsb3vTL.so(StreamProcess.cpp-L0844)     Description:[GetOneFrame] PreFrameNum[6344], CurFrameNum[6348]     Solution:
Warning 2025-11-15 19:21:08  DevID:MV-CA013-A0UC(J06720615)  Source-Line:libMvUsb3vTL.so(StreamProcess.cpp-L1426)     Description:Delete one DataNode     Solution:Please confirm that there is a blocking operation when you grab frame
Warning 2025-11-15 19:21:08  DevID:MV-CA013-A0UC(J06720615)  Source-Line:libMvUsb3vTL.so(StreamProcess.cpp-L1426)     Description:Delete one DataNode     Solution:Please confirm that there is a blocking operation when you grab frame
Warning 2025-11-15 19:21:08  DevID:MV-CA013-A0UC(J06720615)  Source-Line:libMvUsb3vTL.so(StreamProcess.cpp-L1426)     Description:Delete one DataNode     Solution:Please confirm that there is a blocking operation when you grab frame
Warning 2025-11-15 19:21:08  DevID:MV-CA013-A0UC(J06720615)  Source-Line:libMvUsb3vTL.so(StreamProcess.cpp-L0844)     Description:[GetOneFrame] PreFrameNum[6348], CurFrameNum[6352]     Solution:
Warning 2025-11-15 19:21:08  DevID:MV-CA013-A0UC(J06720615)  Source-Line:libMvUsb3vTL.so(StreamProcess.cpp-L1426)     Description:Delete one DataNode     Solution:Please confirm that there is a blocking operation when you grab frame
Warning 2025-11-15 19:21:08  DevID:MV-CA013-A0UC(J06720615)  Source-Line:libMvUsb3vTL.so(StreamProcess.cpp-L1426)     Description:Delete one DataNode     Solution:Please confirm that there is a blocking operation when you grab frame
Warning 2025-11-15 19:21:08  DevID:MV-CA013-A0UC(J06720615)  Source-Line:libMvUsb3vTL.so(StreamProcess.cpp-L1426)     Description:Delete one DataNode     Solution:Please confirm that there is a blocking operation when you grab frame
Warning 2025-11-15 19:21:08  DevID:MV-CA013-A0UC(J06720615)  Source-Line:libMvUsb3vTL.so(StreamProcess.cpp-L0844)     Description:[GetOneFrame] PreFrameNum[6352], CurFrameNum[6356]     Solution:
Warning 2025-11-15 19:21:08  DevID:MV-CA013-A0UC(J06720615)  Source-Line:libMvUsb3vTL.so(StreamProcess.cpp-L1426)     Description:Delete one DataNode     Solution:Please confirm that there is a blocking operation when you grab frame
Warning 2025-11-15 19:21:08  DevID:MV-CA013-A0UC(J06720615)  Source-Line:libMvUsb3vTL.so(StreamProcess.cpp-L1426)     Description:Delete one DataNode     Solution:Please confirm that there is a blocking operation when you grab frame
Warning 2025-11-15 19:21:08  DevID:MV-CA013-A0UC(J06720615)  Source-Line:libMvUsb3vTL.so(StreamProcess.cpp-L1426)     Description:Delete one DataNode     Solution:Please confirm that there is a blocking operation when you grab frame
Warning 2025-11-15 19:21:08  DevID:MV-CA013-A0UC(J06720615)  Source-Line:libMvUsb3vTL.so(StreamProcess.cpp-L0844)     Description:[GetOneFrame] PreFrameNum[6356], CurFrameNum[6360]     Solution:
Warning 2025-11-15 19:21:08  DevID:MV-CA013-A0UC(J06720615)  Source-Line:libMvUsb3vTL.so(StreamProcess.cpp-L1426)     Description:Delete one DataNode     Solution:Please confirm that there is a blocking operation when you grab frame
Warning 2025-11-15 19:21:08  DevID:MV-CA013-A0UC(J06720615)  Source-Line:libMvUsb3vTL.so(StreamProcess.cpp-L1426)     Description:Delete one DataNode     Solution:Please confirm that there is a blocking operation when you grab frame
Warning 2025-11-15 19:21:08  DevID:MV-CA013-A0UC(J06720615)  Source-Line:libMvUsb3vTL.so(StreamProcess.cpp-L1426)     Description:Delete one DataNode     Solution:Please confirm that there is a blocking operation when you grab frame
Warning 2025-11-15 19:21:08  DevID:MV-CA013-A0UC(J06720615)  Source-Line:libMvUsb3vTL.so(StreamProcess.cpp-L0844)     Description:[GetOneFrame] PreFrameNum[6360], CurFrameNum[6364]     Solution:
Warning 2025-11-15 19:21:08  DevID:MV-CA013-A0UC(J06720615)  Source-Line:libMvUsb3vTL.so(StreamProcess.cpp-L1426)     Description:Delete one DataNode     Solution:Please confirm that there is a blocking operation when you grab frame
Warning 2025-11-15 19:21:08  DevID:MV-CA013-A0UC(J06720615)  Source-Line:libMvUsb3vTL.so(StreamProcess.cpp-L1426)     Description:Delete one DataNode     Solution:Please confirm that there is a blocking operation when you grab frame
Warning 2025-11-15 19:21:08  DevID:MV-CA013-A0UC(J06720615)  Source-Line:libMvUsb3vTL.so(StreamProcess.cpp-L1426)     Description:Delete one DataNode     Solution:Please confirm that there is a blocking operation when you grab frame
Warning 2025-11-15 19:21:08  DevID:MV-CA013-A0UC(J06720615)  Source-Line:libMvUsb3vTL.so(StreamProcess.cpp-L0844)     Description:[GetOneFrame] PreFrameNum[6364], CurFrameNum[6368]     Solution:
Warning 2025-11-15 19:21:08  DevID:MV-CA013-A0UC(J06720615)  Source-Line:libMvUsb3vTL.so(StreamProcess.cpp-L1426)     Description:Delete one DataNode     Solution:Please confirm that there is a blocking operation when you grab frame
Warning 2025-11-15 19:21:08  DevID:MV-CA013-A0UC(J06720615)  Source-Line:libMvUsb3vTL.so(StreamProcess.cpp-L1426)     Description:Delete one DataNode     Solution:Please confirm that there is a blocking operation when you grab frame
Warning 2025-11-15 19:21:08  DevID:MV-CA013-A0UC(J06720615)  Source-Line:libMvUsb3vTL.so(StreamProcess.cpp-L1426)     Description:Delete one DataNode     Solution:Please confirm that there is a blocking operation when you grab frame
Warning 2025-11-15 19:21:08  DevID:MV-CA013-A0UC(J06720615)  Source-Line:libMvUsb3vTL.so(StreamProcess.cpp-L0844)     Description:[GetOneFrame] PreFrameNum[6368], CurFrameNum[6372]     Solution:
Warning 2025-11-15 19:21:08  DevID:MV-CA013-A0UC(J06720615)  Source-Line:libMvUsb3vTL.so(StreamProcess.cpp-L1426)     Description:Delete one DataNode     Solution:Please confirm that there is a blocking operation when you grab frame
Warning 2025-11-15 19:21:08  DevID:MV-CA013-A0UC(J06720615)  Source-Line:libMvUsb3vTL.so(StreamProcess.cpp-L1426)     Description:Delete one DataNode     Solution:Please confirm that there is a blocking operation when you grab frame
Warning 2025-11-15 19:21:08  DevID:MV-CA013-A0UC(J06720615)  Source-Line:libMvUsb3vTL.so(StreamProcess.cpp-L1426)     Description:Delete one DataNode     Solution:Please confirm that there is a blocking operation when you grab frame
Warning 2025-11-15 19:21:08  DevID:MV-CA013-A0UC(J06720615)  Source-Line:libMvUsb3vTL.so(StreamProcess.cpp-L0844)     Description:[GetOneFrame] PreFrameNum[6372], CurFrameNum[6376]     Solution:
Warning 2025-11-15 19:21:08  DevID:MV-CA013-A0UC(J06720615)  Source-Line:libMvUsb3vTL.so(StreamProcess.cpp-L1426)     Description:Delete one DataNode     Solution:Please confirm that there is a blocking operation when you grab frame
Warning 2025-11-15 19:21:08  DevID:MV-CA013-A0UC(J06720615)  Source-Line:libMvUsb3vTL.so(StreamProcess.cpp-L1426)     Description:Delete one DataNode     Solution:Please confirm that there is a blocking operation when you grab frame
Warning 2025-11-15 19:21:08  DevID:MV-CA013-A0UC(J06720615)  Source-Line:libMvUsb3vTL.so(StreamProcess.cpp-L1426)     Description:Delete one DataNode     Solution:Please confirm that there is a blocking operation when you grab frame
Warning 2025-11-15 19:21:08  DevID:MV-CA013-A0UC(J06720615)  Source-Line:libMvUsb3vTL.so(StreamProcess.cpp-L0844)     Description:[GetOneFrame] PreFrameNum[6376], CurFrameNum[6380]     Solution:
Warning 2025-11-15 19:21:08  DevID:MV-CA013-A0UC(J06720615)  Source-Line:libMvUsb3vTL.so(StreamProcess.cpp-L1426)     Description:Delete one DataNode     Solution:Please confirm that there is a blocking operation when you grab frame
Warning 2025-11-15 19:21:08  DevID:MV-CA013-A0UC(J06720615)  Source-Line:libMvUsb3vTL.so(StreamProcess.cpp-L1426)     Description:Delete one DataNode     Solution:Please confirm that there is a blocking operation when you grab frame
Warning 2025-11-15 19:21:08  DevID:MV-CA013-A0UC(J06720615)  Source-Line:libMvUsb3vTL.so(StreamProcess.cpp-L1426)     Description:Delete one DataNode     Solution:Please confirm that there is a blocking operation when you grab frame
Warning 2025-11-15 19:21:08  DevID:MV-CA013-A0UC(J06720615)  Source-Line:libMvUsb3vTL.so(StreamProcess.cpp-L0844)     Description:[GetOneFrame] PreFrameNum[6380], CurFrameNum[6384]     Solution:
Warning 2025-11-15 19:21:08  DevID:MV-CA013-A0UC(J06720615)  Source-Line:libMvUsb3vTL.so(StreamProcess.cpp-L1426)     Description:Delete one DataNode     Solution:Please confirm that there is a blocking operation when you grab frame
Warning 2025-11-15 19:21:08  DevID:MV-CA013-A0UC(J06720615)  Source-Line:libMvUsb3vTL.so(StreamProcess.cpp-L1426)     Description:Delete one DataNode     Solution:Please confirm that there is a blocking operation when you grab frame
Warning 2025-11-15 19:21:08  DevID:MV-CA013-A0UC(J06720615)  Source-Line:libMvUsb3vTL.so(StreamProcess.cpp-L1426)     Description:Delete one DataNode     Solution:Please confirm that there is a blocking operation when you grab frame
Warning 2025-11-15 19:21:08  DevID:MV-CA013-A0UC(J06720615)  Source-Line:libMvUsb3vTL.so(StreamProcess.cpp-L0844)     Description:[GetOneFrame] PreFrameNum[6384], CurFrameNum[6388]     Solution:
Warning 2025-11-15 19:21:08  DevID:MV-CA013-A0UC(J06720615)  Source-Line:libMvUsb3vTL.so(StreamProcess.cpp-L1426)     Description:Delete one DataNode     Solution:Please confirm that there is a blocking operation when you grab frame
Warning 2025-11-15 19:21:08  DevID:MV-CA013-A0UC(J06720615)  Source-Line:libMvUsb3vTL.so(StreamProcess.cpp-L1426)     Description:Delete one DataNode     Solution:Please confirm that there is a blocking operation when you grab frame
Warning 2025-11-15 19:21:08  DevID:MV-CA013-A0UC(J06720615)  Source-Line:libMvUsb3vTL.so(StreamProcess.cpp-L1426)     Description:Delete one DataNode     Solution:Please confirm that there is a blocking operation when you grab frame
Warning 2025-11-15 19:21:08  DevID:MV-CA013-A0UC(J06720615)  Source-Line:libMvUsb3vTL.so(StreamProcess.cpp-L0844)     Description:[GetOneFrame] PreFrameNum[6388], CurFrameNum[6392]     Solution:
Warning 2025-11-15 19:21:08  DevID:MV-CA013-A0UC(J06720615)  Source-Line:libMvUsb3vTL.so(StreamProcess.cpp-L1426)     Description:Delete one DataNode     Solution:Please confirm that there is a blocking operation when you grab frame
Warning 2025-11-15 19:21:08  DevID:MV-CA013-A0UC(J06720615)  Source-Line:libMvUsb3vTL.so(StreamProcess.cpp-L1426)     Description:Delete one DataNode     Solution:Please confirm that there is a blocking operation when you grab frame
Warning 2025-11-15 19:21:08  DevID:MV-CA013-A0UC(J06720615)  Source-Line:libMvUsb3vTL.so(StreamProcess.cpp-L1426)     Description:Delete one DataNode     Solution:Please confirm that there is a blocking operation when you grab frame
Warning 2025-11-15 19:21:08  DevID:MV-CA013-A0UC(J06720615)  Source-Line:libMvUsb3vTL.so(StreamProcess.cpp-L0844)     Description:[GetOneFrame] PreFrameNum[6392], CurFrameNum[6396]     Solution:
Warning 2025-11-15 19:21:08  DevID:MV-CA013-A0UC(J06720615)  Source-Line:libMvUsb3vTL.so(StreamProcess.cpp-L1426)     Description:Delete one DataNode     Solution:Please confirm that there is a blocking operation when you grab frame
Warning 2025-11-15 19:21:08  DevID:MV-CA013-A0UC(J06720615)  Source-Line:libMvUsb3vTL.so(StreamProcess.cpp-L1426)     Description:Delete one DataNode     Solution:Please confirm that there is a blocking operation when you grab frame
Warning 2025-11-15 19:21:08  DevID:MV-CA013-A0UC(J06720615)  Source-Line:libMvUsb3vTL.so(StreamProcess.cpp-L1426)     Description:Delete one DataNode     Solution:Please confirm that there is a blocking operation when you grab frame
Warning 2025-11-15 19:21:08  DevID:MV-CA013-A0UC(J06720615)  Source-Line:libMvUsb3vTL.so(StreamProcess.cpp-L0844)     Description:[GetOneFrame] PreFrameNum[6396], CurFrameNum[6400]     Solution:
Warning 2025-11-15 19:21:08  DevID:MV-CA013-A0UC(J06720615)  Source-Line:libMvUsb3vTL.so(StreamProcess.cpp-L1426)     Description:Delete one DataNode     Solution:Please confirm that there is a blocking operation when you grab frame
Warning 2025-11-15 19:21:08  DevID:MV-CA013-A0UC(J06720615)  Source-Line:libMvUsb3vTL.so(StreamProcess.cpp-L1426)     Description:Delete one DataNode     Solution:Please confirm that there is a blocking operation when you grab frame
Warning 2025-11-15 19:21:08  DevID:MV-CA013-A0UC(J06720615)  Source-Line:libMvUsb3vTL.so(StreamProcess.cpp-L1426)     Description:Delete one DataNode     Solution:Please confirm that there is a blocking operation when you grab frame
Warning 2025-11-15 19:21:08  DevID:MV-CA013-A0UC(J06720615)  Source-Line:libMvUsb3vTL.so(StreamProcess.cpp-L0844)     Description:[GetOneFrame] PreFrameNum[6400], CurFrameNum[6404]     Solution:
Warning 2025-11-15 19:21:08  DevID:MV-CA013-A0UC(J06720615)  Source-Line:libMvUsb3vTL.so(StreamProcess.cpp-L1426)     Description:Delete one DataNode     Solution:Please confirm that there is a blocking operation when you grab frame
Warning 2025-11-15 19:21:08  DevID:MV-CA013-A0UC(J06720615)  Source-Line:libMvUsb3vTL.so(StreamProcess.cpp-L1426)     Description:Delete one DataNode     Solution:Please confirm that there is a blocking operation when you grab frame
Warning 2025-11-15 19:21:08  DevID:MV-CA013-A0UC(J06720615)  Source-Line:libMvUsb3vTL.so(StreamProcess.cpp-L1426)     Description:Delete one DataNode     Solution:Please confirm that there is a blocking operation when you grab frame
Warning 2025-11-15 19:21:08  DevID:MV-CA013-A0UC(J06720615)  Source-Line:libMvUsb3vTL.so(StreamProcess.cpp-L0844)     Description:[GetOneFrame] PreFrameNum[6404], CurFrameNum[6408]     Solution:
Warning 2025-11-15 19:21:08  DevID:MV-CA013-A0UC(J06720615)  Source-Line:libMvUsb3vTL.so(StreamProcess.cpp-L1426)     Description:Delete one DataNode     Solution:Please confirm that there is a blocking operation when you grab frame
Warning 2025-11-15 19:21:08  DevID:MV-CA013-A0UC(J06720615)  Source-Line:libMvUsb3vTL.so(StreamProcess.cpp-L1426)     Description:Delete one DataNode     Solution:Please confirm that there is a blocking operation when you grab frame
Warning 2025-11-15 19:21:08  DevID:MV-CA013-A0UC(J06720615)  Source-Line:libMvUsb3vTL.so(StreamProcess.cpp-L1426)     Description:Delete one DataNode     Solution:Please confirm that there is a blocking operation when you grab frame
Warning 2025-11-15 19:21:08  DevID:MV-CA013-A0UC(J06720615)  Source-Line:libMvUsb3vTL.so(StreamProcess.cpp-L0844)     Description:[GetOneFrame] PreFrameNum[6408], CurFrameNum[6412]     Solution:
Warning 2025-11-15 19:21:08  DevID:MV-CA013-A0UC(J06720615)  Source-Line:libMvUsb3vTL.so(StreamProcess.cpp-L1426)     Description:Delete one DataNode     Solution:Please confirm that there is a blocking operation when you grab frame
Warning 2025-11-15 19:21:08  DevID:MV-CA013-A0UC(J06720615)  Source-Line:libMvUsb3vTL.so(StreamProcess.cpp-L1426)     Description:Delete one DataNode     Solution:Please confirm that there is a blocking operation when you grab frame
Warning 2025-11-15 19:21:08  DevID:MV-CA013-A0UC(J06720615)  Source-Line:libMvUsb3vTL.so(StreamProcess.cpp-L1426)     Description:Delete one DataNode     Solution:Please confirm that there is a blocking operation when you grab frame
Warning 2025-11-15 19:21:08  DevID:MV-CA013-A0UC(J06720615)  Source-Line:libMvUsb3vTL.so(StreamProcess.cpp-L0844)     Description:[GetOneFrame] PreFrameNum[6412], CurFrameNum[6416]     Solution:
Warning 2025-11-15 19:21:08  DevID:MV-CA013-A0UC(J06720615)  Source-Line:libMvUsb3vTL.so(StreamProcess.cpp-L1426)     Description:Delete one DataNode     Solution:Please confirm that there is a blocking operation when you grab frame
Warning 2025-11-15 19:21:08  DevID:MV-CA013-A0UC(J06720615)  Source-Line:libMvUsb3vTL.so(StreamProcess.cpp-L1426)     Description:Delete one DataNode     Solution:Please confirm that there is a blocking operation when you grab frame
Warning 2025-11-15 19:21:08  DevID:MV-CA013-A0UC(J06720615)  Source-Line:libMvUsb3vTL.so(StreamProcess.cpp-L1426)     Description:Delete one DataNode     Solution:Please confirm that there is a blocking operation when you grab frame
Warning 2025-11-15 19:21:08  DevID:MV-CA013-A0UC(J06720615)  Source-Line:libMvUsb3vTL.so(StreamProcess.cpp-L0844)     Description:[GetOneFrame] PreFrameNum[6416], CurFrameNum[6420]     Solution:
Warning 2025-11-15 19:21:08  DevID:MV-CA013-A0UC(J06720615)  Source-Line:libMvUsb3vTL.so(StreamProcess.cpp-L1426)     Description:Delete one DataNode     Solution:Please confirm that there is a blocking operation when you grab frame
Warning 2025-11-15 19:21:08  DevID:MV-CA013-A0UC(J06720615)  Source-Line:libMvUsb3vTL.so(StreamProcess.cpp-L1426)     Description:Delete one DataNode     Solution:Please confirm that there is a blocking operation when you grab frame
Warning 2025-11-15 19:21:08  DevID:MV-CA013-A0UC(J06720615)  Source-Line:libMvUsb3vTL.so(StreamProcess.cpp-L1426)     Description:Delete one DataNode     Solution:Please confirm that there is a blocking operation when you grab frame
Warning 2025-11-15 19:21:08  DevID:MV-CA013-A0UC(J06720615)  Source-Line:libMvUsb3vTL.so(StreamProcess.cpp-L0844)     Description:[GetOneFrame] PreFrameNum[6420], CurFrameNum[6424]     Solution:
Warning 2025-11-15 19:21:08  DevID:MV-CA013-A0UC(J06720615)  Source-Line:libMvUsb3vTL.so(StreamProcess.cpp-L1426)     Description:Delete one DataNode     Solution:Please confirm that there is a blocking operation when you grab frame
Warning 2025-11-15 19:21:08  DevID:MV-CA013-A0UC(J06720615)  Source-Line:libMvUsb3vTL.so(StreamProcess.cpp-L1426)     Description:Delete one DataNode     Solution:Please confirm that there is a blocking operation when you grab frame
Warning 2025-11-15 19:21:08  DevID:MV-CA013-A0UC(J06720615)  Source-Line:libMvUsb3vTL.so(StreamProcess.cpp-L1426)     Description:Delete one DataNode     Solution:Please confirm that there is a blocking operation when you grab frame
Warning 2025-11-15 19:21:08  DevID:MV-CA013-A0UC(J06720615)  Source-Line:libMvUsb3vTL.so(StreamProcess.cpp-L0844)     Description:[GetOneFrame] PreFrameNum[6424], CurFrameNum[6428]     Solution:
Warning 2025-11-15 19:21:08  DevID:MV-CA013-A0UC(J06720615)  Source-Line:libMvUsb3vTL.so(StreamProcess.cpp-L1426)     Description:Delete one DataNode     Solution:Please confirm that there is a blocking operation when you grab frame
Warning 2025-11-15 19:21:08  DevID:MV-CA013-A0UC(J06720615)  Source-Line:libMvUsb3vTL.so(StreamProcess.cpp-L1426)     Description:Delete one DataNode     Solution:Please confirm that there is a blocking operation when you grab frame
Warning 2025-11-15 19:21:08  DevID:MV-CA013-A0UC(J06720615)  Source-Line:libMvUsb3vTL.so(StreamProcess.cpp-L1426)     Description:Delete one DataNode     Solution:Please confirm that there is a blocking operation when you grab frame
Warning 2025-11-15 19:21:08  DevID:MV-CA013-A0UC(J06720615)  Source-Line:libMvUsb3vTL.so(StreamProcess.cpp-L0844)     Description:[GetOneFrame] PreFrameNum[6428], CurFrameNum[6432]     Solution:
Warning 2025-11-15 19:21:08  DevID:MV-CA013-A0UC(J06720615)  Source-Line:libMvUsb3vTL.so(StreamProcess.cpp-L1426)     Description:Delete one DataNode     Solution:Please confirm that there is a blocking operation when you grab frame
Warning 2025-11-15 19:21:08  DevID:MV-CA013-A0UC(J06720615)  Source-Line:libMvUsb3vTL.so(StreamProcess.cpp-L1426)     Description:Delete one DataNode     Solution:Please confirm that there is a blocking operation when you grab frame
Warning 2025-11-15 19:21:08  DevID:MV-CA013-A0UC(J06720615)  Source-Line:libMvUsb3vTL.so(StreamProcess.cpp-L1426)     Description:Delete one DataNode     Solution:Please confirm that there is a blocking operation when you grab frame
Warning 2025-11-15 19:21:08  DevID:MV-CA013-A0UC(J06720615)  Source-Line:libMvUsb3vTL.so(StreamProcess.cpp-L0844)     Description:[GetOneFrame] PreFrameNum[6432], CurFrameNum[6436]     Solution:
Warning 2025-11-15 19:21:08  DevID:MV-CA013-A0UC(J06720615)  Source-Line:libMvUsb3vTL.so(StreamProcess.cpp-L1426)     Description:Delete one DataNode     Solution:Please confirm that there is a blocking operation when you grab frame
Warning 2025-11-15 19:21:08  DevID:MV-CA013-A0UC(J06720615)  Source-Line:libMvUsb3vTL.so(StreamProcess.cpp-L1426)     Description:Delete one DataNode     Solution:Please confirm that there is a blocking operation when you grab frame
Warning 2025-11-15 19:21:08  DevID:MV-CA013-A0UC(J06720615)  Source-Line:libMvUsb3vTL.so(StreamProcess.cpp-L1426)     Description:Delete one DataNode     Solution:Please confirm that there is a blocking operation when you grab frame
Warning 2025-11-15 19:21:08  DevID:MV-CA013-A0UC(J06720615)  Source-Line:libMvUsb3vTL.so(StreamProcess.cpp-L0844)     Description:[GetOneFrame] PreFrameNum[6436], CurFrameNum[6440]     Solution:
Warning 2025-11-15 19:21:08  DevID:MV-CA013-A0UC(J06720615)  Source-Line:libMvUsb3vTL.so(StreamProcess.cpp-L1426)     Description:Delete one DataNode     Solution:Please confirm that there is a blocking operation when you grab frame
Warning 2025-11-15 19:21:08  DevID:MV-CA013-A0UC(J06720615)  Source-Line:libMvUsb3vTL.so(StreamProcess.cpp-L1426)     Description:Delete one DataNode     Solution:Please confirm that there is a blocking operation when you grab frame
Warning 2025-11-15 19:21:08  DevID:MV-CA013-A0UC(J06720615)  Source-Line:libMvUsb3vTL.so(StreamProcess.cpp-L1426)     Description:Delete one DataNode     Solution:Please confirm that there is a blocking operation when you grab frame
Warning 2025-11-15 19:21:08  DevID:MV-CA013-A0UC(J06720615)  Source-Line:libMvUsb3vTL.so(StreamProcess.cpp-L0844)     Description:[GetOneFrame] PreFrameNum[6440], CurFrameNum[6444]     Solution:
Warning 2025-11-15 19:21:08  DevID:MV-CA013-A0UC(J06720615)  Source-Line:libMvUsb3vTL.so(StreamProcess.cpp-L1426)     Description:Delete one DataNode     Solution:Please confirm that there is a blocking operation when you grab frame
Warning 2025-11-15 19:21:08  DevID:MV-CA013-A0UC(J06720615)  Source-Line:libMvUsb3vTL.so(StreamProcess.cpp-L1426)     Description:Delete one DataNode     Solution:Please confirm that there is a blocking operation when you grab frame
Warning 2025-11-15 19:21:08  DevID:MV-CA013-A0UC(J06720615)  Source-Line:libMvUsb3vTL.so(StreamProcess.cpp-L1426)     Description:Delete one DataNode     Solution:Please confirm that there is a blocking operation when you grab frame
Warning 2025-11-15 19:21:08  DevID:MV-CA013-A0UC(J06720615)  Source-Line:libMvUsb3vTL.so(StreamProcess.cpp-L0844)     Description:[GetOneFrame] PreFrameNum[6444], CurFrameNum[6448]     Solution:
Warning 2025-11-15 19:21:08  DevID:MV-CA013-A0UC(J06720615)  Source-Line:libMvUsb3vTL.so(StreamProcess.cpp-L1426)     Description:Delete one DataNode     Solution:Please confirm that there is a blocking operation when you grab frame
Warning 2025-11-15 19:21:08  DevID:MV-CA013-A0UC(J06720615)  Source-Line:libMvUsb3vTL.so(StreamProcess.cpp-L1426)     Description:Delete one DataNode     Solution:Please confirm that there is a blocking operation when you grab frame
Warning 2025-11-15 19:21:08  DevID:MV-CA013-A0UC(J06720615)  Source-Line:libMvUsb3vTL.so(StreamProcess.cpp-L1426)     Description:Delete one DataNode     Solution:Please confirm that there is a blocking operation when you grab frame
Warning 2025-11-15 19:21:08  DevID:MV-CA013-A0UC(J06720615)  Source-Line:libMvUsb3vTL.so(StreamProcess.cpp-L0844)     Description:[GetOneFrame] PreFrameNum[6448], CurFrameNum[6452]     Solution:
Warning 2025-11-15 19:21:08  DevID:MV-CA013-A0UC(J06720615)  Source-Line:libMvUsb3vTL.so(StreamProcess.cpp-L1426)     Description:Delete one DataNode     Solution:Please confirm that there is a blocking operation when you grab frame
Warning 2025-11-15 19:21:08  DevID:MV-CA013-A0UC(J06720615)  Source-Line:libMvUsb3vTL.so(StreamProcess.cpp-L1426)     Description:Delete one DataNode     Solution:Please confirm that there is a blocking operation when you grab frame
Warning 2025-11-15 19:21:08  DevID:MV-CA013-A0UC(J06720615)  Source-Line:libMvUsb3vTL.so(StreamProcess.cpp-L1426)     Description:Delete one DataNode     Solution:Please confirm that there is a blocking operation when you grab frame
Warning 2025-11-15 19:21:08  DevID:MV-CA013-A0UC(J06720615)  Source-Line:libMvUsb3vTL.so(StreamProcess.cpp-L0844)     Description:[GetOneFrame] PreFrameNum[6452], CurFrameNum[6456]     Solution:
Warning 2025-11-15 19:21:08  DevID:MV-CA013-A0UC(J06720615)  Source-Line:libMvUsb3vTL.so(StreamProcess.cpp-L1426)     Description:Delete one DataNode     Solution:Please confirm that there is a blocking operation when you grab frame
Warning 2025-11-15 19:21:08  DevID:MV-CA013-A0UC(J06720615)  Source-Line:libMvUsb3vTL.so(StreamProcess.cpp-L1426)     Description:Delete one DataNode     Solution:Please confirm that there is a blocking operation when you grab frame
Warning 2025-11-15 19:21:08  DevID:MV-CA013-A0UC(J06720615)  Source-Line:libMvUsb3vTL.so(StreamProcess.cpp-L1426)     Description:Delete one DataNode     Solution:Please confirm that there is a blocking operation when you grab frame
Warning 2025-11-15 19:21:08  DevID:MV-CA013-A0UC(J06720615)  Source-Line:libMvUsb3vTL.so(StreamProcess.cpp-L0844)     Description:[GetOneFrame] PreFrameNum[6456], CurFrameNum[6460]     Solution:
Warning 2025-11-15 19:21:08  DevID:MV-CA013-A0UC(J06720615)  Source-Line:libMvUsb3vTL.so(StreamProcess.cpp-L1426)     Description:Delete one DataNode     Solution:Please confirm that there is a blocking operation when you grab frame
Warning 2025-11-15 19:21:08  DevID:MV-CA013-A0UC(J06720615)  Source-Line:libMvUsb3vTL.so(StreamProcess.cpp-L1426)     Description:Delete one DataNode     Solution:Please confirm that there is a blocking operation when you grab frame
Warning 2025-11-15 19:21:08  DevID:MV-CA013-A0UC(J06720615)  Source-Line:libMvUsb3vTL.so(StreamProcess.cpp-L1426)     Description:Delete one DataNode     Solution:Please confirm that there is a blocking operation when you grab frame
Warning 2025-11-15 19:21:08  DevID:MV-CA013-A0UC(J06720615)  Source-Line:libMvUsb3vTL.so(StreamProcess.cpp-L0844)     Description:[GetOneFrame] PreFrameNum[6460], CurFrameNum[6464]     Solution:
Warning 2025-11-15 19:21:08  DevID:MV-CA013-A0UC(J06720615)  Source-Line:libMvUsb3vTL.so(StreamProcess.cpp-L1426)     Description:Delete one DataNode     Solution:Please confirm that there is a blocking operation when you grab frame
Warning 2025-11-15 19:21:08  DevID:MV-CA013-A0UC(J06720615)  Source-Line:libMvUsb3vTL.so(StreamProcess.cpp-L1426)     Description:Delete one DataNode     Solution:Please confirm that there is a blocking operation when you grab frame
Warning 2025-11-15 19:21:08  DevID:MV-CA013-A0UC(J06720615)  Source-Line:libMvUsb3vTL.so(StreamProcess.cpp-L1426)     Description:Delete one DataNode     Solution:Please confirm that there is a blocking operation when you grab frame
Warning 2025-11-15 19:21:08  DevID:MV-CA013-A0UC(J06720615)  Source-Line:libMvUsb3vTL.so(StreamProcess.cpp-L0844)     Description:[GetOneFrame] PreFrameNum[6464], CurFrameNum[6468]     Solution:
Warning 2025-11-15 19:21:08  DevID:MV-CA013-A0UC(J06720615)  Source-Line:libMvUsb3vTL.so(StreamProcess.cpp-L1426)     Description:Delete one DataNode     Solution:Please confirm that there is a blocking operation when you grab frame
Warning 2025-11-15 19:21:08  DevID:MV-CA013-A0UC(J06720615)  Source-Line:libMvUsb3vTL.so(StreamProcess.cpp-L1426)     Description:Delete one DataNode     Solution:Please confirm that there is a blocking operation when you grab frame
Warning 2025-11-15 19:21:08  DevID:MV-CA013-A0UC(J06720615)  Source-Line:libMvUsb3vTL.so(StreamProcess.cpp-L1426)     Description:Delete one DataNode     Solution:Please confirm that there is a blocking operation when you grab frame
Warning 2025-11-15 19:21:08  DevID:MV-CA013-A0UC(J06720615)  Source-Line:libMvUsb3vTL.so(StreamProcess.cpp-L0844)     Description:[GetOneFrame] PreFrameNum[6468], CurFrameNum[6472]     Solution:
Warning 2025-11-15 19:21:08  DevID:MV-CA013-A0UC(J06720615)  Source-Line:libMvUsb3vTL.so(StreamProcess.cpp-L1426)     Description:Delete one DataNode     Solution:Please confirm that there is a blocking operation when you grab frame
Warning 2025-11-15 19:21:08  DevID:MV-CA013-A0UC(J06720615)  Source-Line:libMvUsb3vTL.so(StreamProcess.cpp-L1426)     Description:Delete one DataNode     Solution:Please confirm that there is a blocking operation when you grab frame
Warning 2025-11-15 19:21:08  DevID:MV-CA013-A0UC(J06720615)  Source-Line:libMvUsb3vTL.so(StreamProcess.cpp-L1426)     Description:Delete one DataNode     Solution:Please confirm that there is a blocking operation when you grab frame
Warning 2025-11-15 19:21:08  DevID:MV-CA013-A0UC(J06720615)  Source-Line:libMvUsb3vTL.so(StreamProcess.cpp-L0844)     Description:[GetOneFrame] PreFrameNum[6472], CurFrameNum[6476]     Solution:
Warning 2025-11-15 19:21:08  DevID:MV-CA013-A0UC(J06720615)  Source-Line:libMvUsb3vTL.so(StreamProcess.cpp-L1426)     Description:Delete one DataNode     Solution:Please confirm that there is a blocking operation when you grab frame
Warning 2025-11-15 19:21:08  DevID:MV-CA013-A0UC(J06720615)  Source-Line:libMvUsb3vTL.so(StreamProcess.cpp-L1426)     Description:Delete one DataNode     Solution:Please confirm that there is a blocking operation when you grab frame
Warning 2025-11-15 19:21:08  DevID:MV-CA013-A0UC(J06720615)  Source-Line:libMvUsb3vTL.so(StreamProcess.cpp-L1426)     Description:Delete one DataNode     Solution:Please confirm that there is a blocking operation when you grab frame
Warning 2025-11-15 19:21:08  DevID:MV-CA013-A0UC(J06720615)  Source-Line:libMvUsb3vTL.so(StreamProcess.cpp-L0844)     Description:[GetOneFrame] PreFrameNum[6476], CurFrameNum[6480]     Solution:
Warning 2025-11-15 19:21:08  DevID:MV-CA013-A0UC(J06720615)  Source-Line:libMvUsb3vTL.so(StreamProcess.cpp-L1426)     Description:Delete one DataNode     Solution:Please confirm that there is a blocking operation when you grab frame
Warning 2025-11-15 19:21:08  DevID:MV-CA013-A0UC(J06720615)  Source-Line:libMvUsb3vTL.so(StreamProcess.cpp-L1426)     Description:Delete one DataNode     Solution:Please confirm that there is a blocking operation when you grab frame
Warning 2025-11-15 19:21:08  DevID:MV-CA013-A0UC(J06720615)  Source-Line:libMvUsb3vTL.so(StreamProcess.cpp-L1426)     Description:Delete one DataNode     Solution:Please confirm that there is a blocking operation when you grab frame
Warning 2025-11-15 19:21:08  DevID:MV-CA013-A0UC(J06720615)  Source-Line:libMvUsb3vTL.so(StreamProcess.cpp-L0844)     Description:[GetOneFrame] PreFrameNum[6480], CurFrameNum[6484]     Solution:
Warning 2025-11-15 19:21:08  DevID:MV-CA013-A0UC(J06720615)  Source-Line:libMvUsb3vTL.so(StreamProcess.cpp-L1426)     Description:Delete one DataNode     Solution:Please confirm that there is a blocking operation when you grab frame
Warning 2025-11-15 19:21:08  DevID:MV-CA013-A0UC(J06720615)  Source-Line:libMvUsb3vTL.so(StreamProcess.cpp-L1426)     Description:Delete one DataNode     Solution:Please confirm that there is a blocking operation when you grab frame
Warning 2025-11-15 19:21:08  DevID:MV-CA013-A0UC(J06720615)  Source-Line:libMvUsb3vTL.so(StreamProcess.cpp-L1426)     Description:Delete one DataNode     Solution:Please confirm that there is a blocking operation when you grab frame
Warning 2025-11-15 19:21:08  DevID:MV-CA013-A0UC(J06720615)  Source-Line:libMvUsb3vTL.so(StreamProcess.cpp-L0844)     Description:[GetOneFrame] PreFrameNum[6484], CurFrameNum[6488]     Solution:
Warning 2025-11-15 19:21:08  DevID:MV-CA013-A0UC(J06720615)  Source-Line:libMvUsb3vTL.so(StreamProcess.cpp-L1426)     Description:Delete one DataNode     Solution:Please confirm that there is a blocking operation when you grab frame
Warning 2025-11-15 19:21:08  DevID:MV-CA013-A0UC(J06720615)  Source-Line:libMvUsb3vTL.so(StreamProcess.cpp-L1426)     Description:Delete one DataNode     Solution:Please confirm that there is a blocking operation when you grab frame
Warning 2025-11-15 19:21:08  DevID:MV-CA013-A0UC(J06720615)  Source-Line:libMvUsb3vTL.so(StreamProcess.cpp-L1426)     Description:Delete one DataNode     Solution:Please confirm that there is a blocking operation when you grab frame
Warning 2025-11-15 19:21:08  DevID:MV-CA013-A0UC(J06720615)  Source-Line:libMvUsb3vTL.so(StreamProcess.cpp-L0844)     Description:[GetOneFrame] PreFrameNum[6488], CurFrameNum[6492]     Solution:
Warning 2025-11-15 19:21:08  DevID:MV-CA013-A0UC(J06720615)  Source-Line:libMvUsb3vTL.so(StreamProcess.cpp-L1426)     Description:Delete one DataNode     Solution:Please confirm that there is a blocking operation when you grab frame
Warning 2025-11-15 19:21:08  DevID:MV-CA013-A0UC(J06720615)  Source-Line:libMvUsb3vTL.so(StreamProcess.cpp-L1426)     Description:Delete one DataNode     Solution:Please confirm that there is a blocking operation when you grab frame
Warning 2025-11-15 19:21:08  DevID:MV-CA013-A0UC(J06720615)  Source-Line:libMvUsb3vTL.so(StreamProcess.cpp-L1426)     Description:Delete one DataNode     Solution:Please confirm that there is a blocking operation when you grab frame
Warning 2025-11-15 19:21:08  DevID:MV-CA013-A0UC(J06720615)  Source-Line:libMvUsb3vTL.so(StreamProcess.cpp-L0844)     Description:[GetOneFrame] PreFrameNum[6492], CurFrameNum[6496]     Solution:
Warning 2025-11-15 19:21:08  DevID:MV-CA013-A0UC(J06720615)  Source-Line:libMvUsb3vTL.so(StreamProcess.cpp-L1426)     Description:Delete one DataNode     Solution:Please confirm that there is a blocking operation when you grab frame
Warning 2025-11-15 19:21:08  DevID:MV-CA013-A0UC(J06720615)  Source-Line:libMvUsb3vTL.so(StreamProcess.cpp-L1426)     Description:Delete one DataNode     Solution:Please confirm that there is a blocking operation when you grab frame
Warning 2025-11-15 19:21:08  DevID:MV-CA013-A0UC(J06720615)  Source-Line:libMvUsb3vTL.so(StreamProcess.cpp-L0844)     Description:[GetOneFrame] PreFrameNum[6496], CurFrameNum[6499]     Solution:
Warning 2025-11-15 19:21:08  DevID:MV-CA013-A0UC(J06720615)  Source-Line:libMvUsb3vTL.so(StreamProcess.cpp-L1426)     Description:Delete one DataNode     Solution:Please confirm that there is a blocking operation when you grab frame
Warning 2025-11-15 19:21:08  DevID:MV-CA013-A0UC(J06720615)  Source-Line:libMvUsb3vTL.so(StreamProcess.cpp-L1426)     Description:Delete one DataNode     Solution:Please confirm that there is a blocking operation when you grab frame
Warning 2025-11-15 19:21:08  DevID:MV-CA013-A0UC(J06720615)  Source-Line:libMvUsb3vTL.so(StreamProcess.cpp-L0844)     Description:[GetOneFrame] PreFrameNum[6499], CurFrameNum[6502]     Solution:
Warning 2025-11-15 19:21:08  DevID:MV-CA013-A0UC(J06720615)  Source-Line:libMvUsb3vTL.so(StreamProcess.cpp-L1426)     Description:Delete one DataNode     Solution:Please confirm that there is a blocking operation when you grab frame
Warning 2025-11-15 19:21:08  DevID:MV-CA013-A0UC(J06720615)  Source-Line:libMvUsb3vTL.so(StreamProcess.cpp-L1426)     Description:Delete one DataNode     Solution:Please confirm that there is a blocking operation when you grab frame
Warning 2025-11-15 19:21:08  DevID:MV-CA013-A0UC(J06720615)  Source-Line:libMvUsb3vTL.so(StreamProcess.cpp-L0844)     Description:[GetOneFrame] PreFrameNum[6502], CurFrameNum[6505]     Solution:
Warning 2025-11-15 19:21:08  DevID:MV-CA013-A0UC(J06720615)  Source-Line:libMvUsb3vTL.so(StreamProcess.cpp-L1426)     Description:Delete one DataNode     Solution:Please confirm that there is a blocking operation when you grab frame
Warning 2025-11-15 19:21:08  DevID:MV-CA013-A0UC(J06720615)  Source-Line:libMvUsb3vTL.so(StreamProcess.cpp-L1426)     Description:Delete one DataNode     Solution:Please confirm that there is a blocking operation when you grab frame
Warning 2025-11-15 19:21:08  DevID:MV-CA013-A0UC(J06720615)  Source-Line:libMvUsb3vTL.so(StreamProcess.cpp-L0844)     Description:[GetOneFrame] PreFrameNum[6505], CurFrameNum[6508]     Solution:
Warning 2025-11-15 19:21:08  DevID:MV-CA013-A0UC(J06720615)  Source-Line:libMvUsb3vTL.so(StreamProcess.cpp-L1426)     Description:Delete one DataNode     Solution:Please confirm that there is a blocking operation when you grab frame
Warning 2025-11-15 19:21:08  DevID:MV-CA013-A0UC(J06720615)  Source-Line:libMvUsb3vTL.so(StreamProcess.cpp-L1426)     Description:Delete one DataNode     Solution:Please confirm that there is a blocking operation when you grab frame
Warning 2025-11-15 19:21:08  DevID:MV-CA013-A0UC(J06720615)  Source-Line:libMvUsb3vTL.so(StreamProcess.cpp-L1426)     Description:Delete one DataNode     Solution:Please confirm that there is a blocking operation when you grab frame
Warning 2025-11-15 19:21:08  DevID:MV-CA013-A0UC(J06720615)  Source-Line:libMvUsb3vTL.so(StreamProcess.cpp-L0844)     Description:[GetOneFrame] PreFrameNum[6508], CurFrameNum[6512]     Solution:
Warning 2025-11-15 19:21:08  DevID:MV-CA013-A0UC(J06720615)  Source-Line:libMvUsb3vTL.so(StreamProcess.cpp-L1426)     Description:Delete one DataNode     Solution:Please confirm that there is a blocking operation when you grab frame
Warning 2025-11-15 19:21:08  DevID:MV-CA013-A0UC(J06720615)  Source-Line:libMvUsb3vTL.so(StreamProcess.cpp-L1426)     Description:Delete one DataNode     Solution:Please confirm that there is a blocking operation when you grab frame
Warning 2025-11-15 19:21:08  DevID:MV-CA013-A0UC(J06720615)  Source-Line:libMvUsb3vTL.so(StreamProcess.cpp-L0844)     Description:[GetOneFrame] PreFrameNum[6512], CurFrameNum[6515]     Solution:
Warning 2025-11-15 19:21:08  DevID:MV-CA013-A0UC(J06720615)  Source-Line:libMvUsb3vTL.so(StreamProcess.cpp-L1426)     Description:Delete one DataNode     Solution:Please confirm that there is a blocking operation when you grab frame
Warning 2025-11-15 19:21:08  DevID:MV-CA013-A0UC(J06720615)  Source-Line:libMvUsb3vTL.so(StreamProcess.cpp-L1426)     Description:Delete one DataNode     Solution:Please confirm that there is a blocking operation when you grab frame
Warning 2025-11-15 19:21:08  DevID:MV-CA013-A0UC(J06720615)  Source-Line:libMvUsb3vTL.so(StreamProcess.cpp-L1426)     Description:Delete one DataNode     Solution:Please confirm that there is a blocking operation when you grab frame
Warning 2025-11-15 19:21:08  DevID:MV-CA013-A0UC(J06720615)  Source-Line:libMvUsb3vTL.so(StreamProcess.cpp-L0844)     Description:[GetOneFrame] PreFrameNum[6515], CurFrameNum[6519]     Solution:
Warning 2025-11-15 19:21:08  DevID:MV-CA013-A0UC(J06720615)  Source-Line:libMvUsb3vTL.so(StreamProcess.cpp-L1426)     Description:Delete one DataNode     Solution:Please confirm that there is a blocking operation when you grab frame
Warning 2025-11-15 19:21:08  DevID:MV-CA013-A0UC(J06720615)  Source-Line:libMvUsb3vTL.so(StreamProcess.cpp-L1426)     Description:Delete one DataNode     Solution:Please confirm that there is a blocking operation when you grab frame
Warning 2025-11-15 19:21:08  DevID:MV-CA013-A0UC(J06720615)  Source-Line:libMvUsb3vTL.so(StreamProcess.cpp-L1426)     Description:Delete one DataNode     Solution:Please confirm that there is a blocking operation when you grab frame
Warning 2025-11-15 19:21:08  DevID:MV-CA013-A0UC(J06720615)  Source-Line:libMvUsb3vTL.so(StreamProcess.cpp-L0844)     Description:[GetOneFrame] PreFrameNum[6519], CurFrameNum[6523]     Solution:
Warning 2025-11-15 19:21:08  DevID:MV-CA013-A0UC(J06720615)  Source-Line:libMvUsb3vTL.so(StreamProcess.cpp-L1426)     Description:Delete one DataNode     Solution:Please confirm that there is a blocking operation when you grab frame
Warning 2025-11-15 19:21:08  DevID:MV-CA013-A0UC(J06720615)  Source-Line:libMvUsb3vTL.so(StreamProcess.cpp-L1426)     Description:Delete one DataNode     Solution:Please confirm that there is a blocking operation when you grab frame
Warning 2025-11-15 19:21:08  DevID:MV-CA013-A0UC(J06720615)  Source-Line:libMvUsb3vTL.so(StreamProcess.cpp-L1426)     Description:Delete one DataNode     Solution:Please confirm that there is a blocking operation when you grab frame
Warning 2025-11-15 19:21:08  DevID:MV-CA013-A0UC(J06720615)  Source-Line:libMvUsb3vTL.so(StreamProcess.cpp-L0844)     Description:[GetOneFrame] PreFrameNum[6523], CurFrameNum[6527]     Solution:
Warning 2025-11-15 19:21:08  DevID:MV-CA013-A0UC(J06720615)  Source-Line:libMvUsb3vTL.so(StreamProcess.cpp-L1426)     Description:Delete one DataNode     Solution:Please confirm that there is a blocking operation when you grab frame
Warning 2025-11-15 19:21:08  DevID:MV-CA013-A0UC(J06720615)  Source-Line:libMvUsb3vTL.so(StreamProcess.cpp-L1426)     Description:Delete one DataNode     Solution:Please confirm that there is a blocking operation when you grab frame
Warning 2025-11-15 19:21:08  DevID:MV-CA013-A0UC(J06720615)  Source-Line:libMvUsb3vTL.so(StreamProcess.cpp-L1426)     Description:Delete one DataNode     Solution:Please confirm that there is a blocking operation when you grab frame
Warning 2025-11-15 19:21:08  DevID:MV-CA013-A0UC(J06720615)  Source-Line:libMvUsb3vTL.so(StreamProcess.cpp-L0844)     Description:[GetOneFrame] PreFrameNum[6527], CurFrameNum[6531]     Solution:
Warning 2025-11-15 19:21:08  DevID:MV-CA013-A0UC(J06720615)  Source-Line:libMvUsb3vTL.so(StreamProcess.cpp-L1426)     Description:Delete one DataNode     Solution:Please confirm that there is a blocking operation when you grab frame
Warning 2025-11-15 19:21:08  DevID:MV-CA013-A0UC(J06720615)  Source-Line:libMvUsb3vTL.so(StreamProcess.cpp-L1426)     Description:Delete one DataNode     Solution:Please confirm that there is a blocking operation when you grab frame
Warning 2025-11-15 19:21:08  DevID:MV-CA013-A0UC(J06720615)  Source-Line:libMvUsb3vTL.so(StreamProcess.cpp-L1426)     Description:Delete one DataNode     Solution:Please confirm that there is a blocking operation when you grab frame
Warning 2025-11-15 19:21:08  DevID:MV-CA013-A0UC(J06720615)  Source-Line:libMvUsb3vTL.so(StreamProcess.cpp-L0844)     Description:[GetOneFrame] PreFrameNum[6531], CurFrameNum[6535]     Solution:
Warning 2025-11-15 19:21:08  DevID:MV-CA013-A0UC(J06720615)  Source-Line:libMvUsb3vTL.so(StreamProcess.cpp-L1426)     Description:Delete one DataNode     Solution:Please confirm that there is a blocking operation when you grab frame
Warning 2025-11-15 19:21:08  DevID:MV-CA013-A0UC(J06720615)  Source-Line:libMvUsb3vTL.so(StreamProcess.cpp-L1426)     Description:Delete one DataNode     Solution:Please confirm that there is a blocking operation when you grab frame
Warning 2025-11-15 19:21:08  DevID:MV-CA013-A0UC(J06720615)  Source-Line:libMvUsb3vTL.so(StreamProcess.cpp-L1426)     Description:Delete one DataNode     Solution:Please confirm that there is a blocking operation when you grab frame
Warning 2025-11-15 19:21:08  DevID:MV-CA013-A0UC(J06720615)  Source-Line:libMvUsb3vTL.so(StreamProcess.cpp-L0844)     Description:[GetOneFrame] PreFrameNum[6535], CurFrameNum[6539]     Solution:
Warning 2025-11-15 19:21:08  DevID:MV-CA013-A0UC(J06720615)  Source-Line:libMvUsb3vTL.so(StreamProcess.cpp-L1426)     Description:Delete one DataNode     Solution:Please confirm that there is a blocking operation when you grab frame
Warning 2025-11-15 19:21:08  DevID:MV-CA013-A0UC(J06720615)  Source-Line:libMvUsb3vTL.so(StreamProcess.cpp-L1426)     Description:Delete one DataNode     Solution:Please confirm that there is a blocking operation when you grab frame
Warning 2025-11-15 19:21:08  DevID:MV-CA013-A0UC(J06720615)  Source-Line:libMvUsb3vTL.so(StreamProcess.cpp-L1426)     Description:Delete one DataNode     Solution:Please confirm that there is a blocking operation when you grab frame
Warning 2025-11-15 19:21:09  DevID:MV-CA013-A0UC(J06720615)  Source-Line:libMvUsb3vTL.so(StreamProcess.cpp-L0844)     Description:[GetOneFrame] PreFrameNum[6539], CurFrameNum[6543]     Solution:
Warning 2025-11-15 19:21:09  DevID:MV-CA013-A0UC(J06720615)  Source-Line:libMvUsb3vTL.so(StreamProcess.cpp-L1426)     Description:Delete one DataNode     Solution:Please confirm that there is a blocking operation when you grab frame
Warning 2025-11-15 19:21:09  DevID:MV-CA013-A0UC(J06720615)  Source-Line:libMvUsb3vTL.so(StreamProcess.cpp-L1426)     Description:Delete one DataNode     Solution:Please confirm that there is a blocking operation when you grab frame
Warning 2025-11-15 19:21:09  DevID:MV-CA013-A0UC(J06720615)  Source-Line:libMvUsb3vTL.so(StreamProcess.cpp-L1426)     Description:Delete one DataNode     Solution:Please confirm that there is a blocking operation when you grab frame
Warning 2025-11-15 19:21:09  DevID:MV-CA013-A0UC(J06720615)  Source-Line:libMvUsb3vTL.so(StreamProcess.cpp-L0844)     Description:[GetOneFrame] PreFrameNum[6543], CurFrameNum[6547]     Solution:
Warning 2025-11-15 19:21:09  DevID:MV-CA013-A0UC(J06720615)  Source-Line:libMvUsb3vTL.so(StreamProcess.cpp-L1426)     Description:Delete one DataNode     Solution:Please confirm that there is a blocking operation when you grab frame
Warning 2025-11-15 19:21:09  DevID:MV-CA013-A0UC(J06720615)  Source-Line:libMvUsb3vTL.so(StreamProcess.cpp-L1426)     Description:Delete one DataNode     Solution:Please confirm that there is a blocking operation when you grab frame
Warning 2025-11-15 19:21:09  DevID:MV-CA013-A0UC(J06720615)  Source-Line:libMvUsb3vTL.so(StreamProcess.cpp-L0844)     Description:[GetOneFrame] PreFrameNum[6547], CurFrameNum[6550]     Solution:
Warning 2025-11-15 19:21:09  DevID:MV-CA013-A0UC(J06720615)  Source-Line:libMvUsb3vTL.so(StreamProcess.cpp-L1426)     Description:Delete one DataNode     Solution:Please confirm that there is a blocking operation when you grab frame
Warning 2025-11-15 19:21:09  DevID:MV-CA013-A0UC(J06720615)  Source-Line:libMvUsb3vTL.so(StreamProcess.cpp-L1426)     Description:Delete one DataNode     Solution:Please confirm that there is a blocking operation when you grab frame
Warning 2025-11-15 19:21:09  DevID:MV-CA013-A0UC(J06720615)  Source-Line:libMvUsb3vTL.so(StreamProcess.cpp-L1426)     Description:Delete one DataNode     Solution:Please confirm that there is a blocking operation when you grab frame
Warning 2025-11-15 19:21:09  DevID:MV-CA013-A0UC(J06720615)  Source-Line:libMvUsb3vTL.so(StreamProcess.cpp-L0844)     Description:[GetOneFrame] PreFrameNum[6550], CurFrameNum[6554]     Solution:
Warning 2025-11-15 19:21:09  DevID:MV-CA013-A0UC(J06720615)  Source-Line:libMvUsb3vTL.so(StreamProcess.cpp-L1426)     Description:Delete one DataNode     Solution:Please confirm that there is a blocking operation when you grab frame
Warning 2025-11-15 19:21:09  DevID:MV-CA013-A0UC(J06720615)  Source-Line:libMvUsb3vTL.so(StreamProcess.cpp-L1426)     Description:Delete one DataNode     Solution:Please confirm that there is a blocking operation when you grab frame
Warning 2025-11-15 19:21:09  DevID:MV-CA013-A0UC(J06720615)  Source-Line:libMvUsb3vTL.so(StreamProcess.cpp-L1426)     Description:Delete one DataNode     Solution:Please confirm that there is a blocking operation when you grab frame
Warning 2025-11-15 19:21:09  DevID:MV-CA013-A0UC(J06720615)  Source-Line:libMvUsb3vTL.so(StreamProcess.cpp-L0844)     Description:[GetOneFrame] PreFrameNum[6554], CurFrameNum[6558]     Solution:
Warning 2025-11-15 19:21:09  DevID:MV-CA013-A0UC(J06720615)  Source-Line:libMvUsb3vTL.so(StreamProcess.cpp-L1426)     Description:Delete one DataNode     Solution:Please confirm that there is a blocking operation when you grab frame
Warning 2025-11-15 19:21:09  DevID:MV-CA013-A0UC(J06720615)  Source-Line:libMvUsb3vTL.so(StreamProcess.cpp-L1426)     Description:Delete one DataNode     Solution:Please confirm that there is a blocking operation when you grab frame
Warning 2025-11-15 19:21:09  DevID:MV-CA013-A0UC(J06720615)  Source-Line:libMvUsb3vTL.so(StreamProcess.cpp-L1426)     Description:Delete one DataNode     Solution:Please confirm that there is a blocking operation when you grab frame
Warning 2025-11-15 19:21:09  DevID:MV-CA013-A0UC(J06720615)  Source-Line:libMvUsb3vTL.so(StreamProcess.cpp-L1426)     Description:Delete one DataNode     Solution:Please confirm that there is a blocking operation when you grab frame
Warning 2025-11-15 19:21:09  DevID:MV-CA013-A0UC(J06720615)  Source-Line:libMvUsb3vTL.so(StreamProcess.cpp-L1426)     Description:Delete one DataNode     Solution:Please confirm that there is a blocking operation when you grab frame
Warning 2025-11-15 19:21:09  DevID:MV-CA013-A0UC(J06720615)  Source-Line:libMvUsb3vTL.so(StreamProcess.cpp-L0844)     Description:[GetOneFrame] PreFrameNum[6558], CurFrameNum[6564]     Solution:
Warning 2025-11-15 19:21:09  DevID:MV-CA013-A0UC(J06720615)  Source-Line:libMvUsb3vTL.so(StreamProcess.cpp-L1426)     Description:Delete one DataNode     Solution:Please confirm that there is a blocking operation when you grab frame
Warning 2025-11-15 19:21:09  DevID:MV-CA013-A0UC(J06720615)  Source-Line:libMvUsb3vTL.so(StreamProcess.cpp-L1426)     Description:Delete one DataNode     Solution:Please confirm that there is a blocking operation when you grab frame
Warning 2025-11-15 19:21:09  DevID:MV-CA013-A0UC(J06720615)  Source-Line:libMvUsb3vTL.so(StreamProcess.cpp-L1426)     Description:Delete one DataNode     Solution:Please confirm that there is a blocking operation when you grab frame
Warning 2025-11-15 19:21:09  DevID:MV-CA013-A0UC(J06720615)  Source-Line:libMvUsb3vTL.so(StreamProcess.cpp-L0844)     Description:[GetOneFrame] PreFrameNum[6564], CurFrameNum[6568]     Solution:
Warning 2025-11-15 19:21:09  DevID:MV-CA013-A0UC(J06720615)  Source-Line:libMvUsb3vTL.so(StreamProcess.cpp-L1426)     Description:Delete one DataNode     Solution:Please confirm that there is a blocking operation when you grab frame
Warning 2025-11-15 19:21:09  DevID:MV-CA013-A0UC(J06720615)  Source-Line:libMvUsb3vTL.so(StreamProcess.cpp-L1426)     Description:Delete one DataNode     Solution:Please confirm that there is a blocking operation when you grab frame
Warning 2025-11-15 19:21:09  DevID:MV-CA013-A0UC(J06720615)  Source-Line:libMvUsb3vTL.so(StreamProcess.cpp-L1426)     Description:Delete one DataNode     Solution:Please confirm that there is a blocking operation when you grab frame
Warning 2025-11-15 19:21:09  DevID:MV-CA013-A0UC(J06720615)  Source-Line:libMvUsb3vTL.so(StreamProcess.cpp-L0844)     Description:[GetOneFrame] PreFrameNum[6568], CurFrameNum[6572]     Solution:
Warning 2025-11-15 19:21:09  DevID:MV-CA013-A0UC(J06720615)  Source-Line:libMvUsb3vTL.so(StreamProcess.cpp-L1426)     Description:Delete one DataNode     Solution:Please confirm that there is a blocking operation when you grab frame
Warning 2025-11-15 19:21:09  DevID:MV-CA013-A0UC(J06720615)  Source-Line:libMvUsb3vTL.so(StreamProcess.cpp-L1426)     Description:Delete one DataNode     Solution:Please confirm that there is a blocking operation when you grab frame
Warning 2025-11-15 19:21:09  DevID:MV-CA013-A0UC(J06720615)  Source-Line:libMvUsb3vTL.so(StreamProcess.cpp-L1426)     Description:Delete one DataNode     Solution:Please confirm that there is a blocking operation when you grab frame
Warning 2025-11-15 19:21:09  DevID:MV-CA013-A0UC(J06720615)  Source-Line:libMvUsb3vTL.so(StreamProcess.cpp-L0844)     Description:[GetOneFrame] PreFrameNum[6572], CurFrameNum[6576]     Solution:
Warning 2025-11-15 19:21:09  DevID:MV-CA013-A0UC(J06720615)  Source-Line:libMvUsb3vTL.so(StreamProcess.cpp-L1426)     Description:Delete one DataNode     Solution:Please confirm that there is a blocking operation when you grab frame
Warning 2025-11-15 19:21:09  DevID:MV-CA013-A0UC(J06720615)  Source-Line:libMvUsb3vTL.so(StreamProcess.cpp-L1426)     Description:Delete one DataNode     Solution:Please confirm that there is a blocking operation when you grab frame
Warning 2025-11-15 19:21:09  DevID:MV-CA013-A0UC(J06720615)  Source-Line:libMvUsb3vTL.so(StreamProcess.cpp-L1426)     Description:Delete one DataNode     Solution:Please confirm that there is a blocking operation when you grab frame
Warning 2025-11-15 19:21:09  DevID:MV-CA013-A0UC(J06720615)  Source-Line:libMvUsb3vTL.so(StreamProcess.cpp-L0844)     Description:[GetOneFrame] PreFrameNum[6576], CurFrameNum[6580]     Solution:
Warning 2025-11-15 19:21:09  DevID:MV-CA013-A0UC(J06720615)  Source-Line:libMvUsb3vTL.so(StreamProcess.cpp-L1426)     Description:Delete one DataNode     Solution:Please confirm that there is a blocking operation when you grab frame
Warning 2025-11-15 19:21:09  DevID:MV-CA013-A0UC(J06720615)  Source-Line:libMvUsb3vTL.so(StreamProcess.cpp-L1426)     Description:Delete one DataNode     Solution:Please confirm that there is a blocking operation when you grab frame
Warning 2025-11-15 19:21:09  DevID:MV-CA013-A0UC(J06720615)  Source-Line:libMvUsb3vTL.so(StreamProcess.cpp-L1426)     Description:Delete one DataNode     Solution:Please confirm that there is a blocking operation when you grab frame
Warning 2025-11-15 19:21:09  DevID:MV-CA013-A0UC(J06720615)  Source-Line:libMvUsb3vTL.so(StreamProcess.cpp-L0844)     Description:[GetOneFrame] PreFrameNum[6580], CurFrameNum[6584]     Solution:
Warning 2025-11-15 19:21:09  DevID:MV-CA013-A0UC(J06720615)  Source-Line:libMvUsb3vTL.so(StreamProcess.cpp-L1426)     Description:Delete one DataNode     Solution:Please confirm that there is a blocking operation when you grab frame
Warning 2025-11-15 19:21:09  DevID:MV-CA013-A0UC(J06720615)  Source-Line:libMvUsb3vTL.so(StreamProcess.cpp-L1426)     Description:Delete one DataNode     Solution:Please confirm that there is a blocking operation when you grab frame
Warning 2025-11-15 19:21:09  DevID:MV-CA013-A0UC(J06720615)  Source-Line:libMvUsb3vTL.so(StreamProcess.cpp-L1426)     Description:Delete one DataNode     Solution:Please confirm that there is a blocking operation when you grab frame
Warning 2025-11-15 19:21:09  DevID:MV-CA013-A0UC(J06720615)  Source-Line:libMvUsb3vTL.so(StreamProcess.cpp-L0844)     Description:[GetOneFrame] PreFrameNum[6584], CurFrameNum[6588]     Solution:
Warning 2025-11-15 19:21:09  DevID:MV-CA013-A0UC(J06720615)  Source-Line:libMvUsb3vTL.so(StreamProcess.cpp-L1426)     Description:Delete one DataNode     Solution:Please confirm that there is a blocking operation when you grab frame
Warning 2025-11-15 19:21:09  DevID:MV-CA013-A0UC(J06720615)  Source-Line:libMvUsb3vTL.so(StreamProcess.cpp-L1426)     Description:Delete one DataNode     Solution:Please confirm that there is a blocking operation when you grab frame
Warning 2025-11-15 19:21:09  DevID:MV-CA013-A0UC(J06720615)  Source-Line:libMvUsb3vTL.so(StreamProcess.cpp-L1426)     Description:Delete one DataNode     Solution:Please confirm that there is a blocking operation when you grab frame
Warning 2025-11-15 19:21:09  DevID:MV-CA013-A0UC(J06720615)  Source-Line:libMvUsb3vTL.so(StreamProcess.cpp-L0844)     Description:[GetOneFrame] PreFrameNum[6588], CurFrameNum[6592]     Solution:
Warning 2025-11-15 19:21:09  DevID:MV-CA013-A0UC(J06720615)  Source-Line:libMvUsb3vTL.so(StreamProcess.cpp-L1426)     Description:Delete one DataNode     Solution:Please confirm that there is a blocking operation when you grab frame
Warning 2025-11-15 19:21:09  DevID:MV-CA013-A0UC(J06720615)  Source-Line:libMvUsb3vTL.so(StreamProcess.cpp-L1426)     Description:Delete one DataNode     Solution:Please confirm that there is a blocking operation when you grab frame
Warning 2025-11-15 19:21:09  DevID:MV-CA013-A0UC(J06720615)  Source-Line:libMvUsb3vTL.so(StreamProcess.cpp-L1426)     Description:Delete one DataNode     Solution:Please confirm that there is a blocking operation when you grab frame
Warning 2025-11-15 19:21:09  DevID:MV-CA013-A0UC(J06720615)  Source-Line:libMvUsb3vTL.so(StreamProcess.cpp-L0844)     Description:[GetOneFrame] PreFrameNum[6592], CurFrameNum[6596]     Solution:
Warning 2025-11-15 19:21:09  DevID:MV-CA013-A0UC(J06720615)  Source-Line:libMvUsb3vTL.so(StreamProcess.cpp-L1426)     Description:Delete one DataNode     Solution:Please confirm that there is a blocking operation when you grab frame
Warning 2025-11-15 19:21:09  DevID:MV-CA013-A0UC(J06720615)  Source-Line:libMvUsb3vTL.so(StreamProcess.cpp-L1426)     Description:Delete one DataNode     Solution:Please confirm that there is a blocking operation when you grab frame
Warning 2025-11-15 19:21:09  DevID:MV-CA013-A0UC(J06720615)  Source-Line:libMvUsb3vTL.so(StreamProcess.cpp-L1426)     Description:Delete one DataNode     Solution:Please confirm that there is a blocking operation when you grab frame
Warning 2025-11-15 19:21:09  DevID:MV-CA013-A0UC(J06720615)  Source-Line:libMvUsb3vTL.so(StreamProcess.cpp-L0844)     Description:[GetOneFrame] PreFrameNum[6596], CurFrameNum[6600]     Solution:
Warning 2025-11-15 19:21:09  DevID:MV-CA013-A0UC(J06720615)  Source-Line:libMvUsb3vTL.so(StreamProcess.cpp-L1426)     Description:Delete one DataNode     Solution:Please confirm that there is a blocking operation when you grab frame
Warning 2025-11-15 19:21:09  DevID:MV-CA013-A0UC(J06720615)  Source-Line:libMvUsb3vTL.so(StreamProcess.cpp-L1426)     Description:Delete one DataNode     Solution:Please confirm that there is a blocking operation when you grab frame
Warning 2025-11-15 19:21:09  DevID:MV-CA013-A0UC(J06720615)  Source-Line:libMvUsb3vTL.so(StreamProcess.cpp-L1426)     Description:Delete one DataNode     Solution:Please confirm that there is a blocking operation when you grab frame
Warning 2025-11-15 19:21:09  DevID:MV-CA013-A0UC(J06720615)  Source-Line:libMvUsb3vTL.so(StreamProcess.cpp-L0844)     Description:[GetOneFrame] PreFrameNum[6600], CurFrameNum[6604]     Solution:
Warning 2025-11-15 19:21:09  DevID:MV-CA013-A0UC(J06720615)  Source-Line:libMvUsb3vTL.so(StreamProcess.cpp-L1426)     Description:Delete one DataNode     Solution:Please confirm that there is a blocking operation when you grab frame
Warning 2025-11-15 19:21:09  DevID:MV-CA013-A0UC(J06720615)  Source-Line:libMvUsb3vTL.so(StreamProcess.cpp-L1426)     Description:Delete one DataNode     Solution:Please confirm that there is a blocking operation when you grab frame
Warning 2025-11-15 19:21:09  DevID:MV-CA013-A0UC(J06720615)  Source-Line:libMvUsb3vTL.so(StreamProcess.cpp-L1426)     Description:Delete one DataNode     Solution:Please confirm that there is a blocking operation when you grab frame
Warning 2025-11-15 19:21:09  DevID:MV-CA013-A0UC(J06720615)  Source-Line:libMvUsb3vTL.so(StreamProcess.cpp-L0844)     Description:[GetOneFrame] PreFrameNum[6604], CurFrameNum[6608]     Solution:
Error   2025-11-15 19:21:09  DevID:MV-CA013-A0UC(J06720615)  Source-Line:libMvUsb3vTL.so(DriverLayer.cpp-L0769)     Description:timesOut, num_iso_packets: ff     Solution:
Info    2025-11-15 19:21:09  DevID:MV-CA013-A0UC(J06720615)  Source-Line:libMvUsb3vTL.so(EventProcess.cpp-L0311)     Description:[Event]Read Async, Ret[0xff]     Solution:
Warning 2025-11-15 19:21:09  DevID:MV-CA013-A0UC(J06720615)  Source-Line:libMvUsb3vTL.so(StreamProcess.cpp-L1426)     Description:Delete one DataNode     Solution:Please confirm that there is a blocking operation when you grab frame
Warning 2025-11-15 19:21:09  DevID:MV-CA013-A0UC(J06720615)  Source-Line:libMvUsb3vTL.so(StreamProcess.cpp-L1426)     Description:Delete one DataNode     Solution:Please confirm that there is a blocking operation when you grab frame
Warning 2025-11-15 19:21:09  DevID:MV-CA013-A0UC(J06720615)  Source-Line:libMvUsb3vTL.so(StreamProcess.cpp-L1426)     Description:Delete one DataNode     Solution:Please confirm that there is a blocking operation when you grab frame
Warning 2025-11-15 19:21:09  DevID:MV-CA013-A0UC(J06720615)  Source-Line:libMvUsb3vTL.so(StreamProcess.cpp-L0844)     Description:[GetOneFrame] PreFrameNum[6608], CurFrameNum[6612]     Solution:
Warning 2025-11-15 19:21:09  DevID:MV-CA013-A0UC(J06720615)  Source-Line:libMvUsb3vTL.so(StreamProcess.cpp-L1426)     Description:Delete one DataNode     Solution:Please confirm that there is a blocking operation when you grab frame
Warning 2025-11-15 19:21:09  DevID:MV-CA013-A0UC(J06720615)  Source-Line:libMvUsb3vTL.so(StreamProcess.cpp-L1426)     Description:Delete one DataNode     Solution:Please confirm that there is a blocking operation when you grab frame
Warning 2025-11-15 19:21:09  DevID:MV-CA013-A0UC(J06720615)  Source-Line:libMvUsb3vTL.so(StreamProcess.cpp-L1426)     Description:Delete one DataNode     Solution:Please confirm that there is a blocking operation when you grab frame
Warning 2025-11-15 19:21:09  DevID:MV-CA013-A0UC(J06720615)  Source-Line:libMvUsb3vTL.so(StreamProcess.cpp-L0844)     Description:[GetOneFrame] PreFrameNum[6612], CurFrameNum[6616]     Solution:
Warning 2025-11-15 19:21:09  DevID:MV-CA013-A0UC(J06720615)  Source-Line:libMvUsb3vTL.so(StreamProcess.cpp-L1426)     Description:Delete one DataNode     Solution:Please confirm that there is a blocking operation when you grab frame
Warning 2025-11-15 19:21:09  DevID:MV-CA013-A0UC(J06720615)  Source-Line:libMvUsb3vTL.so(StreamProcess.cpp-L1426)     Description:Delete one DataNode     Solution:Please confirm that there is a blocking operation when you grab frame
Warning 2025-11-15 19:21:09  DevID:MV-CA013-A0UC(J06720615)  Source-Line:libMvUsb3vTL.so(StreamProcess.cpp-L1426)     Description:Delete one DataNode     Solution:Please confirm that there is a blocking operation when you grab frame
Warning 2025-11-15 19:21:09  DevID:MV-CA013-A0UC(J06720615)  Source-Line:libMvUsb3vTL.so(StreamProcess.cpp-L0844)     Description:[GetOneFrame] PreFrameNum[6616], CurFrameNum[6620]     Solution:
Warning 2025-11-15 19:21:09  DevID:MV-CA013-A0UC(J06720615)  Source-Line:libMvUsb3vTL.so(StreamProcess.cpp-L1426)     Description:Delete one DataNode     Solution:Please confirm that there is a blocking operation when you grab frame
Warning 2025-11-15 19:21:09  DevID:MV-CA013-A0UC(J06720615)  Source-Line:libMvUsb3vTL.so(StreamProcess.cpp-L1426)     Description:Delete one DataNode     Solution:Please confirm that there is a blocking operation when you grab frame
Warning 2025-11-15 19:21:09  DevID:MV-CA013-A0UC(J06720615)  Source-Line:libMvUsb3vTL.so(StreamProcess.cpp-L1426)     Description:Delete one DataNode     Solution:Please confirm that there is a blocking operation when you grab frame
Warning 2025-11-15 19:21:09  DevID:MV-CA013-A0UC(J06720615)  Source-Line:libMvUsb3vTL.so(StreamProcess.cpp-L0844)     Description:[GetOneFrame] PreFrameNum[6620], CurFrameNum[6624]     Solution:
Warning 2025-11-15 19:21:09  DevID:MV-CA013-A0UC(J06720615)  Source-Line:libMvUsb3vTL.so(StreamProcess.cpp-L1426)     Description:Delete one DataNode     Solution:Please confirm that there is a blocking operation when you grab frame
Warning 2025-11-15 19:21:09  DevID:MV-CA013-A0UC(J06720615)  Source-Line:libMvUsb3vTL.so(StreamProcess.cpp-L1426)     Description:Delete one DataNode     Solution:Please confirm that there is a blocking operation when you grab frame
Warning 2025-11-15 19:21:09  DevID:MV-CA013-A0UC(J06720615)  Source-Line:libMvUsb3vTL.so(StreamProcess.cpp-L1426)     Description:Delete one DataNode     Solution:Please confirm that there is a blocking operation when you grab frame
Warning 2025-11-15 19:21:09  DevID:MV-CA013-A0UC(J06720615)  Source-Line:libMvUsb3vTL.so(StreamProcess.cpp-L0844)     Description:[GetOneFrame] PreFrameNum[6624], CurFrameNum[6628]     Solution:
Warning 2025-11-15 19:21:09  DevID:MV-CA013-A0UC(J06720615)  Source-Line:libMvUsb3vTL.so(StreamProcess.cpp-L1426)     Description:Delete one DataNode     Solution:Please confirm that there is a blocking operation when you grab frame
Warning 2025-11-15 19:21:09  DevID:MV-CA013-A0UC(J06720615)  Source-Line:libMvUsb3vTL.so(StreamProcess.cpp-L1426)     Description:Delete one DataNode     Solution:Please confirm that there is a blocking operation when you grab frame
Warning 2025-11-15 19:21:09  DevID:MV-CA013-A0UC(J06720615)  Source-Line:libMvUsb3vTL.so(StreamProcess.cpp-L1426)     Description:Delete one DataNode     Solution:Please confirm that there is a blocking operation when you grab frame
Warning 2025-11-15 19:21:09  DevID:MV-CA013-A0UC(J06720615)  Source-Line:libMvUsb3vTL.so(StreamProcess.cpp-L0844)     Description:[GetOneFrame] PreFrameNum[6628], CurFrameNum[6632]     Solution:
Warning 2025-11-15 19:21:09  DevID:MV-CA013-A0UC(J06720615)  Source-Line:libMvUsb3vTL.so(StreamProcess.cpp-L1426)     Description:Delete one DataNode     Solution:Please confirm that there is a blocking operation when you grab frame
Warning 2025-11-15 19:21:09  DevID:MV-CA013-A0UC(J06720615)  Source-Line:libMvUsb3vTL.so(StreamProcess.cpp-L1426)     Description:Delete one DataNode     Solution:Please confirm that there is a blocking operation when you grab frame
Warning 2025-11-15 19:21:09  DevID:MV-CA013-A0UC(J06720615)  Source-Line:libMvUsb3vTL.so(StreamProcess.cpp-L1426)     Description:Delete one DataNode     Solution:Please confirm that there is a blocking operation when you grab frame
Warning 2025-11-15 19:21:09  DevID:MV-CA013-A0UC(J06720615)  Source-Line:libMvUsb3vTL.so(StreamProcess.cpp-L0844)     Description:[GetOneFrame] PreFrameNum[6632], CurFrameNum[6636]     Solution:
Warning 2025-11-15 19:21:09  DevID:MV-CA013-A0UC(J06720615)  Source-Line:libMvUsb3vTL.so(StreamProcess.cpp-L1426)     Description:Delete one DataNode     Solution:Please confirm that there is a blocking operation when you grab frame
Warning 2025-11-15 19:21:09  DevID:MV-CA013-A0UC(J06720615)  Source-Line:libMvUsb3vTL.so(StreamProcess.cpp-L1426)     Description:Delete one DataNode     Solution:Please confirm that there is a blocking operation when you grab frame
Warning 2025-11-15 19:21:09  DevID:MV-CA013-A0UC(J06720615)  Source-Line:libMvUsb3vTL.so(StreamProcess.cpp-L1426)     Description:Delete one DataNode     Solution:Please confirm that there is a blocking operation when you grab frame
Warning 2025-11-15 19:21:09  DevID:MV-CA013-A0UC(J06720615)  Source-Line:libMvUsb3vTL.so(StreamProcess.cpp-L0844)     Description:[GetOneFrame] PreFrameNum[6636], CurFrameNum[6640]     Solution:
Warning 2025-11-15 19:21:09  DevID:MV-CA013-A0UC(J06720615)  Source-Line:libMvUsb3vTL.so(StreamProcess.cpp-L1426)     Description:Delete one DataNode     Solution:Please confirm that there is a blocking operation when you grab frame
Warning 2025-11-15 19:21:09  DevID:MV-CA013-A0UC(J06720615)  Source-Line:libMvUsb3vTL.so(StreamProcess.cpp-L1426)     Description:Delete one DataNode     Solution:Please confirm that there is a blocking operation when you grab frame
Warning 2025-11-15 19:21:09  DevID:MV-CA013-A0UC(J06720615)  Source-Line:libMvUsb3vTL.so(StreamProcess.cpp-L1426)     Description:Delete one DataNode     Solution:Please confirm that there is a blocking operation when you grab frame
Warning 2025-11-15 19:21:09  DevID:MV-CA013-A0UC(J06720615)  Source-Line:libMvUsb3vTL.so(StreamProcess.cpp-L0844)     Description:[GetOneFrame] PreFrameNum[6640], CurFrameNum[6644]     Solution:
Warning 2025-11-15 19:21:09  DevID:MV-CA013-A0UC(J06720615)  Source-Line:libMvUsb3vTL.so(StreamProcess.cpp-L1426)     Description:Delete one DataNode     Solution:Please confirm that there is a blocking operation when you grab frame
Warning 2025-11-15 19:21:09  DevID:MV-CA013-A0UC(J06720615)  Source-Line:libMvUsb3vTL.so(StreamProcess.cpp-L1426)     Description:Delete one DataNode     Solution:Please confirm that there is a blocking operation when you grab frame
Warning 2025-11-15 19:21:09  DevID:MV-CA013-A0UC(J06720615)  Source-Line:libMvUsb3vTL.so(StreamProcess.cpp-L1426)     Description:Delete one DataNode     Solution:Please confirm that there is a blocking operation when you grab frame
Warning 2025-11-15 19:21:09  DevID:MV-CA013-A0UC(J06720615)  Source-Line:libMvUsb3vTL.so(StreamProcess.cpp-L0844)     Description:[GetOneFrame] PreFrameNum[6644], CurFrameNum[6648]     Solution:
Warning 2025-11-15 19:21:09  DevID:MV-CA013-A0UC(J06720615)  Source-Line:libMvUsb3vTL.so(StreamProcess.cpp-L1426)     Description:Delete one DataNode     Solution:Please confirm that there is a blocking operation when you grab frame
Warning 2025-11-15 19:21:09  DevID:MV-CA013-A0UC(J06720615)  Source-Line:libMvUsb3vTL.so(StreamProcess.cpp-L1426)     Description:Delete one DataNode     Solution:Please confirm that there is a blocking operation when you grab frame
Warning 2025-11-15 19:21:09  DevID:MV-CA013-A0UC(J06720615)  Source-Line:libMvUsb3vTL.so(StreamProcess.cpp-L1426)     Description:Delete one DataNode     Solution:Please confirm that there is a blocking operation when you grab frame
Warning 2025-11-15 19:21:09  DevID:MV-CA013-A0UC(J06720615)  Source-Line:libMvUsb3vTL.so(StreamProcess.cpp-L0844)     Description:[GetOneFrame] PreFrameNum[6648], CurFrameNum[6652]     Solution:
Warning 2025-11-15 19:21:09  DevID:MV-CA013-A0UC(J06720615)  Source-Line:libMvUsb3vTL.so(StreamProcess.cpp-L1426)     Description:Delete one DataNode     Solution:Please confirm that there is a blocking operation when you grab frame
Warning 2025-11-15 19:21:09  DevID:MV-CA013-A0UC(J06720615)  Source-Line:libMvUsb3vTL.so(StreamProcess.cpp-L1426)     Description:Delete one DataNode     Solution:Please confirm that there is a blocking operation when you grab frame
Warning 2025-11-15 19:21:09  DevID:MV-CA013-A0UC(J06720615)  Source-Line:libMvUsb3vTL.so(StreamProcess.cpp-L1426)     Description:Delete one DataNode     Solution:Please confirm that there is a blocking operation when you grab frame
Warning 2025-11-15 19:21:09  DevID:MV-CA013-A0UC(J06720615)  Source-Line:libMvUsb3vTL.so(StreamProcess.cpp-L0844)     Description:[GetOneFrame] PreFrameNum[6652], CurFrameNum[6656]     Solution:
Warning 2025-11-15 19:21:09  DevID:MV-CA013-A0UC(J06720615)  Source-Line:libMvUsb3vTL.so(StreamProcess.cpp-L1426)     Description:Delete one DataNode     Solution:Please confirm that there is a blocking operation when you grab frame
Warning 2025-11-15 19:21:09  DevID:MV-CA013-A0UC(J06720615)  Source-Line:libMvUsb3vTL.so(StreamProcess.cpp-L1426)     Description:Delete one DataNode     Solution:Please confirm that there is a blocking operation when you grab frame
Warning 2025-11-15 19:21:09  DevID:MV-CA013-A0UC(J06720615)  Source-Line:libMvUsb3vTL.so(StreamProcess.cpp-L1426)     Description:Delete one DataNode     Solution:Please confirm that there is a blocking operation when you grab frame
Warning 2025-11-15 19:21:09  DevID:MV-CA013-A0UC(J06720615)  Source-Line:libMvUsb3vTL.so(StreamProcess.cpp-L0844)     Description:[GetOneFrame] PreFrameNum[6656], CurFrameNum[6660]     Solution:
Warning 2025-11-15 19:21:09  DevID:MV-CA013-A0UC(J06720615)  Source-Line:libMvUsb3vTL.so(StreamProcess.cpp-L1426)     Description:Delete one DataNode     Solution:Please confirm that there is a blocking operation when you grab frame
Warning 2025-11-15 19:21:09  DevID:MV-CA013-A0UC(J06720615)  Source-Line:libMvUsb3vTL.so(StreamProcess.cpp-L1426)     Description:Delete one DataNode     Solution:Please confirm that there is a blocking operation when you grab frame
Warning 2025-11-15 19:21:09  DevID:MV-CA013-A0UC(J06720615)  Source-Line:libMvUsb3vTL.so(StreamProcess.cpp-L1426)     Description:Delete one DataNode     Solution:Please confirm that there is a blocking operation when you grab frame
Warning 2025-11-15 19:21:09  DevID:MV-CA013-A0UC(J06720615)  Source-Line:libMvUsb3vTL.so(StreamProcess.cpp-L0844)     Description:[GetOneFrame] PreFrameNum[6660], CurFrameNum[6664]     Solution:
Warning 2025-11-15 19:21:09  DevID:MV-CA013-A0UC(J06720615)  Source-Line:libMvUsb3vTL.so(StreamProcess.cpp-L1426)     Description:Delete one DataNode     Solution:Please confirm that there is a blocking operation when you grab frame
Warning 2025-11-15 19:21:09  DevID:MV-CA013-A0UC(J06720615)  Source-Line:libMvUsb3vTL.so(StreamProcess.cpp-L1426)     Description:Delete one DataNode     Solution:Please confirm that there is a blocking operation when you grab frame
Warning 2025-11-15 19:21:09  DevID:MV-CA013-A0UC(J06720615)  Source-Line:libMvUsb3vTL.so(StreamProcess.cpp-L1426)     Description:Delete one DataNode     Solution:Please confirm that there is a blocking operation when you grab frame
Warning 2025-11-15 19:21:09  DevID:MV-CA013-A0UC(J06720615)  Source-Line:libMvUsb3vTL.so(StreamProcess.cpp-L0844)     Description:[GetOneFrame] PreFrameNum[6664], CurFrameNum[6668]     Solution:
Warning 2025-11-15 19:21:09  DevID:MV-CA013-A0UC(J06720615)  Source-Line:libMvUsb3vTL.so(StreamProcess.cpp-L1426)     Description:Delete one DataNode     Solution:Please confirm that there is a blocking operation when you grab frame
Warning 2025-11-15 19:21:09  DevID:MV-CA013-A0UC(J06720615)  Source-Line:libMvUsb3vTL.so(StreamProcess.cpp-L1426)     Description:Delete one DataNode     Solution:Please confirm that there is a blocking operation when you grab frame
Warning 2025-11-15 19:21:09  DevID:MV-CA013-A0UC(J06720615)  Source-Line:libMvUsb3vTL.so(StreamProcess.cpp-L1426)     Description:Delete one DataNode     Solution:Please confirm that there is a blocking operation when you grab frame
Warning 2025-11-15 19:21:09  DevID:MV-CA013-A0UC(J06720615)  Source-Line:libMvUsb3vTL.so(StreamProcess.cpp-L0844)     Description:[GetOneFrame] PreFrameNum[6668], CurFrameNum[6672]     Solution:
Warning 2025-11-15 19:21:09  DevID:MV-CA013-A0UC(J06720615)  Source-Line:libMvUsb3vTL.so(StreamProcess.cpp-L1426)     Description:Delete one DataNode     Solution:Please confirm that there is a blocking operation when you grab frame
Warning 2025-11-15 19:21:09  DevID:MV-CA013-A0UC(J06720615)  Source-Line:libMvUsb3vTL.so(StreamProcess.cpp-L1426)     Description:Delete one DataNode     Solution:Please confirm that there is a blocking operation when you grab frame
Warning 2025-11-15 19:21:09  DevID:MV-CA013-A0UC(J06720615)  Source-Line:libMvUsb3vTL.so(StreamProcess.cpp-L1426)     Description:Delete one DataNode     Solution:Please confirm that there is a blocking operation when you grab frame
Warning 2025-11-15 19:21:09  DevID:MV-CA013-A0UC(J06720615)  Source-Line:libMvUsb3vTL.so(StreamProcess.cpp-L0844)     Description:[GetOneFrame] PreFrameNum[6672], CurFrameNum[6676]     Solution:
Warning 2025-11-15 19:21:09  DevID:MV-CA013-A0UC(J06720615)  Source-Line:libMvUsb3vTL.so(StreamProcess.cpp-L1426)     Description:Delete one DataNode     Solution:Please confirm that there is a blocking operation when you grab frame
Warning 2025-11-15 19:21:09  DevID:MV-CA013-A0UC(J06720615)  Source-Line:libMvUsb3vTL.so(StreamProcess.cpp-L1426)     Description:Delete one DataNode     Solution:Please confirm that there is a blocking operation when you grab frame
Warning 2025-11-15 19:21:09  DevID:MV-CA013-A0UC(J06720615)  Source-Line:libMvUsb3vTL.so(StreamProcess.cpp-L1426)     Description:Delete one DataNode     Solution:Please confirm that there is a blocking operation when you grab frame
Warning 2025-11-15 19:21:09  DevID:MV-CA013-A0UC(J06720615)  Source-Line:libMvUsb3vTL.so(StreamProcess.cpp-L0844)     Description:[GetOneFrame] PreFrameNum[6676], CurFrameNum[6680]     Solution:
Warning 2025-11-15 19:21:09  DevID:MV-CA013-A0UC(J06720615)  Source-Line:libMvUsb3vTL.so(StreamProcess.cpp-L1426)     Description:Delete one DataNode     Solution:Please confirm that there is a blocking operation when you grab frame
Warning 2025-11-15 19:21:09  DevID:MV-CA013-A0UC(J06720615)  Source-Line:libMvUsb3vTL.so(StreamProcess.cpp-L1426)     Description:Delete one DataNode     Solution:Please confirm that there is a blocking operation when you grab frame
Warning 2025-11-15 19:21:09  DevID:MV-CA013-A0UC(J06720615)  Source-Line:libMvUsb3vTL.so(StreamProcess.cpp-L0844)     Description:[GetOneFrame] PreFrameNum[6680], CurFrameNum[6683]     Solution:
Warning 2025-11-15 19:21:09  DevID:MV-CA013-A0UC(J06720615)  Source-Line:libMvUsb3vTL.so(StreamProcess.cpp-L1426)     Description:Delete one DataNode     Solution:Please confirm that there is a blocking operation when you grab frame
Warning 2025-11-15 19:21:09  DevID:MV-CA013-A0UC(J06720615)  Source-Line:libMvUsb3vTL.so(StreamProcess.cpp-L1426)     Description:Delete one DataNode     Solution:Please confirm that there is a blocking operation when you grab frame
Warning 2025-11-15 19:21:09  DevID:MV-CA013-A0UC(J06720615)  Source-Line:libMvUsb3vTL.so(StreamProcess.cpp-L1426)     Description:Delete one DataNode     Solution:Please confirm that there is a blocking operation when you grab frame
Warning 2025-11-15 19:21:09  DevID:MV-CA013-A0UC(J06720615)  Source-Line:libMvUsb3vTL.so(StreamProcess.cpp-L0844)     Description:[GetOneFrame] PreFrameNum[6683], CurFrameNum[6687]     Solution:
Warning 2025-11-15 19:21:09  DevID:MV-CA013-A0UC(J06720615)  Source-Line:libMvUsb3vTL.so(StreamProcess.cpp-L1426)     Description:Delete one DataNode     Solution:Please confirm that there is a blocking operation when you grab frame
Warning 2025-11-15 19:21:09  DevID:MV-CA013-A0UC(J06720615)  Source-Line:libMvUsb3vTL.so(StreamProcess.cpp-L1426)     Description:Delete one DataNode     Solution:Please confirm that there is a blocking operation when you grab frame
Warning 2025-11-15 19:21:09  DevID:MV-CA013-A0UC(J06720615)  Source-Line:libMvUsb3vTL.so(StreamProcess.cpp-L0844)     Description:[GetOneFrame] PreFrameNum[6687], CurFrameNum[6690]     Solution:
Warning 2025-11-15 19:21:09  DevID:MV-CA013-A0UC(J06720615)  Source-Line:libMvUsb3vTL.so(StreamProcess.cpp-L1426)     Description:Delete one DataNode     Solution:Please confirm that there is a blocking operation when you grab frame
Warning 2025-11-15 19:21:09  DevID:MV-CA013-A0UC(J06720615)  Source-Line:libMvUsb3vTL.so(StreamProcess.cpp-L1426)     Description:Delete one DataNode     Solution:Please confirm that there is a blocking operation when you grab frame
Warning 2025-11-15 19:21:09  DevID:MV-CA013-A0UC(J06720615)  Source-Line:libMvUsb3vTL.so(StreamProcess.cpp-L1426)     Description:Delete one DataNode     Solution:Please confirm that there is a blocking operation when you grab frame
Warning 2025-11-15 19:21:09  DevID:MV-CA013-A0UC(J06720615)  Source-Line:libMvUsb3vTL.so(StreamProcess.cpp-L0844)     Description:[GetOneFrame] PreFrameNum[6690], CurFrameNum[6694]     Solution:
Warning 2025-11-15 19:21:09  DevID:MV-CA013-A0UC(J06720615)  Source-Line:libMvUsb3vTL.so(StreamProcess.cpp-L1426)     Description:Delete one DataNode     Solution:Please confirm that there is a blocking operation when you grab frame
Warning 2025-11-15 19:21:09  DevID:MV-CA013-A0UC(J06720615)  Source-Line:libMvUsb3vTL.so(StreamProcess.cpp-L1426)     Description:Delete one DataNode     Solution:Please confirm that there is a blocking operation when you grab frame
Warning 2025-11-15 19:21:09  DevID:MV-CA013-A0UC(J06720615)  Source-Line:libMvUsb3vTL.so(StreamProcess.cpp-L1426)     Description:Delete one DataNode     Solution:Please confirm that there is a blocking operation when you grab frame
Warning 2025-11-15 19:21:09  DevID:MV-CA013-A0UC(J06720615)  Source-Line:libMvUsb3vTL.so(StreamProcess.cpp-L0844)     Description:[GetOneFrame] PreFrameNum[6694], CurFrameNum[6698]     Solution:
Warning 2025-11-15 19:21:09  DevID:MV-CA013-A0UC(J06720615)  Source-Line:libMvUsb3vTL.so(StreamProcess.cpp-L1426)     Description:Delete one DataNode     Solution:Please confirm that there is a blocking operation when you grab frame
Warning 2025-11-15 19:21:09  DevID:MV-CA013-A0UC(J06720615)  Source-Line:libMvUsb3vTL.so(StreamProcess.cpp-L1426)     Description:Delete one DataNode     Solution:Please confirm that there is a blocking operation when you grab frame
Warning 2025-11-15 19:21:09  DevID:MV-CA013-A0UC(J06720615)  Source-Line:libMvUsb3vTL.so(StreamProcess.cpp-L1426)     Description:Delete one DataNode     Solution:Please confirm that there is a blocking operation when you grab frame
Warning 2025-11-15 19:21:09  DevID:MV-CA013-A0UC(J06720615)  Source-Line:libMvUsb3vTL.so(StreamProcess.cpp-L0844)     Description:[GetOneFrame] PreFrameNum[6698], CurFrameNum[6702]     Solution:
Warning 2025-11-15 19:21:09  DevID:MV-CA013-A0UC(J06720615)  Source-Line:libMvUsb3vTL.so(StreamProcess.cpp-L1426)     Description:Delete one DataNode     Solution:Please confirm that there is a blocking operation when you grab frame
Warning 2025-11-15 19:21:09  DevID:MV-CA013-A0UC(J06720615)  Source-Line:libMvUsb3vTL.so(StreamProcess.cpp-L1426)     Description:Delete one DataNode     Solution:Please confirm that there is a blocking operation when you grab frame
Warning 2025-11-15 19:21:09  DevID:MV-CA013-A0UC(J06720615)  Source-Line:libMvUsb3vTL.so(StreamProcess.cpp-L0844)     Description:[GetOneFrame] PreFrameNum[6702], CurFrameNum[6705]     Solution:
Warning 2025-11-15 19:21:09  DevID:MV-CA013-A0UC(J06720615)  Source-Line:libMvUsb3vTL.so(StreamProcess.cpp-L1426)     Description:Delete one DataNode     Solution:Please confirm that there is a blocking operation when you grab frame
Warning 2025-11-15 19:21:09  DevID:MV-CA013-A0UC(J06720615)  Source-Line:libMvUsb3vTL.so(StreamProcess.cpp-L1426)     Description:Delete one DataNode     Solution:Please confirm that there is a blocking operation when you grab frame
Warning 2025-11-15 19:21:09  DevID:MV-CA013-A0UC(J06720615)  Source-Line:libMvUsb3vTL.so(StreamProcess.cpp-L0844)     Description:[GetOneFrame] PreFrameNum[6705], CurFrameNum[6708]     Solution:
Warning 2025-11-15 19:21:09  DevID:MV-CA013-A0UC(J06720615)  Source-Line:libMvUsb3vTL.so(StreamProcess.cpp-L1426)     Description:Delete one DataNode     Solution:Please confirm that there is a blocking operation when you grab frame
Warning 2025-11-15 19:21:09  DevID:MV-CA013-A0UC(J06720615)  Source-Line:libMvUsb3vTL.so(StreamProcess.cpp-L1426)     Description:Delete one DataNode     Solution:Please confirm that there is a blocking operation when you grab frame
Warning 2025-11-15 19:21:09  DevID:MV-CA013-A0UC(J06720615)  Source-Line:libMvUsb3vTL.so(StreamProcess.cpp-L1426)     Description:Delete one DataNode     Solution:Please confirm that there is a blocking operation when you grab frame
Warning 2025-11-15 19:21:09  DevID:MV-CA013-A0UC(J06720615)  Source-Line:libMvUsb3vTL.so(StreamProcess.cpp-L0844)     Description:[GetOneFrame] PreFrameNum[6708], CurFrameNum[6712]     Solution:
Warning 2025-11-15 19:21:09  DevID:MV-CA013-A0UC(J06720615)  Source-Line:libMvUsb3vTL.so(StreamProcess.cpp-L1426)     Description:Delete one DataNode     Solution:Please confirm that there is a blocking operation when you grab frame
Warning 2025-11-15 19:21:09  DevID:MV-CA013-A0UC(J06720615)  Source-Line:libMvUsb3vTL.so(StreamProcess.cpp-L1426)     Description:Delete one DataNode     Solution:Please confirm that there is a blocking operation when you grab frame
Warning 2025-11-15 19:21:09  DevID:MV-CA013-A0UC(J06720615)  Source-Line:libMvUsb3vTL.so(StreamProcess.cpp-L0844)     Description:[GetOneFrame] PreFrameNum[6712], CurFrameNum[6715]     Solution:
Warning 2025-11-15 19:21:09  DevID:MV-CA013-A0UC(J06720615)  Source-Line:libMvUsb3vTL.so(StreamProcess.cpp-L1426)     Description:Delete one DataNode     Solution:Please confirm that there is a blocking operation when you grab frame
Warning 2025-11-15 19:21:09  DevID:MV-CA013-A0UC(J06720615)  Source-Line:libMvUsb3vTL.so(StreamProcess.cpp-L1426)     Description:Delete one DataNode     Solution:Please confirm that there is a blocking operation when you grab frame
Warning 2025-11-15 19:21:09  DevID:MV-CA013-A0UC(J06720615)  Source-Line:libMvUsb3vTL.so(StreamProcess.cpp-L0844)     Description:[GetOneFrame] PreFrameNum[6715], CurFrameNum[6718]     Solution:
Warning 2025-11-15 19:21:09  DevID:MV-CA013-A0UC(J06720615)  Source-Line:libMvUsb3vTL.so(StreamProcess.cpp-L1426)     Description:Delete one DataNode     Solution:Please confirm that there is a blocking operation when you grab frame
Warning 2025-11-15 19:21:09  DevID:MV-CA013-A0UC(J06720615)  Source-Line:libMvUsb3vTL.so(StreamProcess.cpp-L1426)     Description:Delete one DataNode     Solution:Please confirm that there is a blocking operation when you grab frame
Warning 2025-11-15 19:21:09  DevID:MV-CA013-A0UC(J06720615)  Source-Line:libMvUsb3vTL.so(StreamProcess.cpp-L0844)     Description:[GetOneFrame] PreFrameNum[6718], CurFrameNum[6721]     Solution:
Warning 2025-11-15 19:21:09  DevID:MV-CA013-A0UC(J06720615)  Source-Line:libMvUsb3vTL.so(StreamProcess.cpp-L1426)     Description:Delete one DataNode     Solution:Please confirm that there is a blocking operation when you grab frame
Warning 2025-11-15 19:21:09  DevID:MV-CA013-A0UC(J06720615)  Source-Line:libMvUsb3vTL.so(StreamProcess.cpp-L1426)     Description:Delete one DataNode     Solution:Please confirm that there is a blocking operation when you grab frame
Warning 2025-11-15 19:21:09  DevID:MV-CA013-A0UC(J06720615)  Source-Line:libMvUsb3vTL.so(StreamProcess.cpp-L1426)     Description:Delete one DataNode     Solution:Please confirm that there is a blocking operation when you grab frame
Warning 2025-11-15 19:21:09  DevID:MV-CA013-A0UC(J06720615)  Source-Line:libMvUsb3vTL.so(StreamProcess.cpp-L0844)     Description:[GetOneFrame] PreFrameNum[6721], CurFrameNum[6725]     Solution:
Warning 2025-11-15 19:21:09  DevID:MV-CA013-A0UC(J06720615)  Source-Line:libMvUsb3vTL.so(StreamProcess.cpp-L1426)     Description:Delete one DataNode     Solution:Please confirm that there is a blocking operation when you grab frame
Warning 2025-11-15 19:21:09  DevID:MV-CA013-A0UC(J06720615)  Source-Line:libMvUsb3vTL.so(StreamProcess.cpp-L1426)     Description:Delete one DataNode     Solution:Please confirm that there is a blocking operation when you grab frame
Warning 2025-11-15 19:21:09  DevID:MV-CA013-A0UC(J06720615)  Source-Line:libMvUsb3vTL.so(StreamProcess.cpp-L1426)     Description:Delete one DataNode     Solution:Please confirm that there is a blocking operation when you grab frame
Warning 2025-11-15 19:21:09  DevID:MV-CA013-A0UC(J06720615)  Source-Line:libMvUsb3vTL.so(StreamProcess.cpp-L0844)     Description:[GetOneFrame] PreFrameNum[6725], CurFrameNum[6729]     Solution:
Warning 2025-11-15 19:21:09  DevID:MV-CA013-A0UC(J06720615)  Source-Line:libMvUsb3vTL.so(StreamProcess.cpp-L1426)     Description:Delete one DataNode     Solution:Please confirm that there is a blocking operation when you grab frame
Warning 2025-11-15 19:21:09  DevID:MV-CA013-A0UC(J06720615)  Source-Line:libMvUsb3vTL.so(StreamProcess.cpp-L1426)     Description:Delete one DataNode     Solution:Please confirm that there is a blocking operation when you grab frame
Warning 2025-11-15 19:21:09  DevID:MV-CA013-A0UC(J06720615)  Source-Line:libMvUsb3vTL.so(StreamProcess.cpp-L1426)     Description:Delete one DataNode     Solution:Please confirm that there is a blocking operation when you grab frame
Warning 2025-11-15 19:21:09  DevID:MV-CA013-A0UC(J06720615)  Source-Line:libMvUsb3vTL.so(StreamProcess.cpp-L0844)     Description:[GetOneFrame] PreFrameNum[6729], CurFrameNum[6733]     Solution:
Warning 2025-11-15 19:21:09  DevID:MV-CA013-A0UC(J06720615)  Source-Line:libMvUsb3vTL.so(StreamProcess.cpp-L1426)     Description:Delete one DataNode     Solution:Please confirm that there is a blocking operation when you grab frame
Warning 2025-11-15 19:21:09  DevID:MV-CA013-A0UC(J06720615)  Source-Line:libMvUsb3vTL.so(StreamProcess.cpp-L1426)     Description:Delete one DataNode     Solution:Please confirm that there is a blocking operation when you grab frame
Warning 2025-11-15 19:21:09  DevID:MV-CA013-A0UC(J06720615)  Source-Line:libMvUsb3vTL.so(StreamProcess.cpp-L1426)     Description:Delete one DataNode     Solution:Please confirm that there is a blocking operation when you grab frame
Warning 2025-11-15 19:21:09  DevID:MV-CA013-A0UC(J06720615)  Source-Line:libMvUsb3vTL.so(StreamProcess.cpp-L0844)     Description:[GetOneFrame] PreFrameNum[6733], CurFrameNum[6737]     Solution:
Warning 2025-11-15 19:21:09  DevID:MV-CA013-A0UC(J06720615)  Source-Line:libMvUsb3vTL.so(StreamProcess.cpp-L1426)     Description:Delete one DataNode     Solution:Please confirm that there is a blocking operation when you grab frame
Warning 2025-11-15 19:21:09  DevID:MV-CA013-A0UC(J06720615)  Source-Line:libMvUsb3vTL.so(StreamProcess.cpp-L1426)     Description:Delete one DataNode     Solution:Please confirm that there is a blocking operation when you grab frame
Warning 2025-11-15 19:21:09  DevID:MV-CA013-A0UC(J06720615)  Source-Line:libMvUsb3vTL.so(StreamProcess.cpp-L1426)     Description:Delete one DataNode     Solution:Please confirm that there is a blocking operation when you grab frame
Warning 2025-11-15 19:21:09  DevID:MV-CA013-A0UC(J06720615)  Source-Line:libMvUsb3vTL.so(StreamProcess.cpp-L0844)     Description:[GetOneFrame] PreFrameNum[6737], CurFrameNum[6741]     Solution:
Warning 2025-11-15 19:21:09  DevID:MV-CA013-A0UC(J06720615)  Source-Line:libMvUsb3vTL.so(StreamProcess.cpp-L1426)     Description:Delete one DataNode     Solution:Please confirm that there is a blocking operation when you grab frame
Warning 2025-11-15 19:21:09  DevID:MV-CA013-A0UC(J06720615)  Source-Line:libMvUsb3vTL.so(StreamProcess.cpp-L1426)     Description:Delete one DataNode     Solution:Please confirm that there is a blocking operation when you grab frame
Warning 2025-11-15 19:21:09  DevID:MV-CA013-A0UC(J06720615)  Source-Line:libMvUsb3vTL.so(StreamProcess.cpp-L1426)     Description:Delete one DataNode     Solution:Please confirm that there is a blocking operation when you grab frame
Warning 2025-11-15 19:21:09  DevID:MV-CA013-A0UC(J06720615)  Source-Line:libMvUsb3vTL.so(StreamProcess.cpp-L0844)     Description:[GetOneFrame] PreFrameNum[6741], CurFrameNum[6745]     Solution:
Warning 2025-11-15 19:21:09  DevID:MV-CA013-A0UC(J06720615)  Source-Line:libMvUsb3vTL.so(StreamProcess.cpp-L1426)     Description:Delete one DataNode     Solution:Please confirm that there is a blocking operation when you grab frame
Warning 2025-11-15 19:21:09  DevID:MV-CA013-A0UC(J06720615)  Source-Line:libMvUsb3vTL.so(StreamProcess.cpp-L1426)     Description:Delete one DataNode     Solution:Please confirm that there is a blocking operation when you grab frame
Warning 2025-11-15 19:21:09  DevID:MV-CA013-A0UC(J06720615)  Source-Line:libMvUsb3vTL.so(StreamProcess.cpp-L1426)     Description:Delete one DataNode     Solution:Please confirm that there is a blocking operation when you grab frame
Warning 2025-11-15 19:21:09  DevID:MV-CA013-A0UC(J06720615)  Source-Line:libMvUsb3vTL.so(StreamProcess.cpp-L0844)     Description:[GetOneFrame] PreFrameNum[6745], CurFrameNum[6749]     Solution:
Warning 2025-11-15 19:21:09  DevID:MV-CA013-A0UC(J06720615)  Source-Line:libMvUsb3vTL.so(StreamProcess.cpp-L1426)     Description:Delete one DataNode     Solution:Please confirm that there is a blocking operation when you grab frame
Warning 2025-11-15 19:21:09  DevID:MV-CA013-A0UC(J06720615)  Source-Line:libMvUsb3vTL.so(StreamProcess.cpp-L1426)     Description:Delete one DataNode     Solution:Please confirm that there is a blocking operation when you grab frame
Warning 2025-11-15 19:21:09  DevID:MV-CA013-A0UC(J06720615)  Source-Line:libMvUsb3vTL.so(StreamProcess.cpp-L1426)     Description:Delete one DataNode     Solution:Please confirm that there is a blocking operation when you grab frame
Warning 2025-11-15 19:21:09  DevID:MV-CA013-A0UC(J06720615)  Source-Line:libMvUsb3vTL.so(StreamProcess.cpp-L0844)     Description:[GetOneFrame] PreFrameNum[6749], CurFrameNum[6753]     Solution:
Warning 2025-11-15 19:21:09  DevID:MV-CA013-A0UC(J06720615)  Source-Line:libMvUsb3vTL.so(StreamProcess.cpp-L1426)     Description:Delete one DataNode     Solution:Please confirm that there is a blocking operation when you grab frame
Warning 2025-11-15 19:21:09  DevID:MV-CA013-A0UC(J06720615)  Source-Line:libMvUsb3vTL.so(StreamProcess.cpp-L1426)     Description:Delete one DataNode     Solution:Please confirm that there is a blocking operation when you grab frame
Warning 2025-11-15 19:21:09  DevID:MV-CA013-A0UC(J06720615)  Source-Line:libMvUsb3vTL.so(StreamProcess.cpp-L1426)     Description:Delete one DataNode     Solution:Please confirm that there is a blocking operation when you grab frame
Warning 2025-11-15 19:21:09  DevID:MV-CA013-A0UC(J06720615)  Source-Line:libMvUsb3vTL.so(StreamProcess.cpp-L0844)     Description:[GetOneFrame] PreFrameNum[6753], CurFrameNum[6757]     Solution:
Warning 2025-11-15 19:21:09  DevID:MV-CA013-A0UC(J06720615)  Source-Line:libMvUsb3vTL.so(StreamProcess.cpp-L1426)     Description:Delete one DataNode     Solution:Please confirm that there is a blocking operation when you grab frame
Warning 2025-11-15 19:21:09  DevID:MV-CA013-A0UC(J06720615)  Source-Line:libMvUsb3vTL.so(StreamProcess.cpp-L1426)     Description:Delete one DataNode     Solution:Please confirm that there is a blocking operation when you grab frame
Warning 2025-11-15 19:21:09  DevID:MV-CA013-A0UC(J06720615)  Source-Line:libMvUsb3vTL.so(StreamProcess.cpp-L1426)     Description:Delete one DataNode     Solution:Please confirm that there is a blocking operation when you grab frame
Warning 2025-11-15 19:21:09  DevID:MV-CA013-A0UC(J06720615)  Source-Line:libMvUsb3vTL.so(StreamProcess.cpp-L0844)     Description:[GetOneFrame] PreFrameNum[6757], CurFrameNum[6761]     Solution:
Warning 2025-11-15 19:21:09  DevID:MV-CA013-A0UC(J06720615)  Source-Line:libMvUsb3vTL.so(StreamProcess.cpp-L1426)     Description:Delete one DataNode     Solution:Please confirm that there is a blocking operation when you grab frame
Warning 2025-11-15 19:21:09  DevID:MV-CA013-A0UC(J06720615)  Source-Line:libMvUsb3vTL.so(StreamProcess.cpp-L1426)     Description:Delete one DataNode     Solution:Please confirm that there is a blocking operation when you grab frame
Warning 2025-11-15 19:21:09  DevID:MV-CA013-A0UC(J06720615)  Source-Line:libMvUsb3vTL.so(StreamProcess.cpp-L1426)     Description:Delete one DataNode     Solution:Please confirm that there is a blocking operation when you grab frame
Warning 2025-11-15 19:21:09  DevID:MV-CA013-A0UC(J06720615)  Source-Line:libMvUsb3vTL.so(StreamProcess.cpp-L0844)     Description:[GetOneFrame] PreFrameNum[6761], CurFrameNum[6765]     Solution:
Warning 2025-11-15 19:21:09  DevID:MV-CA013-A0UC(J06720615)  Source-Line:libMvUsb3vTL.so(StreamProcess.cpp-L1426)     Description:Delete one DataNode     Solution:Please confirm that there is a blocking operation when you grab frame
Warning 2025-11-15 19:21:09  DevID:MV-CA013-A0UC(J06720615)  Source-Line:libMvUsb3vTL.so(StreamProcess.cpp-L1426)     Description:Delete one DataNode     Solution:Please confirm that there is a blocking operation when you grab frame
Warning 2025-11-15 19:21:09  DevID:MV-CA013-A0UC(J06720615)  Source-Line:libMvUsb3vTL.so(StreamProcess.cpp-L1426)     Description:Delete one DataNode     Solution:Please confirm that there is a blocking operation when you grab frame
Warning 2025-11-15 19:21:09  DevID:MV-CA013-A0UC(J06720615)  Source-Line:libMvUsb3vTL.so(StreamProcess.cpp-L0844)     Description:[GetOneFrame] PreFrameNum[6765], CurFrameNum[6769]     Solution:
Warning 2025-11-15 19:21:09  DevID:MV-CA013-A0UC(J06720615)  Source-Line:libMvUsb3vTL.so(StreamProcess.cpp-L1426)     Description:Delete one DataNode     Solution:Please confirm that there is a blocking operation when you grab frame
Warning 2025-11-15 19:21:09  DevID:MV-CA013-A0UC(J06720615)  Source-Line:libMvUsb3vTL.so(StreamProcess.cpp-L1426)     Description:Delete one DataNode     Solution:Please confirm that there is a blocking operation when you grab frame
Warning 2025-11-15 19:21:09  DevID:MV-CA013-A0UC(J06720615)  Source-Line:libMvUsb3vTL.so(StreamProcess.cpp-L1426)     Description:Delete one DataNode     Solution:Please confirm that there is a blocking operation when you grab frame
Warning 2025-11-15 19:21:09  DevID:MV-CA013-A0UC(J06720615)  Source-Line:libMvUsb3vTL.so(StreamProcess.cpp-L0844)     Description:[GetOneFrame] PreFrameNum[6769], CurFrameNum[6773]     Solution:
Warning 2025-11-15 19:21:09  DevID:MV-CA013-A0UC(J06720615)  Source-Line:libMvUsb3vTL.so(StreamProcess.cpp-L1426)     Description:Delete one DataNode     Solution:Please confirm that there is a blocking operation when you grab frame
Warning 2025-11-15 19:21:09  DevID:MV-CA013-A0UC(J06720615)  Source-Line:libMvUsb3vTL.so(StreamProcess.cpp-L1426)     Description:Delete one DataNode     Solution:Please confirm that there is a blocking operation when you grab frame
Warning 2025-11-15 19:21:09  DevID:MV-CA013-A0UC(J06720615)  Source-Line:libMvUsb3vTL.so(StreamProcess.cpp-L1426)     Description:Delete one DataNode     Solution:Please confirm that there is a blocking operation when you grab frame
Warning 2025-11-15 19:21:09  DevID:MV-CA013-A0UC(J06720615)  Source-Line:libMvUsb3vTL.so(StreamProcess.cpp-L0844)     Description:[GetOneFrame] PreFrameNum[6773], CurFrameNum[6777]     Solution:
Warning 2025-11-15 19:21:09  DevID:MV-CA013-A0UC(J06720615)  Source-Line:libMvUsb3vTL.so(StreamProcess.cpp-L1426)     Description:Delete one DataNode     Solution:Please confirm that there is a blocking operation when you grab frame
Warning 2025-11-15 19:21:09  DevID:MV-CA013-A0UC(J06720615)  Source-Line:libMvUsb3vTL.so(StreamProcess.cpp-L1426)     Description:Delete one DataNode     Solution:Please confirm that there is a blocking operation when you grab frame
Warning 2025-11-15 19:21:09  DevID:MV-CA013-A0UC(J06720615)  Source-Line:libMvUsb3vTL.so(StreamProcess.cpp-L1426)     Description:Delete one DataNode     Solution:Please confirm that there is a blocking operation when you grab frame
Warning 2025-11-15 19:21:09  DevID:MV-CA013-A0UC(J06720615)  Source-Line:libMvUsb3vTL.so(StreamProcess.cpp-L0844)     Description:[GetOneFrame] PreFrameNum[6777], CurFrameNum[6781]     Solution:
Warning 2025-11-15 19:21:09  DevID:MV-CA013-A0UC(J06720615)  Source-Line:libMvUsb3vTL.so(StreamProcess.cpp-L1426)     Description:Delete one DataNode     Solution:Please confirm that there is a blocking operation when you grab frame
Warning 2025-11-15 19:21:09  DevID:MV-CA013-A0UC(J06720615)  Source-Line:libMvUsb3vTL.so(StreamProcess.cpp-L1426)     Description:Delete one DataNode     Solution:Please confirm that there is a blocking operation when you grab frame
Warning 2025-11-15 19:21:09  DevID:MV-CA013-A0UC(J06720615)  Source-Line:libMvUsb3vTL.so(StreamProcess.cpp-L1426)     Description:Delete one DataNode     Solution:Please confirm that there is a blocking operation when you grab frame
Warning 2025-11-15 19:21:09  DevID:MV-CA013-A0UC(J06720615)  Source-Line:libMvUsb3vTL.so(StreamProcess.cpp-L0844)     Description:[GetOneFrame] PreFrameNum[6781], CurFrameNum[6785]     Solution:
Warning 2025-11-15 19:21:09  DevID:MV-CA013-A0UC(J06720615)  Source-Line:libMvUsb3vTL.so(StreamProcess.cpp-L1426)     Description:Delete one DataNode     Solution:Please confirm that there is a blocking operation when you grab frame
Warning 2025-11-15 19:21:09  DevID:MV-CA013-A0UC(J06720615)  Source-Line:libMvUsb3vTL.so(StreamProcess.cpp-L1426)     Description:Delete one DataNode     Solution:Please confirm that there is a blocking operation when you grab frame
Warning 2025-11-15 19:21:09  DevID:MV-CA013-A0UC(J06720615)  Source-Line:libMvUsb3vTL.so(StreamProcess.cpp-L1426)     Description:Delete one DataNode     Solution:Please confirm that there is a blocking operation when you grab frame
Warning 2025-11-15 19:21:09  DevID:MV-CA013-A0UC(J06720615)  Source-Line:libMvUsb3vTL.so(StreamProcess.cpp-L0844)     Description:[GetOneFrame] PreFrameNum[6785], CurFrameNum[6789]     Solution:
Warning 2025-11-15 19:21:09  DevID:MV-CA013-A0UC(J06720615)  Source-Line:libMvUsb3vTL.so(StreamProcess.cpp-L1426)     Description:Delete one DataNode     Solution:Please confirm that there is a blocking operation when you grab frame
Warning 2025-11-15 19:21:09  DevID:MV-CA013-A0UC(J06720615)  Source-Line:libMvUsb3vTL.so(StreamProcess.cpp-L1426)     Description:Delete one DataNode     Solution:Please confirm that there is a blocking operation when you grab frame
Warning 2025-11-15 19:21:09  DevID:MV-CA013-A0UC(J06720615)  Source-Line:libMvUsb3vTL.so(StreamProcess.cpp-L1426)     Description:Delete one DataNode     Solution:Please confirm that there is a blocking operation when you grab frame
Warning 2025-11-15 19:21:09  DevID:MV-CA013-A0UC(J06720615)  Source-Line:libMvUsb3vTL.so(StreamProcess.cpp-L0844)     Description:[GetOneFrame] PreFrameNum[6789], CurFrameNum[6793]     Solution:
Warning 2025-11-15 19:21:09  DevID:MV-CA013-A0UC(J06720615)  Source-Line:libMvUsb3vTL.so(StreamProcess.cpp-L1426)     Description:Delete one DataNode     Solution:Please confirm that there is a blocking operation when you grab frame
Warning 2025-11-15 19:21:09  DevID:MV-CA013-A0UC(J06720615)  Source-Line:libMvUsb3vTL.so(StreamProcess.cpp-L1426)     Description:Delete one DataNode     Solution:Please confirm that there is a blocking operation when you grab frame
Warning 2025-11-15 19:21:09  DevID:MV-CA013-A0UC(J06720615)  Source-Line:libMvUsb3vTL.so(StreamProcess.cpp-L1426)     Description:Delete one DataNode     Solution:Please confirm that there is a blocking operation when you grab frame
Warning 2025-11-15 19:21:09  DevID:MV-CA013-A0UC(J06720615)  Source-Line:libMvUsb3vTL.so(StreamProcess.cpp-L0844)     Description:[GetOneFrame] PreFrameNum[6793], CurFrameNum[6797]     Solution:
Warning 2025-11-15 19:21:09  DevID:MV-CA013-A0UC(J06720615)  Source-Line:libMvUsb3vTL.so(StreamProcess.cpp-L1426)     Description:Delete one DataNode     Solution:Please confirm that there is a blocking operation when you grab frame
Warning 2025-11-15 19:21:09  DevID:MV-CA013-A0UC(J06720615)  Source-Line:libMvUsb3vTL.so(StreamProcess.cpp-L1426)     Description:Delete one DataNode     Solution:Please confirm that there is a blocking operation when you grab frame
Warning 2025-11-15 19:21:09  DevID:MV-CA013-A0UC(J06720615)  Source-Line:libMvUsb3vTL.so(StreamProcess.cpp-L1426)     Description:Delete one DataNode     Solution:Please confirm that there is a blocking operation when you grab frame
Warning 2025-11-15 19:21:09  DevID:MV-CA013-A0UC(J06720615)  Source-Line:libMvUsb3vTL.so(StreamProcess.cpp-L0844)     Description:[GetOneFrame] PreFrameNum[6797], CurFrameNum[6801]     Solution:
Warning 2025-11-15 19:21:09  DevID:MV-CA013-A0UC(J06720615)  Source-Line:libMvUsb3vTL.so(StreamProcess.cpp-L1426)     Description:Delete one DataNode     Solution:Please confirm that there is a blocking operation when you grab frame
Warning 2025-11-15 19:21:09  DevID:MV-CA013-A0UC(J06720615)  Source-Line:libMvUsb3vTL.so(StreamProcess.cpp-L1426)     Description:Delete one DataNode     Solution:Please confirm that there is a blocking operation when you grab frame
Warning 2025-11-15 19:21:09  DevID:MV-CA013-A0UC(J06720615)  Source-Line:libMvUsb3vTL.so(StreamProcess.cpp-L1426)     Description:Delete one DataNode     Solution:Please confirm that there is a blocking operation when you grab frame
Warning 2025-11-15 19:21:09  DevID:MV-CA013-A0UC(J06720615)  Source-Line:libMvUsb3vTL.so(StreamProcess.cpp-L0844)     Description:[GetOneFrame] PreFrameNum[6801], CurFrameNum[6805]     Solution:
Warning 2025-11-15 19:21:09  DevID:MV-CA013-A0UC(J06720615)  Source-Line:libMvUsb3vTL.so(StreamProcess.cpp-L1426)     Description:Delete one DataNode     Solution:Please confirm that there is a blocking operation when you grab frame
Warning 2025-11-15 19:21:09  DevID:MV-CA013-A0UC(J06720615)  Source-Line:libMvUsb3vTL.so(StreamProcess.cpp-L1426)     Description:Delete one DataNode     Solution:Please confirm that there is a blocking operation when you grab frame
Warning 2025-11-15 19:21:09  DevID:MV-CA013-A0UC(J06720615)  Source-Line:libMvUsb3vTL.so(StreamProcess.cpp-L1426)     Description:Delete one DataNode     Solution:Please confirm that there is a blocking operation when you grab frame
Warning 2025-11-15 19:21:09  DevID:MV-CA013-A0UC(J06720615)  Source-Line:libMvUsb3vTL.so(StreamProcess.cpp-L0844)     Description:[GetOneFrame] PreFrameNum[6805], CurFrameNum[6809]     Solution:
Warning 2025-11-15 19:21:09  DevID:MV-CA013-A0UC(J06720615)  Source-Line:libMvUsb3vTL.so(StreamProcess.cpp-L1426)     Description:Delete one DataNode     Solution:Please confirm that there is a blocking operation when you grab frame
Warning 2025-11-15 19:21:09  DevID:MV-CA013-A0UC(J06720615)  Source-Line:libMvUsb3vTL.so(StreamProcess.cpp-L1426)     Description:Delete one DataNode     Solution:Please confirm that there is a blocking operation when you grab frame
Warning 2025-11-15 19:21:09  DevID:MV-CA013-A0UC(J06720615)  Source-Line:libMvUsb3vTL.so(StreamProcess.cpp-L1426)     Description:Delete one DataNode     Solution:Please confirm that there is a blocking operation when you grab frame
Warning 2025-11-15 19:21:09  DevID:MV-CA013-A0UC(J06720615)  Source-Line:libMvUsb3vTL.so(StreamProcess.cpp-L0844)     Description:[GetOneFrame] PreFrameNum[6809], CurFrameNum[6813]     Solution:
Warning 2025-11-15 19:21:09  DevID:MV-CA013-A0UC(J06720615)  Source-Line:libMvUsb3vTL.so(StreamProcess.cpp-L1426)     Description:Delete one DataNode     Solution:Please confirm that there is a blocking operation when you grab frame
Warning 2025-11-15 19:21:09  DevID:MV-CA013-A0UC(J06720615)  Source-Line:libMvUsb3vTL.so(StreamProcess.cpp-L1426)     Description:Delete one DataNode     Solution:Please confirm that there is a blocking operation when you grab frame
Warning 2025-11-15 19:21:09  DevID:MV-CA013-A0UC(J06720615)  Source-Line:libMvUsb3vTL.so(StreamProcess.cpp-L1426)     Description:Delete one DataNode     Solution:Please confirm that there is a blocking operation when you grab frame
Warning 2025-11-15 19:21:09  DevID:MV-CA013-A0UC(J06720615)  Source-Line:libMvUsb3vTL.so(StreamProcess.cpp-L0844)     Description:[GetOneFrame] PreFrameNum[6813], CurFrameNum[6817]     Solution:
Warning 2025-11-15 19:21:09  DevID:MV-CA013-A0UC(J06720615)  Source-Line:libMvUsb3vTL.so(StreamProcess.cpp-L1426)     Description:Delete one DataNode     Solution:Please confirm that there is a blocking operation when you grab frame
Warning 2025-11-15 19:21:09  DevID:MV-CA013-A0UC(J06720615)  Source-Line:libMvUsb3vTL.so(StreamProcess.cpp-L1426)     Description:Delete one DataNode     Solution:Please confirm that there is a blocking operation when you grab frame
Warning 2025-11-15 19:21:09  DevID:MV-CA013-A0UC(J06720615)  Source-Line:libMvUsb3vTL.so(StreamProcess.cpp-L1426)     Description:Delete one DataNode     Solution:Please confirm that there is a blocking operation when you grab frame
Warning 2025-11-15 19:21:09  DevID:MV-CA013-A0UC(J06720615)  Source-Line:libMvUsb3vTL.so(StreamProcess.cpp-L0844)     Description:[GetOneFrame] PreFrameNum[6817], CurFrameNum[6821]     Solution:
Warning 2025-11-15 19:21:09  DevID:MV-CA013-A0UC(J06720615)  Source-Line:libMvUsb3vTL.so(StreamProcess.cpp-L1426)     Description:Delete one DataNode     Solution:Please confirm that there is a blocking operation when you grab frame
Warning 2025-11-15 19:21:09  DevID:MV-CA013-A0UC(J06720615)  Source-Line:libMvUsb3vTL.so(StreamProcess.cpp-L1426)     Description:Delete one DataNode     Solution:Please confirm that there is a blocking operation when you grab frame
Warning 2025-11-15 19:21:09  DevID:MV-CA013-A0UC(J06720615)  Source-Line:libMvUsb3vTL.so(StreamProcess.cpp-L1426)     Description:Delete one DataNode     Solution:Please confirm that there is a blocking operation when you grab frame
Warning 2025-11-15 19:21:09  DevID:MV-CA013-A0UC(J06720615)  Source-Line:libMvUsb3vTL.so(StreamProcess.cpp-L0844)     Description:[GetOneFrame] PreFrameNum[6821], CurFrameNum[6825]     Solution:
Warning 2025-11-15 19:21:09  DevID:MV-CA013-A0UC(J06720615)  Source-Line:libMvUsb3vTL.so(StreamProcess.cpp-L1426)     Description:Delete one DataNode     Solution:Please confirm that there is a blocking operation when you grab frame
Warning 2025-11-15 19:21:09  DevID:MV-CA013-A0UC(J06720615)  Source-Line:libMvUsb3vTL.so(StreamProcess.cpp-L1426)     Description:Delete one DataNode     Solution:Please confirm that there is a blocking operation when you grab frame
Warning 2025-11-15 19:21:09  DevID:MV-CA013-A0UC(J06720615)  Source-Line:libMvUsb3vTL.so(StreamProcess.cpp-L1426)     Description:Delete one DataNode     Solution:Please confirm that there is a blocking operation when you grab frame
Warning 2025-11-15 19:21:09  DevID:MV-CA013-A0UC(J06720615)  Source-Line:libMvUsb3vTL.so(StreamProcess.cpp-L0844)     Description:[GetOneFrame] PreFrameNum[6825], CurFrameNum[6829]     Solution:
Warning 2025-11-15 19:21:09  DevID:MV-CA013-A0UC(J06720615)  Source-Line:libMvUsb3vTL.so(StreamProcess.cpp-L1426)     Description:Delete one DataNode     Solution:Please confirm that there is a blocking operation when you grab frame
Warning 2025-11-15 19:21:09  DevID:MV-CA013-A0UC(J06720615)  Source-Line:libMvUsb3vTL.so(StreamProcess.cpp-L1426)     Description:Delete one DataNode     Solution:Please confirm that there is a blocking operation when you grab frame
Warning 2025-11-15 19:21:09  DevID:MV-CA013-A0UC(J06720615)  Source-Line:libMvUsb3vTL.so(StreamProcess.cpp-L1426)     Description:Delete one DataNode     Solution:Please confirm that there is a blocking operation when you grab frame
Warning 2025-11-15 19:21:09  DevID:MV-CA013-A0UC(J06720615)  Source-Line:libMvUsb3vTL.so(StreamProcess.cpp-L0844)     Description:[GetOneFrame] PreFrameNum[6829], CurFrameNum[6833]     Solution:
Warning 2025-11-15 19:21:09  DevID:MV-CA013-A0UC(J06720615)  Source-Line:libMvUsb3vTL.so(StreamProcess.cpp-L1426)     Description:Delete one DataNode     Solution:Please confirm that there is a blocking operation when you grab frame
Warning 2025-11-15 19:21:09  DevID:MV-CA013-A0UC(J06720615)  Source-Line:libMvUsb3vTL.so(StreamProcess.cpp-L1426)     Description:Delete one DataNode     Solution:Please confirm that there is a blocking operation when you grab frame
Warning 2025-11-15 19:21:09  DevID:MV-CA013-A0UC(J06720615)  Source-Line:libMvUsb3vTL.so(StreamProcess.cpp-L1426)     Description:Delete one DataNode     Solution:Please confirm that there is a blocking operation when you grab frame
Warning 2025-11-15 19:21:09  DevID:MV-CA013-A0UC(J06720615)  Source-Line:libMvUsb3vTL.so(StreamProcess.cpp-L0844)     Description:[GetOneFrame] PreFrameNum[6833], CurFrameNum[6837]     Solution:
Warning 2025-11-15 19:21:09  DevID:MV-CA013-A0UC(J06720615)  Source-Line:libMvUsb3vTL.so(StreamProcess.cpp-L1426)     Description:Delete one DataNode     Solution:Please confirm that there is a blocking operation when you grab frame
Warning 2025-11-15 19:21:09  DevID:MV-CA013-A0UC(J06720615)  Source-Line:libMvUsb3vTL.so(StreamProcess.cpp-L1426)     Description:Delete one DataNode     Solution:Please confirm that there is a blocking operation when you grab frame
Warning 2025-11-15 19:21:09  DevID:MV-CA013-A0UC(J06720615)  Source-Line:libMvUsb3vTL.so(StreamProcess.cpp-L1426)     Description:Delete one DataNode     Solution:Please confirm that there is a blocking operation when you grab frame
Warning 2025-11-15 19:21:10  DevID:MV-CA013-A0UC(J06720615)  Source-Line:libMvUsb3vTL.so(StreamProcess.cpp-L0844)     Description:[GetOneFrame] PreFrameNum[6837], CurFrameNum[6841]     Solution:
Warning 2025-11-15 19:21:10  DevID:MV-CA013-A0UC(J06720615)  Source-Line:libMvUsb3vTL.so(StreamProcess.cpp-L1426)     Description:Delete one DataNode     Solution:Please confirm that there is a blocking operation when you grab frame
Warning 2025-11-15 19:21:10  DevID:MV-CA013-A0UC(J06720615)  Source-Line:libMvUsb3vTL.so(StreamProcess.cpp-L1426)     Description:Delete one DataNode     Solution:Please confirm that there is a blocking operation when you grab frame
Warning 2025-11-15 19:21:10  DevID:MV-CA013-A0UC(J06720615)  Source-Line:libMvUsb3vTL.so(StreamProcess.cpp-L1426)     Description:Delete one DataNode     Solution:Please confirm that there is a blocking operation when you grab frame
Warning 2025-11-15 19:21:10  DevID:MV-CA013-A0UC(J06720615)  Source-Line:libMvUsb3vTL.so(StreamProcess.cpp-L0844)     Description:[GetOneFrame] PreFrameNum[6841], CurFrameNum[6845]     Solution:
Warning 2025-11-15 19:21:10  DevID:MV-CA013-A0UC(J06720615)  Source-Line:libMvUsb3vTL.so(StreamProcess.cpp-L1426)     Description:Delete one DataNode     Solution:Please confirm that there is a blocking operation when you grab frame
Warning 2025-11-15 19:21:10  DevID:MV-CA013-A0UC(J06720615)  Source-Line:libMvUsb3vTL.so(StreamProcess.cpp-L1426)     Description:Delete one DataNode     Solution:Please confirm that there is a blocking operation when you grab frame
Warning 2025-11-15 19:21:10  DevID:MV-CA013-A0UC(J06720615)  Source-Line:libMvUsb3vTL.so(StreamProcess.cpp-L1426)     Description:Delete one DataNode     Solution:Please confirm that there is a blocking operation when you grab frame
Warning 2025-11-15 19:21:10  DevID:MV-CA013-A0UC(J06720615)  Source-Line:libMvUsb3vTL.so(StreamProcess.cpp-L0844)     Description:[GetOneFrame] PreFrameNum[6845], CurFrameNum[6849]     Solution:
Warning 2025-11-15 19:21:10  DevID:MV-CA013-A0UC(J06720615)  Source-Line:libMvUsb3vTL.so(StreamProcess.cpp-L1426)     Description:Delete one DataNode     Solution:Please confirm that there is a blocking operation when you grab frame
Warning 2025-11-15 19:21:10  DevID:MV-CA013-A0UC(J06720615)  Source-Line:libMvUsb3vTL.so(StreamProcess.cpp-L1426)     Description:Delete one DataNode     Solution:Please confirm that there is a blocking operation when you grab frame
Warning 2025-11-15 19:21:10  DevID:MV-CA013-A0UC(J06720615)  Source-Line:libMvUsb3vTL.so(StreamProcess.cpp-L1426)     Description:Delete one DataNode     Solution:Please confirm that there is a blocking operation when you grab frame
Warning 2025-11-15 19:21:10  DevID:MV-CA013-A0UC(J06720615)  Source-Line:libMvUsb3vTL.so(StreamProcess.cpp-L0844)     Description:[GetOneFrame] PreFrameNum[6849], CurFrameNum[6853]     Solution:
Warning 2025-11-15 19:21:10  DevID:MV-CA013-A0UC(J06720615)  Source-Line:libMvUsb3vTL.so(StreamProcess.cpp-L1426)     Description:Delete one DataNode     Solution:Please confirm that there is a blocking operation when you grab frame
Warning 2025-11-15 19:21:10  DevID:MV-CA013-A0UC(J06720615)  Source-Line:libMvUsb3vTL.so(StreamProcess.cpp-L1426)     Description:Delete one DataNode     Solution:Please confirm that there is a blocking operation when you grab frame
Warning 2025-11-15 19:21:10  DevID:MV-CA013-A0UC(J06720615)  Source-Line:libMvUsb3vTL.so(StreamProcess.cpp-L1426)     Description:Delete one DataNode     Solution:Please confirm that there is a blocking operation when you grab frame
Warning 2025-11-15 19:21:10  DevID:MV-CA013-A0UC(J06720615)  Source-Line:libMvUsb3vTL.so(StreamProcess.cpp-L0844)     Description:[GetOneFrame] PreFrameNum[6853], CurFrameNum[6857]     Solution:
Warning 2025-11-15 19:21:10  DevID:MV-CA013-A0UC(J06720615)  Source-Line:libMvUsb3vTL.so(StreamProcess.cpp-L1426)     Description:Delete one DataNode     Solution:Please confirm that there is a blocking operation when you grab frame
Warning 2025-11-15 19:21:10  DevID:MV-CA013-A0UC(J06720615)  Source-Line:libMvUsb3vTL.so(StreamProcess.cpp-L1426)     Description:Delete one DataNode     Solution:Please confirm that there is a blocking operation when you grab frame
Warning 2025-11-15 19:21:10  DevID:MV-CA013-A0UC(J06720615)  Source-Line:libMvUsb3vTL.so(StreamProcess.cpp-L1426)     Description:Delete one DataNode     Solution:Please confirm that there is a blocking operation when you grab frame
Warning 2025-11-15 19:21:10  DevID:MV-CA013-A0UC(J06720615)  Source-Line:libMvUsb3vTL.so(StreamProcess.cpp-L0844)     Description:[GetOneFrame] PreFrameNum[6857], CurFrameNum[6861]     Solution:
Warning 2025-11-15 19:21:10  DevID:MV-CA013-A0UC(J06720615)  Source-Line:libMvUsb3vTL.so(StreamProcess.cpp-L1426)     Description:Delete one DataNode     Solution:Please confirm that there is a blocking operation when you grab frame
Warning 2025-11-15 19:21:10  DevID:MV-CA013-A0UC(J06720615)  Source-Line:libMvUsb3vTL.so(StreamProcess.cpp-L1426)     Description:Delete one DataNode     Solution:Please confirm that there is a blocking operation when you grab frame
Warning 2025-11-15 19:21:10  DevID:MV-CA013-A0UC(J06720615)  Source-Line:libMvUsb3vTL.so(StreamProcess.cpp-L1426)     Description:Delete one DataNode     Solution:Please confirm that there is a blocking operation when you grab frame
Warning 2025-11-15 19:21:10  DevID:MV-CA013-A0UC(J06720615)  Source-Line:libMvUsb3vTL.so(StreamProcess.cpp-L0844)     Description:[GetOneFrame] PreFrameNum[6861], CurFrameNum[6865]     Solution:
Warning 2025-11-15 19:21:10  DevID:MV-CA013-A0UC(J06720615)  Source-Line:libMvUsb3vTL.so(StreamProcess.cpp-L1426)     Description:Delete one DataNode     Solution:Please confirm that there is a blocking operation when you grab frame
Warning 2025-11-15 19:21:10  DevID:MV-CA013-A0UC(J06720615)  Source-Line:libMvUsb3vTL.so(StreamProcess.cpp-L1426)     Description:Delete one DataNode     Solution:Please confirm that there is a blocking operation when you grab frame
Warning 2025-11-15 19:21:10  DevID:MV-CA013-A0UC(J06720615)  Source-Line:libMvUsb3vTL.so(StreamProcess.cpp-L1426)     Description:Delete one DataNode     Solution:Please confirm that there is a blocking operation when you grab frame
Warning 2025-11-15 19:21:10  DevID:MV-CA013-A0UC(J06720615)  Source-Line:libMvUsb3vTL.so(StreamProcess.cpp-L0844)     Description:[GetOneFrame] PreFrameNum[6865], CurFrameNum[6869]     Solution:
Warning 2025-11-15 19:21:10  DevID:MV-CA013-A0UC(J06720615)  Source-Line:libMvUsb3vTL.so(StreamProcess.cpp-L1426)     Description:Delete one DataNode     Solution:Please confirm that there is a blocking operation when you grab frame
Warning 2025-11-15 19:21:10  DevID:MV-CA013-A0UC(J06720615)  Source-Line:libMvUsb3vTL.so(StreamProcess.cpp-L1426)     Description:Delete one DataNode     Solution:Please confirm that there is a blocking operation when you grab frame
Warning 2025-11-15 19:21:10  DevID:MV-CA013-A0UC(J06720615)  Source-Line:libMvUsb3vTL.so(StreamProcess.cpp-L1426)     Description:Delete one DataNode     Solution:Please confirm that there is a blocking operation when you grab frame
Warning 2025-11-15 19:21:10  DevID:MV-CA013-A0UC(J06720615)  Source-Line:libMvUsb3vTL.so(StreamProcess.cpp-L0844)     Description:[GetOneFrame] PreFrameNum[6869], CurFrameNum[6873]     Solution:
Warning 2025-11-15 19:21:10  DevID:MV-CA013-A0UC(J06720615)  Source-Line:libMvUsb3vTL.so(StreamProcess.cpp-L1426)     Description:Delete one DataNode     Solution:Please confirm that there is a blocking operation when you grab frame
Warning 2025-11-15 19:21:10  DevID:MV-CA013-A0UC(J06720615)  Source-Line:libMvUsb3vTL.so(StreamProcess.cpp-L1426)     Description:Delete one DataNode     Solution:Please confirm that there is a blocking operation when you grab frame
Warning 2025-11-15 19:21:10  DevID:MV-CA013-A0UC(J06720615)  Source-Line:libMvUsb3vTL.so(StreamProcess.cpp-L1426)     Description:Delete one DataNode     Solution:Please confirm that there is a blocking operation when you grab frame
Warning 2025-11-15 19:21:10  DevID:MV-CA013-A0UC(J06720615)  Source-Line:libMvUsb3vTL.so(StreamProcess.cpp-L0844)     Description:[GetOneFrame] PreFrameNum[6873], CurFrameNum[6877]     Solution:
Warning 2025-11-15 19:21:10  DevID:MV-CA013-A0UC(J06720615)  Source-Line:libMvUsb3vTL.so(StreamProcess.cpp-L1426)     Description:Delete one DataNode     Solution:Please confirm that there is a blocking operation when you grab frame
Warning 2025-11-15 19:21:10  DevID:MV-CA013-A0UC(J06720615)  Source-Line:libMvUsb3vTL.so(StreamProcess.cpp-L1426)     Description:Delete one DataNode     Solution:Please confirm that there is a blocking operation when you grab frame
Warning 2025-11-15 19:21:10  DevID:MV-CA013-A0UC(J06720615)  Source-Line:libMvUsb3vTL.so(StreamProcess.cpp-L1426)     Description:Delete one DataNode     Solution:Please confirm that there is a blocking operation when you grab frame
Warning 2025-11-15 19:21:10  DevID:MV-CA013-A0UC(J06720615)  Source-Line:libMvUsb3vTL.so(StreamProcess.cpp-L0844)     Description:[GetOneFrame] PreFrameNum[6877], CurFrameNum[6881]     Solution:
Warning 2025-11-15 19:21:10  DevID:MV-CA013-A0UC(J06720615)  Source-Line:libMvUsb3vTL.so(StreamProcess.cpp-L1426)     Description:Delete one DataNode     Solution:Please confirm that there is a blocking operation when you grab frame
Warning 2025-11-15 19:21:10  DevID:MV-CA013-A0UC(J06720615)  Source-Line:libMvUsb3vTL.so(StreamProcess.cpp-L1426)     Description:Delete one DataNode     Solution:Please confirm that there is a blocking operation when you grab frame
Warning 2025-11-15 19:21:10  DevID:MV-CA013-A0UC(J06720615)  Source-Line:libMvUsb3vTL.so(StreamProcess.cpp-L1426)     Description:Delete one DataNode     Solution:Please confirm that there is a blocking operation when you grab frame
Warning 2025-11-15 19:21:10  DevID:MV-CA013-A0UC(J06720615)  Source-Line:libMvUsb3vTL.so(StreamProcess.cpp-L0844)     Description:[GetOneFrame] PreFrameNum[6881], CurFrameNum[6885]     Solution:
Warning 2025-11-15 19:21:10  DevID:MV-CA013-A0UC(J06720615)  Source-Line:libMvUsb3vTL.so(StreamProcess.cpp-L1426)     Description:Delete one DataNode     Solution:Please confirm that there is a blocking operation when you grab frame
Warning 2025-11-15 19:21:10  DevID:MV-CA013-A0UC(J06720615)  Source-Line:libMvUsb3vTL.so(StreamProcess.cpp-L1426)     Description:Delete one DataNode     Solution:Please confirm that there is a blocking operation when you grab frame
Warning 2025-11-15 19:21:10  DevID:MV-CA013-A0UC(J06720615)  Source-Line:libMvUsb3vTL.so(StreamProcess.cpp-L1426)     Description:Delete one DataNode     Solution:Please confirm that there is a blocking operation when you grab frame
Warning 2025-11-15 19:21:10  DevID:MV-CA013-A0UC(J06720615)  Source-Line:libMvUsb3vTL.so(StreamProcess.cpp-L0844)     Description:[GetOneFrame] PreFrameNum[6885], CurFrameNum[6889]     Solution:
Warning 2025-11-15 19:21:10  DevID:MV-CA013-A0UC(J06720615)  Source-Line:libMvUsb3vTL.so(StreamProcess.cpp-L1426)     Description:Delete one DataNode     Solution:Please confirm that there is a blocking operation when you grab frame
Warning 2025-11-15 19:21:10  DevID:MV-CA013-A0UC(J06720615)  Source-Line:libMvUsb3vTL.so(StreamProcess.cpp-L1426)     Description:Delete one DataNode     Solution:Please confirm that there is a blocking operation when you grab frame
Warning 2025-11-15 19:21:10  DevID:MV-CA013-A0UC(J06720615)  Source-Line:libMvUsb3vTL.so(StreamProcess.cpp-L1426)     Description:Delete one DataNode     Solution:Please confirm that there is a blocking operation when you grab frame
Warning 2025-11-15 19:21:10  DevID:MV-CA013-A0UC(J06720615)  Source-Line:libMvUsb3vTL.so(StreamProcess.cpp-L0844)     Description:[GetOneFrame] PreFrameNum[6889], CurFrameNum[6893]     Solution:
Warning 2025-11-15 19:21:10  DevID:MV-CA013-A0UC(J06720615)  Source-Line:libMvUsb3vTL.so(StreamProcess.cpp-L1426)     Description:Delete one DataNode     Solution:Please confirm that there is a blocking operation when you grab frame
Warning 2025-11-15 19:21:10  DevID:MV-CA013-A0UC(J06720615)  Source-Line:libMvUsb3vTL.so(StreamProcess.cpp-L1426)     Description:Delete one DataNode     Solution:Please confirm that there is a blocking operation when you grab frame
Warning 2025-11-15 19:21:10  DevID:MV-CA013-A0UC(J06720615)  Source-Line:libMvUsb3vTL.so(StreamProcess.cpp-L1426)     Description:Delete one DataNode     Solution:Please confirm that there is a blocking operation when you grab frame
Warning 2025-11-15 19:21:10  DevID:MV-CA013-A0UC(J06720615)  Source-Line:libMvUsb3vTL.so(StreamProcess.cpp-L0844)     Description:[GetOneFrame] PreFrameNum[6893], CurFrameNum[6897]     Solution:
Warning 2025-11-15 19:21:10  DevID:MV-CA013-A0UC(J06720615)  Source-Line:libMvUsb3vTL.so(StreamProcess.cpp-L1426)     Description:Delete one DataNode     Solution:Please confirm that there is a blocking operation when you grab frame
Warning 2025-11-15 19:21:10  DevID:MV-CA013-A0UC(J06720615)  Source-Line:libMvUsb3vTL.so(StreamProcess.cpp-L1426)     Description:Delete one DataNode     Solution:Please confirm that there is a blocking operation when you grab frame
Warning 2025-11-15 19:21:10  DevID:MV-CA013-A0UC(J06720615)  Source-Line:libMvUsb3vTL.so(StreamProcess.cpp-L1426)     Description:Delete one DataNode     Solution:Please confirm that there is a blocking operation when you grab frame
Warning 2025-11-15 19:21:10  DevID:MV-CA013-A0UC(J06720615)  Source-Line:libMvUsb3vTL.so(StreamProcess.cpp-L0844)     Description:[GetOneFrame] PreFrameNum[6897], CurFrameNum[6901]     Solution:
Warning 2025-11-15 19:21:10  DevID:MV-CA013-A0UC(J06720615)  Source-Line:libMvUsb3vTL.so(StreamProcess.cpp-L1426)     Description:Delete one DataNode     Solution:Please confirm that there is a blocking operation when you grab frame
Warning 2025-11-15 19:21:10  DevID:MV-CA013-A0UC(J06720615)  Source-Line:libMvUsb3vTL.so(StreamProcess.cpp-L1426)     Description:Delete one DataNode     Solution:Please confirm that there is a blocking operation when you grab frame
Warning 2025-11-15 19:21:10  DevID:MV-CA013-A0UC(J06720615)  Source-Line:libMvUsb3vTL.so(StreamProcess.cpp-L1426)     Description:Delete one DataNode     Solution:Please confirm that there is a blocking operation when you grab frame
Warning 2025-11-15 19:21:10  DevID:MV-CA013-A0UC(J06720615)  Source-Line:libMvUsb3vTL.so(StreamProcess.cpp-L0844)     Description:[GetOneFrame] PreFrameNum[6901], CurFrameNum[6905]     Solution:
Warning 2025-11-15 19:21:10  DevID:MV-CA013-A0UC(J06720615)  Source-Line:libMvUsb3vTL.so(StreamProcess.cpp-L1426)     Description:Delete one DataNode     Solution:Please confirm that there is a blocking operation when you grab frame
Warning 2025-11-15 19:21:10  DevID:MV-CA013-A0UC(J06720615)  Source-Line:libMvUsb3vTL.so(StreamProcess.cpp-L1426)     Description:Delete one DataNode     Solution:Please confirm that there is a blocking operation when you grab frame
Error   2025-11-15 19:21:10  DevID:MV-CA013-A0UC(J06720615)  Source-Line:libMvUsb3vTL.so(DriverLayer.cpp-L0769)     Description:timesOut, num_iso_packets: ff     Solution:
Info    2025-11-15 19:21:10  DevID:MV-CA013-A0UC(J06720615)  Source-Line:libMvUsb3vTL.so(EventProcess.cpp-L0311)     Description:[Event]Read Async, Ret[0xff]     Solution:
Warning 2025-11-15 19:21:10  DevID:MV-CA013-A0UC(J06720615)  Source-Line:libMvUsb3vTL.so(StreamProcess.cpp-L1426)     Description:Delete one DataNode     Solution:Please confirm that there is a blocking operation when you grab frame
Warning 2025-11-15 19:21:10  DevID:MV-CA013-A0UC(J06720615)  Source-Line:libMvUsb3vTL.so(StreamProcess.cpp-L0844)     Description:[GetOneFrame] PreFrameNum[6905], CurFrameNum[6909]     Solution:
Warning 2025-11-15 19:21:10  DevID:MV-CA013-A0UC(J06720615)  Source-Line:libMvUsb3vTL.so(StreamProcess.cpp-L1426)     Description:Delete one DataNode     Solution:Please confirm that there is a blocking operation when you grab frame
Warning 2025-11-15 19:21:10  DevID:MV-CA013-A0UC(J06720615)  Source-Line:libMvUsb3vTL.so(StreamProcess.cpp-L1426)     Description:Delete one DataNode     Solution:Please confirm that there is a blocking operation when you grab frame
Warning 2025-11-15 19:21:10  DevID:MV-CA013-A0UC(J06720615)  Source-Line:libMvUsb3vTL.so(StreamProcess.cpp-L1426)     Description:Delete one DataNode     Solution:Please confirm that there is a blocking operation when you grab frame
Warning 2025-11-15 19:21:10  DevID:MV-CA013-A0UC(J06720615)  Source-Line:libMvUsb3vTL.so(StreamProcess.cpp-L0844)     Description:[GetOneFrame] PreFrameNum[6909], CurFrameNum[6913]     Solution:
Warning 2025-11-15 19:21:10  DevID:MV-CA013-A0UC(J06720615)  Source-Line:libMvUsb3vTL.so(StreamProcess.cpp-L1426)     Description:Delete one DataNode     Solution:Please confirm that there is a blocking operation when you grab frame
Warning 2025-11-15 19:21:10  DevID:MV-CA013-A0UC(J06720615)  Source-Line:libMvUsb3vTL.so(StreamProcess.cpp-L1426)     Description:Delete one DataNode     Solution:Please confirm that there is a blocking operation when you grab frame
Warning 2025-11-15 19:21:10  DevID:MV-CA013-A0UC(J06720615)  Source-Line:libMvUsb3vTL.so(StreamProcess.cpp-L1426)     Description:Delete one DataNode     Solution:Please confirm that there is a blocking operation when you grab frame
Warning 2025-11-15 19:21:10  DevID:MV-CA013-A0UC(J06720615)  Source-Line:libMvUsb3vTL.so(StreamProcess.cpp-L0844)     Description:[GetOneFrame] PreFrameNum[6913], CurFrameNum[6917]     Solution:
Warning 2025-11-15 19:21:10  DevID:MV-CA013-A0UC(J06720615)  Source-Line:libMvUsb3vTL.so(StreamProcess.cpp-L1426)     Description:Delete one DataNode     Solution:Please confirm that there is a blocking operation when you grab frame
Warning 2025-11-15 19:21:10  DevID:MV-CA013-A0UC(J06720615)  Source-Line:libMvUsb3vTL.so(StreamProcess.cpp-L1426)     Description:Delete one DataNode     Solution:Please confirm that there is a blocking operation when you grab frame
Warning 2025-11-15 19:21:10  DevID:MV-CA013-A0UC(J06720615)  Source-Line:libMvUsb3vTL.so(StreamProcess.cpp-L1426)     Description:Delete one DataNode     Solution:Please confirm that there is a blocking operation when you grab frame
Warning 2025-11-15 19:21:10  DevID:MV-CA013-A0UC(J06720615)  Source-Line:libMvUsb3vTL.so(StreamProcess.cpp-L0844)     Description:[GetOneFrame] PreFrameNum[6917], CurFrameNum[6921]     Solution:
Warning 2025-11-15 19:21:10  DevID:MV-CA013-A0UC(J06720615)  Source-Line:libMvUsb3vTL.so(StreamProcess.cpp-L1426)     Description:Delete one DataNode     Solution:Please confirm that there is a blocking operation when you grab frame
Warning 2025-11-15 19:21:10  DevID:MV-CA013-A0UC(J06720615)  Source-Line:libMvUsb3vTL.so(StreamProcess.cpp-L1426)     Description:Delete one DataNode     Solution:Please confirm that there is a blocking operation when you grab frame
Warning 2025-11-15 19:21:10  DevID:MV-CA013-A0UC(J06720615)  Source-Line:libMvUsb3vTL.so(StreamProcess.cpp-L1426)     Description:Delete one DataNode     Solution:Please confirm that there is a blocking operation when you grab frame
Warning 2025-11-15 19:21:10  DevID:MV-CA013-A0UC(J06720615)  Source-Line:libMvUsb3vTL.so(StreamProcess.cpp-L0844)     Description:[GetOneFrame] PreFrameNum[6921], CurFrameNum[6925]     Solution:
Warning 2025-11-15 19:21:10  DevID:MV-CA013-A0UC(J06720615)  Source-Line:libMvUsb3vTL.so(StreamProcess.cpp-L1426)     Description:Delete one DataNode     Solution:Please confirm that there is a blocking operation when you grab frame
Warning 2025-11-15 19:21:10  DevID:MV-CA013-A0UC(J06720615)  Source-Line:libMvUsb3vTL.so(StreamProcess.cpp-L1426)     Description:Delete one DataNode     Solution:Please confirm that there is a blocking operation when you grab frame
Warning 2025-11-15 19:21:10  DevID:MV-CA013-A0UC(J06720615)  Source-Line:libMvUsb3vTL.so(StreamProcess.cpp-L1426)     Description:Delete one DataNode     Solution:Please confirm that there is a blocking operation when you grab frame
Warning 2025-11-15 19:21:10  DevID:MV-CA013-A0UC(J06720615)  Source-Line:libMvUsb3vTL.so(StreamProcess.cpp-L0844)     Description:[GetOneFrame] PreFrameNum[6925], CurFrameNum[6929]     Solution:
Warning 2025-11-15 19:21:10  DevID:MV-CA013-A0UC(J06720615)  Source-Line:libMvUsb3vTL.so(StreamProcess.cpp-L1426)     Description:Delete one DataNode     Solution:Please confirm that there is a blocking operation when you grab frame
Warning 2025-11-15 19:21:10  DevID:MV-CA013-A0UC(J06720615)  Source-Line:libMvUsb3vTL.so(StreamProcess.cpp-L1426)     Description:Delete one DataNode     Solution:Please confirm that there is a blocking operation when you grab frame
Warning 2025-11-15 19:21:10  DevID:MV-CA013-A0UC(J06720615)  Source-Line:libMvUsb3vTL.so(StreamProcess.cpp-L1426)     Description:Delete one DataNode     Solution:Please confirm that there is a blocking operation when you grab frame
Warning 2025-11-15 19:21:10  DevID:MV-CA013-A0UC(J06720615)  Source-Line:libMvUsb3vTL.so(StreamProcess.cpp-L0844)     Description:[GetOneFrame] PreFrameNum[6929], CurFrameNum[6933]     Solution:
Warning 2025-11-15 19:21:10  DevID:MV-CA013-A0UC(J06720615)  Source-Line:libMvUsb3vTL.so(StreamProcess.cpp-L1426)     Description:Delete one DataNode     Solution:Please confirm that there is a blocking operation when you grab frame
Warning 2025-11-15 19:21:10  DevID:MV-CA013-A0UC(J06720615)  Source-Line:libMvUsb3vTL.so(StreamProcess.cpp-L1426)     Description:Delete one DataNode     Solution:Please confirm that there is a blocking operation when you grab frame
Warning 2025-11-15 19:21:10  DevID:MV-CA013-A0UC(J06720615)  Source-Line:libMvUsb3vTL.so(StreamProcess.cpp-L1426)     Description:Delete one DataNode     Solution:Please confirm that there is a blocking operation when you grab frame
Warning 2025-11-15 19:21:10  DevID:MV-CA013-A0UC(J06720615)  Source-Line:libMvUsb3vTL.so(StreamProcess.cpp-L0844)     Description:[GetOneFrame] PreFrameNum[6933], CurFrameNum[6937]     Solution:
Warning 2025-11-15 19:21:10  DevID:MV-CA013-A0UC(J06720615)  Source-Line:libMvUsb3vTL.so(StreamProcess.cpp-L1426)     Description:Delete one DataNode     Solution:Please confirm that there is a blocking operation when you grab frame
Warning 2025-11-15 19:21:10  DevID:MV-CA013-A0UC(J06720615)  Source-Line:libMvUsb3vTL.so(StreamProcess.cpp-L1426)     Description:Delete one DataNode     Solution:Please confirm that there is a blocking operation when you grab frame
Warning 2025-11-15 19:21:10  DevID:MV-CA013-A0UC(J06720615)  Source-Line:libMvUsb3vTL.so(StreamProcess.cpp-L1426)     Description:Delete one DataNode     Solution:Please confirm that there is a blocking operation when you grab frame
Warning 2025-11-15 19:21:10  DevID:MV-CA013-A0UC(J06720615)  Source-Line:libMvUsb3vTL.so(StreamProcess.cpp-L0844)     Description:[GetOneFrame] PreFrameNum[6937], CurFrameNum[6941]     Solution:
Warning 2025-11-15 19:21:10  DevID:MV-CA013-A0UC(J06720615)  Source-Line:libMvUsb3vTL.so(StreamProcess.cpp-L1426)     Description:Delete one DataNode     Solution:Please confirm that there is a blocking operation when you grab frame
Warning 2025-11-15 19:21:10  DevID:MV-CA013-A0UC(J06720615)  Source-Line:libMvUsb3vTL.so(StreamProcess.cpp-L1426)     Description:Delete one DataNode     Solution:Please confirm that there is a blocking operation when you grab frame
Warning 2025-11-15 19:21:10  DevID:MV-CA013-A0UC(J06720615)  Source-Line:libMvUsb3vTL.so(StreamProcess.cpp-L1426)     Description:Delete one DataNode     Solution:Please confirm that there is a blocking operation when you grab frame
Warning 2025-11-15 19:21:10  DevID:MV-CA013-A0UC(J06720615)  Source-Line:libMvUsb3vTL.so(StreamProcess.cpp-L0844)     Description:[GetOneFrame] PreFrameNum[6941], CurFrameNum[6945]     Solution:
Warning 2025-11-15 19:21:10  DevID:MV-CA013-A0UC(J06720615)  Source-Line:libMvUsb3vTL.so(StreamProcess.cpp-L1426)     Description:Delete one DataNode     Solution:Please confirm that there is a blocking operation when you grab frame
Warning 2025-11-15 19:21:10  DevID:MV-CA013-A0UC(J06720615)  Source-Line:libMvUsb3vTL.so(StreamProcess.cpp-L1426)     Description:Delete one DataNode     Solution:Please confirm that there is a blocking operation when you grab frame
Warning 2025-11-15 19:21:10  DevID:MV-CA013-A0UC(J06720615)  Source-Line:libMvUsb3vTL.so(StreamProcess.cpp-L1426)     Description:Delete one DataNode     Solution:Please confirm that there is a blocking operation when you grab frame
Warning 2025-11-15 19:21:10  DevID:MV-CA013-A0UC(J06720615)  Source-Line:libMvUsb3vTL.so(StreamProcess.cpp-L0844)     Description:[GetOneFrame] PreFrameNum[6945], CurFrameNum[6949]     Solution:
Warning 2025-11-15 19:21:10  DevID:MV-CA013-A0UC(J06720615)  Source-Line:libMvUsb3vTL.so(StreamProcess.cpp-L1426)     Description:Delete one DataNode     Solution:Please confirm that there is a blocking operation when you grab frame
Warning 2025-11-15 19:21:10  DevID:MV-CA013-A0UC(J06720615)  Source-Line:libMvUsb3vTL.so(StreamProcess.cpp-L1426)     Description:Delete one DataNode     Solution:Please confirm that there is a blocking operation when you grab frame
Warning 2025-11-15 19:21:10  DevID:MV-CA013-A0UC(J06720615)  Source-Line:libMvUsb3vTL.so(StreamProcess.cpp-L1426)     Description:Delete one DataNode     Solution:Please confirm that there is a blocking operation when you grab frame
Warning 2025-11-15 19:21:10  DevID:MV-CA013-A0UC(J06720615)  Source-Line:libMvUsb3vTL.so(StreamProcess.cpp-L0844)     Description:[GetOneFrame] PreFrameNum[6949], CurFrameNum[6953]     Solution:
Warning 2025-11-15 19:21:10  DevID:MV-CA013-A0UC(J06720615)  Source-Line:libMvUsb3vTL.so(StreamProcess.cpp-L1426)     Description:Delete one DataNode     Solution:Please confirm that there is a blocking operation when you grab frame
Warning 2025-11-15 19:21:10  DevID:MV-CA013-A0UC(J06720615)  Source-Line:libMvUsb3vTL.so(StreamProcess.cpp-L1426)     Description:Delete one DataNode     Solution:Please confirm that there is a blocking operation when you grab frame
Warning 2025-11-15 19:21:10  DevID:MV-CA013-A0UC(J06720615)  Source-Line:libMvUsb3vTL.so(StreamProcess.cpp-L1426)     Description:Delete one DataNode     Solution:Please confirm that there is a blocking operation when you grab frame
Warning 2025-11-15 19:21:10  DevID:MV-CA013-A0UC(J06720615)  Source-Line:libMvUsb3vTL.so(StreamProcess.cpp-L0844)     Description:[GetOneFrame] PreFrameNum[6953], CurFrameNum[6957]     Solution:
Warning 2025-11-15 19:21:10  DevID:MV-CA013-A0UC(J06720615)  Source-Line:libMvUsb3vTL.so(StreamProcess.cpp-L1426)     Description:Delete one DataNode     Solution:Please confirm that there is a blocking operation when you grab frame
Warning 2025-11-15 19:21:10  DevID:MV-CA013-A0UC(J06720615)  Source-Line:libMvUsb3vTL.so(StreamProcess.cpp-L1426)     Description:Delete one DataNode     Solution:Please confirm that there is a blocking operation when you grab frame
Warning 2025-11-15 19:21:10  DevID:MV-CA013-A0UC(J06720615)  Source-Line:libMvUsb3vTL.so(StreamProcess.cpp-L1426)     Description:Delete one DataNode     Solution:Please confirm that there is a blocking operation when you grab frame
Warning 2025-11-15 19:21:10  DevID:MV-CA013-A0UC(J06720615)  Source-Line:libMvUsb3vTL.so(StreamProcess.cpp-L0844)     Description:[GetOneFrame] PreFrameNum[6957], CurFrameNum[6961]     Solution:
Warning 2025-11-15 19:21:10  DevID:MV-CA013-A0UC(J06720615)  Source-Line:libMvUsb3vTL.so(StreamProcess.cpp-L1426)     Description:Delete one DataNode     Solution:Please confirm that there is a blocking operation when you grab frame
Warning 2025-11-15 19:21:10  DevID:MV-CA013-A0UC(J06720615)  Source-Line:libMvUsb3vTL.so(StreamProcess.cpp-L1426)     Description:Delete one DataNode     Solution:Please confirm that there is a blocking operation when you grab frame
Warning 2025-11-15 19:21:10  DevID:MV-CA013-A0UC(J06720615)  Source-Line:libMvUsb3vTL.so(StreamProcess.cpp-L1426)     Description:Delete one DataNode     Solution:Please confirm that there is a blocking operation when you grab frame
Warning 2025-11-15 19:21:10  DevID:MV-CA013-A0UC(J06720615)  Source-Line:libMvUsb3vTL.so(StreamProcess.cpp-L0844)     Description:[GetOneFrame] PreFrameNum[6961], CurFrameNum[6965]     Solution:
Warning 2025-11-15 19:21:10  DevID:MV-CA013-A0UC(J06720615)  Source-Line:libMvUsb3vTL.so(StreamProcess.cpp-L1426)     Description:Delete one DataNode     Solution:Please confirm that there is a blocking operation when you grab frame
Warning 2025-11-15 19:21:10  DevID:MV-CA013-A0UC(J06720615)  Source-Line:libMvUsb3vTL.so(StreamProcess.cpp-L1426)     Description:Delete one DataNode     Solution:Please confirm that there is a blocking operation when you grab frame
Warning 2025-11-15 19:21:10  DevID:MV-CA013-A0UC(J06720615)  Source-Line:libMvUsb3vTL.so(StreamProcess.cpp-L1426)     Description:Delete one DataNode     Solution:Please confirm that there is a blocking operation when you grab frame
Warning 2025-11-15 19:21:10  DevID:MV-CA013-A0UC(J06720615)  Source-Line:libMvUsb3vTL.so(StreamProcess.cpp-L0844)     Description:[GetOneFrame] PreFrameNum[6965], CurFrameNum[6969]     Solution:
Warning 2025-11-15 19:21:10  DevID:MV-CA013-A0UC(J06720615)  Source-Line:libMvUsb3vTL.so(StreamProcess.cpp-L1426)     Description:Delete one DataNode     Solution:Please confirm that there is a blocking operation when you grab frame
Warning 2025-11-15 19:21:10  DevID:MV-CA013-A0UC(J06720615)  Source-Line:libMvUsb3vTL.so(StreamProcess.cpp-L1426)     Description:Delete one DataNode     Solution:Please confirm that there is a blocking operation when you grab frame
Warning 2025-11-15 19:21:10  DevID:MV-CA013-A0UC(J06720615)  Source-Line:libMvUsb3vTL.so(StreamProcess.cpp-L1426)     Description:Delete one DataNode     Solution:Please confirm that there is a blocking operation when you grab frame
Warning 2025-11-15 19:21:10  DevID:MV-CA013-A0UC(J06720615)  Source-Line:libMvUsb3vTL.so(StreamProcess.cpp-L0844)     Description:[GetOneFrame] PreFrameNum[6969], CurFrameNum[6973]     Solution:
Warning 2025-11-15 19:21:10  DevID:MV-CA013-A0UC(J06720615)  Source-Line:libMvUsb3vTL.so(StreamProcess.cpp-L1426)     Description:Delete one DataNode     Solution:Please confirm that there is a blocking operation when you grab frame
Warning 2025-11-15 19:21:10  DevID:MV-CA013-A0UC(J06720615)  Source-Line:libMvUsb3vTL.so(StreamProcess.cpp-L1426)     Description:Delete one DataNode     Solution:Please confirm that there is a blocking operation when you grab frame
Warning 2025-11-15 19:21:10  DevID:MV-CA013-A0UC(J06720615)  Source-Line:libMvUsb3vTL.so(StreamProcess.cpp-L1426)     Description:Delete one DataNode     Solution:Please confirm that there is a blocking operation when you grab frame
Warning 2025-11-15 19:21:10  DevID:MV-CA013-A0UC(J06720615)  Source-Line:libMvUsb3vTL.so(StreamProcess.cpp-L0844)     Description:[GetOneFrame] PreFrameNum[6973], CurFrameNum[6977]     Solution:
Warning 2025-11-15 19:21:10  DevID:MV-CA013-A0UC(J06720615)  Source-Line:libMvUsb3vTL.so(StreamProcess.cpp-L1426)     Description:Delete one DataNode     Solution:Please confirm that there is a blocking operation when you grab frame
Warning 2025-11-15 19:21:10  DevID:MV-CA013-A0UC(J06720615)  Source-Line:libMvUsb3vTL.so(StreamProcess.cpp-L1426)     Description:Delete one DataNode     Solution:Please confirm that there is a blocking operation when you grab frame
Warning 2025-11-15 19:21:10  DevID:MV-CA013-A0UC(J06720615)  Source-Line:libMvUsb3vTL.so(StreamProcess.cpp-L1426)     Description:Delete one DataNode     Solution:Please confirm that there is a blocking operation when you grab frame
Warning 2025-11-15 19:21:10  DevID:MV-CA013-A0UC(J06720615)  Source-Line:libMvUsb3vTL.so(StreamProcess.cpp-L0844)     Description:[GetOneFrame] PreFrameNum[6977], CurFrameNum[6981]     Solution:
Warning 2025-11-15 19:21:10  DevID:MV-CA013-A0UC(J06720615)  Source-Line:libMvUsb3vTL.so(StreamProcess.cpp-L1426)     Description:Delete one DataNode     Solution:Please confirm that there is a blocking operation when you grab frame
Warning 2025-11-15 19:21:10  DevID:MV-CA013-A0UC(J06720615)  Source-Line:libMvUsb3vTL.so(StreamProcess.cpp-L1426)     Description:Delete one DataNode     Solution:Please confirm that there is a blocking operation when you grab frame
Warning 2025-11-15 19:21:10  DevID:MV-CA013-A0UC(J06720615)  Source-Line:libMvUsb3vTL.so(StreamProcess.cpp-L1426)     Description:Delete one DataNode     Solution:Please confirm that there is a blocking operation when you grab frame
Warning 2025-11-15 19:21:10  DevID:MV-CA013-A0UC(J06720615)  Source-Line:libMvUsb3vTL.so(StreamProcess.cpp-L0844)     Description:[GetOneFrame] PreFrameNum[6981], CurFrameNum[6985]     Solution:
Warning 2025-11-15 19:21:10  DevID:MV-CA013-A0UC(J06720615)  Source-Line:libMvUsb3vTL.so(StreamProcess.cpp-L1426)     Description:Delete one DataNode     Solution:Please confirm that there is a blocking operation when you grab frame
Warning 2025-11-15 19:21:10  DevID:MV-CA013-A0UC(J06720615)  Source-Line:libMvUsb3vTL.so(StreamProcess.cpp-L1426)     Description:Delete one DataNode     Solution:Please confirm that there is a blocking operation when you grab frame
Warning 2025-11-15 19:21:10  DevID:MV-CA013-A0UC(J06720615)  Source-Line:libMvUsb3vTL.so(StreamProcess.cpp-L1426)     Description:Delete one DataNode     Solution:Please confirm that there is a blocking operation when you grab frame
Warning 2025-11-15 19:21:10  DevID:MV-CA013-A0UC(J06720615)  Source-Line:libMvUsb3vTL.so(StreamProcess.cpp-L0844)     Description:[GetOneFrame] PreFrameNum[6985], CurFrameNum[6989]     Solution:
Warning 2025-11-15 19:21:10  DevID:MV-CA013-A0UC(J06720615)  Source-Line:libMvUsb3vTL.so(StreamProcess.cpp-L1426)     Description:Delete one DataNode     Solution:Please confirm that there is a blocking operation when you grab frame
Warning 2025-11-15 19:21:10  DevID:MV-CA013-A0UC(J06720615)  Source-Line:libMvUsb3vTL.so(StreamProcess.cpp-L1426)     Description:Delete one DataNode     Solution:Please confirm that there is a blocking operation when you grab frame
Warning 2025-11-15 19:21:10  DevID:MV-CA013-A0UC(J06720615)  Source-Line:libMvUsb3vTL.so(StreamProcess.cpp-L1426)     Description:Delete one DataNode     Solution:Please confirm that there is a blocking operation when you grab frame
Warning 2025-11-15 19:21:10  DevID:MV-CA013-A0UC(J06720615)  Source-Line:libMvUsb3vTL.so(StreamProcess.cpp-L0844)     Description:[GetOneFrame] PreFrameNum[6989], CurFrameNum[6993]     Solution:
Warning 2025-11-15 19:21:10  DevID:MV-CA013-A0UC(J06720615)  Source-Line:libMvUsb3vTL.so(StreamProcess.cpp-L1426)     Description:Delete one DataNode     Solution:Please confirm that there is a blocking operation when you grab frame
Warning 2025-11-15 19:21:10  DevID:MV-CA013-A0UC(J06720615)  Source-Line:libMvUsb3vTL.so(StreamProcess.cpp-L1426)     Description:Delete one DataNode     Solution:Please confirm that there is a blocking operation when you grab frame
Warning 2025-11-15 19:21:10  DevID:MV-CA013-A0UC(J06720615)  Source-Line:libMvUsb3vTL.so(StreamProcess.cpp-L1426)     Description:Delete one DataNode     Solution:Please confirm that there is a blocking operation when you grab frame
Warning 2025-11-15 19:21:10  DevID:MV-CA013-A0UC(J06720615)  Source-Line:libMvUsb3vTL.so(StreamProcess.cpp-L0844)     Description:[GetOneFrame] PreFrameNum[6993], CurFrameNum[6997]     Solution:
Warning 2025-11-15 19:21:10  DevID:MV-CA013-A0UC(J06720615)  Source-Line:libMvUsb3vTL.so(StreamProcess.cpp-L1426)     Description:Delete one DataNode     Solution:Please confirm that there is a blocking operation when you grab frame
Warning 2025-11-15 19:21:10  DevID:MV-CA013-A0UC(J06720615)  Source-Line:libMvUsb3vTL.so(StreamProcess.cpp-L1426)     Description:Delete one DataNode     Solution:Please confirm that there is a blocking operation when you grab frame
Warning 2025-11-15 19:21:10  DevID:MV-CA013-A0UC(J06720615)  Source-Line:libMvUsb3vTL.so(StreamProcess.cpp-L1426)     Description:Delete one DataNode     Solution:Please confirm that there is a blocking operation when you grab frame
Warning 2025-11-15 19:21:10  DevID:MV-CA013-A0UC(J06720615)  Source-Line:libMvUsb3vTL.so(StreamProcess.cpp-L0844)     Description:[GetOneFrame] PreFrameNum[6997], CurFrameNum[7001]     Solution:
Warning 2025-11-15 19:21:10  DevID:MV-CA013-A0UC(J06720615)  Source-Line:libMvUsb3vTL.so(StreamProcess.cpp-L1426)     Description:Delete one DataNode     Solution:Please confirm that there is a blocking operation when you grab frame
Warning 2025-11-15 19:21:10  DevID:MV-CA013-A0UC(J06720615)  Source-Line:libMvUsb3vTL.so(StreamProcess.cpp-L1426)     Description:Delete one DataNode     Solution:Please confirm that there is a blocking operation when you grab frame
Warning 2025-11-15 19:21:10  DevID:MV-CA013-A0UC(J06720615)  Source-Line:libMvUsb3vTL.so(StreamProcess.cpp-L1426)     Description:Delete one DataNode     Solution:Please confirm that there is a blocking operation when you grab frame
Warning 2025-11-15 19:21:10  DevID:MV-CA013-A0UC(J06720615)  Source-Line:libMvUsb3vTL.so(StreamProcess.cpp-L0844)     Description:[GetOneFrame] PreFrameNum[7001], CurFrameNum[7005]     Solution:
Warning 2025-11-15 19:21:10  DevID:MV-CA013-A0UC(J06720615)  Source-Line:libMvUsb3vTL.so(StreamProcess.cpp-L1426)     Description:Delete one DataNode     Solution:Please confirm that there is a blocking operation when you grab frame
Warning 2025-11-15 19:21:10  DevID:MV-CA013-A0UC(J06720615)  Source-Line:libMvUsb3vTL.so(StreamProcess.cpp-L1426)     Description:Delete one DataNode     Solution:Please confirm that there is a blocking operation when you grab frame
Warning 2025-11-15 19:21:10  DevID:MV-CA013-A0UC(J06720615)  Source-Line:libMvUsb3vTL.so(StreamProcess.cpp-L1426)     Description:Delete one DataNode     Solution:Please confirm that there is a blocking operation when you grab frame
Warning 2025-11-15 19:21:10  DevID:MV-CA013-A0UC(J06720615)  Source-Line:libMvUsb3vTL.so(StreamProcess.cpp-L0844)     Description:[GetOneFrame] PreFrameNum[7005], CurFrameNum[7009]     Solution:
Warning 2025-11-15 19:21:10  DevID:MV-CA013-A0UC(J06720615)  Source-Line:libMvUsb3vTL.so(StreamProcess.cpp-L1426)     Description:Delete one DataNode     Solution:Please confirm that there is a blocking operation when you grab frame
Warning 2025-11-15 19:21:10  DevID:MV-CA013-A0UC(J06720615)  Source-Line:libMvUsb3vTL.so(StreamProcess.cpp-L1426)     Description:Delete one DataNode     Solution:Please confirm that there is a blocking operation when you grab frame
Warning 2025-11-15 19:21:10  DevID:MV-CA013-A0UC(J06720615)  Source-Line:libMvUsb3vTL.so(StreamProcess.cpp-L1426)     Description:Delete one DataNode     Solution:Please confirm that there is a blocking operation when you grab frame
Warning 2025-11-15 19:21:10  DevID:MV-CA013-A0UC(J06720615)  Source-Line:libMvUsb3vTL.so(StreamProcess.cpp-L0844)     Description:[GetOneFrame] PreFrameNum[7009], CurFrameNum[7013]     Solution:
Warning 2025-11-15 19:21:10  DevID:MV-CA013-A0UC(J06720615)  Source-Line:libMvUsb3vTL.so(StreamProcess.cpp-L1426)     Description:Delete one DataNode     Solution:Please confirm that there is a blocking operation when you grab frame
Warning 2025-11-15 19:21:10  DevID:MV-CA013-A0UC(J06720615)  Source-Line:libMvUsb3vTL.so(StreamProcess.cpp-L1426)     Description:Delete one DataNode     Solution:Please confirm that there is a blocking operation when you grab frame
Warning 2025-11-15 19:21:10  DevID:MV-CA013-A0UC(J06720615)  Source-Line:libMvUsb3vTL.so(StreamProcess.cpp-L1426)     Description:Delete one DataNode     Solution:Please confirm that there is a blocking operation when you grab frame
Warning 2025-11-15 19:21:10  DevID:MV-CA013-A0UC(J06720615)  Source-Line:libMvUsb3vTL.so(StreamProcess.cpp-L0844)     Description:[GetOneFrame] PreFrameNum[7013], CurFrameNum[7017]     Solution:
Warning 2025-11-15 19:21:10  DevID:MV-CA013-A0UC(J06720615)  Source-Line:libMvUsb3vTL.so(StreamProcess.cpp-L1426)     Description:Delete one DataNode     Solution:Please confirm that there is a blocking operation when you grab frame
Warning 2025-11-15 19:21:10  DevID:MV-CA013-A0UC(J06720615)  Source-Line:libMvUsb3vTL.so(StreamProcess.cpp-L1426)     Description:Delete one DataNode     Solution:Please confirm that there is a blocking operation when you grab frame
Warning 2025-11-15 19:21:10  DevID:MV-CA013-A0UC(J06720615)  Source-Line:libMvUsb3vTL.so(StreamProcess.cpp-L1426)     Description:Delete one DataNode     Solution:Please confirm that there is a blocking operation when you grab frame
Warning 2025-11-15 19:21:10  DevID:MV-CA013-A0UC(J06720615)  Source-Line:libMvUsb3vTL.so(StreamProcess.cpp-L0844)     Description:[GetOneFrame] PreFrameNum[7017], CurFrameNum[7021]     Solution:
Warning 2025-11-15 19:21:10  DevID:MV-CA013-A0UC(J06720615)  Source-Line:libMvUsb3vTL.so(StreamProcess.cpp-L1426)     Description:Delete one DataNode     Solution:Please confirm that there is a blocking operation when you grab frame
Warning 2025-11-15 19:21:10  DevID:MV-CA013-A0UC(J06720615)  Source-Line:libMvUsb3vTL.so(StreamProcess.cpp-L1426)     Description:Delete one DataNode     Solution:Please confirm that there is a blocking operation when you grab frame
Warning 2025-11-15 19:21:10  DevID:MV-CA013-A0UC(J06720615)  Source-Line:libMvUsb3vTL.so(StreamProcess.cpp-L1426)     Description:Delete one DataNode     Solution:Please confirm that there is a blocking operation when you grab frame
Warning 2025-11-15 19:21:10  DevID:MV-CA013-A0UC(J06720615)  Source-Line:libMvUsb3vTL.so(StreamProcess.cpp-L0844)     Description:[GetOneFrame] PreFrameNum[7021], CurFrameNum[7025]     Solution:
Warning 2025-11-15 19:21:10  DevID:MV-CA013-A0UC(J06720615)  Source-Line:libMvUsb3vTL.so(StreamProcess.cpp-L1426)     Description:Delete one DataNode     Solution:Please confirm that there is a blocking operation when you grab frame
Warning 2025-11-15 19:21:10  DevID:MV-CA013-A0UC(J06720615)  Source-Line:libMvUsb3vTL.so(StreamProcess.cpp-L1426)     Description:Delete one DataNode     Solution:Please confirm that there is a blocking operation when you grab frame
Warning 2025-11-15 19:21:10  DevID:MV-CA013-A0UC(J06720615)  Source-Line:libMvUsb3vTL.so(StreamProcess.cpp-L1426)     Description:Delete one DataNode     Solution:Please confirm that there is a blocking operation when you grab frame
Warning 2025-11-15 19:21:10  DevID:MV-CA013-A0UC(J06720615)  Source-Line:libMvUsb3vTL.so(StreamProcess.cpp-L0844)     Description:[GetOneFrame] PreFrameNum[7025], CurFrameNum[7029]     Solution:
Warning 2025-11-15 19:21:10  DevID:MV-CA013-A0UC(J06720615)  Source-Line:libMvUsb3vTL.so(StreamProcess.cpp-L1426)     Description:Delete one DataNode     Solution:Please confirm that there is a blocking operation when you grab frame
Warning 2025-11-15 19:21:10  DevID:MV-CA013-A0UC(J06720615)  Source-Line:libMvUsb3vTL.so(StreamProcess.cpp-L1426)     Description:Delete one DataNode     Solution:Please confirm that there is a blocking operation when you grab frame
Warning 2025-11-15 19:21:10  DevID:MV-CA013-A0UC(J06720615)  Source-Line:libMvUsb3vTL.so(StreamProcess.cpp-L1426)     Description:Delete one DataNode     Solution:Please confirm that there is a blocking operation when you grab frame
Warning 2025-11-15 19:21:10  DevID:MV-CA013-A0UC(J06720615)  Source-Line:libMvUsb3vTL.so(StreamProcess.cpp-L0844)     Description:[GetOneFrame] PreFrameNum[7029], CurFrameNum[7033]     Solution:
Warning 2025-11-15 19:21:10  DevID:MV-CA013-A0UC(J06720615)  Source-Line:libMvUsb3vTL.so(StreamProcess.cpp-L1426)     Description:Delete one DataNode     Solution:Please confirm that there is a blocking operation when you grab frame
Warning 2025-11-15 19:21:10  DevID:MV-CA013-A0UC(J06720615)  Source-Line:libMvUsb3vTL.so(StreamProcess.cpp-L1426)     Description:Delete one DataNode     Solution:Please confirm that there is a blocking operation when you grab frame
Warning 2025-11-15 19:21:10  DevID:MV-CA013-A0UC(J06720615)  Source-Line:libMvUsb3vTL.so(StreamProcess.cpp-L0844)     Description:[GetOneFrame] PreFrameNum[7033], CurFrameNum[7036]     Solution:
Warning 2025-11-15 19:21:10  DevID:MV-CA013-A0UC(J06720615)  Source-Line:libMvUsb3vTL.so(StreamProcess.cpp-L1426)     Description:Delete one DataNode     Solution:Please confirm that there is a blocking operation when you grab frame
Warning 2025-11-15 19:21:10  DevID:MV-CA013-A0UC(J06720615)  Source-Line:libMvUsb3vTL.so(StreamProcess.cpp-L1426)     Description:Delete one DataNode     Solution:Please confirm that there is a blocking operation when you grab frame
Warning 2025-11-15 19:21:10  DevID:MV-CA013-A0UC(J06720615)  Source-Line:libMvUsb3vTL.so(StreamProcess.cpp-L1426)     Description:Delete one DataNode     Solution:Please confirm that there is a blocking operation when you grab frame
Warning 2025-11-15 19:21:10  DevID:MV-CA013-A0UC(J06720615)  Source-Line:libMvUsb3vTL.so(StreamProcess.cpp-L0844)     Description:[GetOneFrame] PreFrameNum[7036], CurFrameNum[7040]     Solution:
Warning 2025-11-15 19:21:10  DevID:MV-CA013-A0UC(J06720615)  Source-Line:libMvUsb3vTL.so(StreamProcess.cpp-L1426)     Description:Delete one DataNode     Solution:Please confirm that there is a blocking operation when you grab frame
Warning 2025-11-15 19:21:10  DevID:MV-CA013-A0UC(J06720615)  Source-Line:libMvUsb3vTL.so(StreamProcess.cpp-L1426)     Description:Delete one DataNode     Solution:Please confirm that there is a blocking operation when you grab frame
Warning 2025-11-15 19:21:10  DevID:MV-CA013-A0UC(J06720615)  Source-Line:libMvUsb3vTL.so(StreamProcess.cpp-L1426)     Description:Delete one DataNode     Solution:Please confirm that there is a blocking operation when you grab frame
Warning 2025-11-15 19:21:10  DevID:MV-CA013-A0UC(J06720615)  Source-Line:libMvUsb3vTL.so(StreamProcess.cpp-L0844)     Description:[GetOneFrame] PreFrameNum[7040], CurFrameNum[7044]     Solution:
Warning 2025-11-15 19:21:10  DevID:MV-CA013-A0UC(J06720615)  Source-Line:libMvUsb3vTL.so(StreamProcess.cpp-L1426)     Description:Delete one DataNode     Solution:Please confirm that there is a blocking operation when you grab frame
Warning 2025-11-15 19:21:10  DevID:MV-CA013-A0UC(J06720615)  Source-Line:libMvUsb3vTL.so(StreamProcess.cpp-L1426)     Description:Delete one DataNode     Solution:Please confirm that there is a blocking operation when you grab frame
Warning 2025-11-15 19:21:10  DevID:MV-CA013-A0UC(J06720615)  Source-Line:libMvUsb3vTL.so(StreamProcess.cpp-L1426)     Description:Delete one DataNode     Solution:Please confirm that there is a blocking operation when you grab frame
Warning 2025-11-15 19:21:10  DevID:MV-CA013-A0UC(J06720615)  Source-Line:libMvUsb3vTL.so(StreamProcess.cpp-L0844)     Description:[GetOneFrame] PreFrameNum[7044], CurFrameNum[7048]     Solution:
Warning 2025-11-15 19:21:10  DevID:MV-CA013-A0UC(J06720615)  Source-Line:libMvUsb3vTL.so(StreamProcess.cpp-L1426)     Description:Delete one DataNode     Solution:Please confirm that there is a blocking operation when you grab frame
Warning 2025-11-15 19:21:10  DevID:MV-CA013-A0UC(J06720615)  Source-Line:libMvUsb3vTL.so(StreamProcess.cpp-L1426)     Description:Delete one DataNode     Solution:Please confirm that there is a blocking operation when you grab frame
Warning 2025-11-15 19:21:10  DevID:MV-CA013-A0UC(J06720615)  Source-Line:libMvUsb3vTL.so(StreamProcess.cpp-L1426)     Description:Delete one DataNode     Solution:Please confirm that there is a blocking operation when you grab frame
Warning 2025-11-15 19:21:10  DevID:MV-CA013-A0UC(J06720615)  Source-Line:libMvUsb3vTL.so(StreamProcess.cpp-L0844)     Description:[GetOneFrame] PreFrameNum[7048], CurFrameNum[7052]     Solution:
Warning 2025-11-15 19:21:10  DevID:MV-CA013-A0UC(J06720615)  Source-Line:libMvUsb3vTL.so(StreamProcess.cpp-L1426)     Description:Delete one DataNode     Solution:Please confirm that there is a blocking operation when you grab frame
Warning 2025-11-15 19:21:10  DevID:MV-CA013-A0UC(J06720615)  Source-Line:libMvUsb3vTL.so(StreamProcess.cpp-L1426)     Description:Delete one DataNode     Solution:Please confirm that there is a blocking operation when you grab frame
Warning 2025-11-15 19:21:10  DevID:MV-CA013-A0UC(J06720615)  Source-Line:libMvUsb3vTL.so(StreamProcess.cpp-L1426)     Description:Delete one DataNode     Solution:Please confirm that there is a blocking operation when you grab frame
Warning 2025-11-15 19:21:10  DevID:MV-CA013-A0UC(J06720615)  Source-Line:libMvUsb3vTL.so(StreamProcess.cpp-L0844)     Description:[GetOneFrame] PreFrameNum[7052], CurFrameNum[7056]     Solution:
Warning 2025-11-15 19:21:10  DevID:MV-CA013-A0UC(J06720615)  Source-Line:libMvUsb3vTL.so(StreamProcess.cpp-L1426)     Description:Delete one DataNode     Solution:Please confirm that there is a blocking operation when you grab frame
Warning 2025-11-15 19:21:10  DevID:MV-CA013-A0UC(J06720615)  Source-Line:libMvUsb3vTL.so(StreamProcess.cpp-L1426)     Description:Delete one DataNode     Solution:Please confirm that there is a blocking operation when you grab frame
Warning 2025-11-15 19:21:10  DevID:MV-CA013-A0UC(J06720615)  Source-Line:libMvUsb3vTL.so(StreamProcess.cpp-L1426)     Description:Delete one DataNode     Solution:Please confirm that there is a blocking operation when you grab frame
Warning 2025-11-15 19:21:10  DevID:MV-CA013-A0UC(J06720615)  Source-Line:libMvUsb3vTL.so(StreamProcess.cpp-L0844)     Description:[GetOneFrame] PreFrameNum[7056], CurFrameNum[7060]     Solution:
Warning 2025-11-15 19:21:10  DevID:MV-CA013-A0UC(J06720615)  Source-Line:libMvUsb3vTL.so(StreamProcess.cpp-L1426)     Description:Delete one DataNode     Solution:Please confirm that there is a blocking operation when you grab frame
Warning 2025-11-15 19:21:10  DevID:MV-CA013-A0UC(J06720615)  Source-Line:libMvUsb3vTL.so(StreamProcess.cpp-L1426)     Description:Delete one DataNode     Solution:Please confirm that there is a blocking operation when you grab frame
Warning 2025-11-15 19:21:10  DevID:MV-CA013-A0UC(J06720615)  Source-Line:libMvUsb3vTL.so(StreamProcess.cpp-L1426)     Description:Delete one DataNode     Solution:Please confirm that there is a blocking operation when you grab frame
Warning 2025-11-15 19:21:10  DevID:MV-CA013-A0UC(J06720615)  Source-Line:libMvUsb3vTL.so(StreamProcess.cpp-L0844)     Description:[GetOneFrame] PreFrameNum[7060], CurFrameNum[7064]     Solution:
Warning 2025-11-15 19:21:10  DevID:MV-CA013-A0UC(J06720615)  Source-Line:libMvUsb3vTL.so(StreamProcess.cpp-L1426)     Description:Delete one DataNode     Solution:Please confirm that there is a blocking operation when you grab frame
Warning 2025-11-15 19:21:10  DevID:MV-CA013-A0UC(J06720615)  Source-Line:libMvUsb3vTL.so(StreamProcess.cpp-L1426)     Description:Delete one DataNode     Solution:Please confirm that there is a blocking operation when you grab frame
Warning 2025-11-15 19:21:10  DevID:MV-CA013-A0UC(J06720615)  Source-Line:libMvUsb3vTL.so(StreamProcess.cpp-L1426)     Description:Delete one DataNode     Solution:Please confirm that there is a blocking operation when you grab frame
Warning 2025-11-15 19:21:10  DevID:MV-CA013-A0UC(J06720615)  Source-Line:libMvUsb3vTL.so(StreamProcess.cpp-L0844)     Description:[GetOneFrame] PreFrameNum[7064], CurFrameNum[7068]     Solution:
Warning 2025-11-15 19:21:10  DevID:MV-CA013-A0UC(J06720615)  Source-Line:libMvUsb3vTL.so(StreamProcess.cpp-L1426)     Description:Delete one DataNode     Solution:Please confirm that there is a blocking operation when you grab frame
Warning 2025-11-15 19:21:10  DevID:MV-CA013-A0UC(J06720615)  Source-Line:libMvUsb3vTL.so(StreamProcess.cpp-L1426)     Description:Delete one DataNode     Solution:Please confirm that there is a blocking operation when you grab frame
Warning 2025-11-15 19:21:10  DevID:MV-CA013-A0UC(J06720615)  Source-Line:libMvUsb3vTL.so(StreamProcess.cpp-L1426)     Description:Delete one DataNode     Solution:Please confirm that there is a blocking operation when you grab frame
Warning 2025-11-15 19:21:10  DevID:MV-CA013-A0UC(J06720615)  Source-Line:libMvUsb3vTL.so(StreamProcess.cpp-L0844)     Description:[GetOneFrame] PreFrameNum[7068], CurFrameNum[7072]     Solution:
Warning 2025-11-15 19:21:10  DevID:MV-CA013-A0UC(J06720615)  Source-Line:libMvUsb3vTL.so(StreamProcess.cpp-L1426)     Description:Delete one DataNode     Solution:Please confirm that there is a blocking operation when you grab frame
Warning 2025-11-15 19:21:10  DevID:MV-CA013-A0UC(J06720615)  Source-Line:libMvUsb3vTL.so(StreamProcess.cpp-L1426)     Description:Delete one DataNode     Solution:Please confirm that there is a blocking operation when you grab frame
Warning 2025-11-15 19:21:10  DevID:MV-CA013-A0UC(J06720615)  Source-Line:libMvUsb3vTL.so(StreamProcess.cpp-L1426)     Description:Delete one DataNode     Solution:Please confirm that there is a blocking operation when you grab frame
Warning 2025-11-15 19:21:10  DevID:MV-CA013-A0UC(J06720615)  Source-Line:libMvUsb3vTL.so(StreamProcess.cpp-L0844)     Description:[GetOneFrame] PreFrameNum[7072], CurFrameNum[7076]     Solution:
Warning 2025-11-15 19:21:10  DevID:MV-CA013-A0UC(J06720615)  Source-Line:libMvUsb3vTL.so(StreamProcess.cpp-L1426)     Description:Delete one DataNode     Solution:Please confirm that there is a blocking operation when you grab frame
Warning 2025-11-15 19:21:10  DevID:MV-CA013-A0UC(J06720615)  Source-Line:libMvUsb3vTL.so(StreamProcess.cpp-L1426)     Description:Delete one DataNode     Solution:Please confirm that there is a blocking operation when you grab frame
Warning 2025-11-15 19:21:10  DevID:MV-CA013-A0UC(J06720615)  Source-Line:libMvUsb3vTL.so(StreamProcess.cpp-L1426)     Description:Delete one DataNode     Solution:Please confirm that there is a blocking operation when you grab frame
Warning 2025-11-15 19:21:10  DevID:MV-CA013-A0UC(J06720615)  Source-Line:libMvUsb3vTL.so(StreamProcess.cpp-L0844)     Description:[GetOneFrame] PreFrameNum[7076], CurFrameNum[7080]     Solution:
Warning 2025-11-15 19:21:10  DevID:MV-CA013-A0UC(J06720615)  Source-Line:libMvUsb3vTL.so(StreamProcess.cpp-L1426)     Description:Delete one DataNode     Solution:Please confirm that there is a blocking operation when you grab frame
Warning 2025-11-15 19:21:10  DevID:MV-CA013-A0UC(J06720615)  Source-Line:libMvUsb3vTL.so(StreamProcess.cpp-L1426)     Description:Delete one DataNode     Solution:Please confirm that there is a blocking operation when you grab frame
Warning 2025-11-15 19:21:10  DevID:MV-CA013-A0UC(J06720615)  Source-Line:libMvUsb3vTL.so(StreamProcess.cpp-L1426)     Description:Delete one DataNode     Solution:Please confirm that there is a blocking operation when you grab frame
Warning 2025-11-15 19:21:10  DevID:MV-CA013-A0UC(J06720615)  Source-Line:libMvUsb3vTL.so(StreamProcess.cpp-L0844)     Description:[GetOneFrame] PreFrameNum[7080], CurFrameNum[7084]     Solution:
Warning 2025-11-15 19:21:10  DevID:MV-CA013-A0UC(J06720615)  Source-Line:libMvUsb3vTL.so(StreamProcess.cpp-L1426)     Description:Delete one DataNode     Solution:Please confirm that there is a blocking operation when you grab frame
Warning 2025-11-15 19:21:10  DevID:MV-CA013-A0UC(J06720615)  Source-Line:libMvUsb3vTL.so(StreamProcess.cpp-L1426)     Description:Delete one DataNode     Solution:Please confirm that there is a blocking operation when you grab frame
Warning 2025-11-15 19:21:10  DevID:MV-CA013-A0UC(J06720615)  Source-Line:libMvUsb3vTL.so(StreamProcess.cpp-L0844)     Description:[GetOneFrame] PreFrameNum[7084], CurFrameNum[7087]     Solution:
Warning 2025-11-15 19:21:10  DevID:MV-CA013-A0UC(J06720615)  Source-Line:libMvUsb3vTL.so(StreamProcess.cpp-L1426)     Description:Delete one DataNode     Solution:Please confirm that there is a blocking operation when you grab frame
Warning 2025-11-15 19:21:10  DevID:MV-CA013-A0UC(J06720615)  Source-Line:libMvUsb3vTL.so(StreamProcess.cpp-L1426)     Description:Delete one DataNode     Solution:Please confirm that there is a blocking operation when you grab frame
Warning 2025-11-15 19:21:10  DevID:MV-CA013-A0UC(J06720615)  Source-Line:libMvUsb3vTL.so(StreamProcess.cpp-L1426)     Description:Delete one DataNode     Solution:Please confirm that there is a blocking operation when you grab frame
Warning 2025-11-15 19:21:10  DevID:MV-CA013-A0UC(J06720615)  Source-Line:libMvUsb3vTL.so(StreamProcess.cpp-L0844)     Description:[GetOneFrame] PreFrameNum[7087], CurFrameNum[7091]     Solution:
Warning 2025-11-15 19:21:10  DevID:MV-CA013-A0UC(J06720615)  Source-Line:libMvUsb3vTL.so(StreamProcess.cpp-L1426)     Description:Delete one DataNode     Solution:Please confirm that there is a blocking operation when you grab frame
Warning 2025-11-15 19:21:10  DevID:MV-CA013-A0UC(J06720615)  Source-Line:libMvUsb3vTL.so(StreamProcess.cpp-L1426)     Description:Delete one DataNode     Solution:Please confirm that there is a blocking operation when you grab frame
Warning 2025-11-15 19:21:10  DevID:MV-CA013-A0UC(J06720615)  Source-Line:libMvUsb3vTL.so(StreamProcess.cpp-L1426)     Description:Delete one DataNode     Solution:Please confirm that there is a blocking operation when you grab frame
Warning 2025-11-15 19:21:10  DevID:MV-CA013-A0UC(J06720615)  Source-Line:libMvUsb3vTL.so(StreamProcess.cpp-L0844)     Description:[GetOneFrame] PreFrameNum[7091], CurFrameNum[7095]     Solution:
Warning 2025-11-15 19:21:10  DevID:MV-CA013-A0UC(J06720615)  Source-Line:libMvUsb3vTL.so(StreamProcess.cpp-L1426)     Description:Delete one DataNode     Solution:Please confirm that there is a blocking operation when you grab frame
Warning 2025-11-15 19:21:10  DevID:MV-CA013-A0UC(J06720615)  Source-Line:libMvUsb3vTL.so(StreamProcess.cpp-L1426)     Description:Delete one DataNode     Solution:Please confirm that there is a blocking operation when you grab frame
Warning 2025-11-15 19:21:10  DevID:MV-CA013-A0UC(J06720615)  Source-Line:libMvUsb3vTL.so(StreamProcess.cpp-L1426)     Description:Delete one DataNode     Solution:Please confirm that there is a blocking operation when you grab frame
Warning 2025-11-15 19:21:10  DevID:MV-CA013-A0UC(J06720615)  Source-Line:libMvUsb3vTL.so(StreamProcess.cpp-L0844)     Description:[GetOneFrame] PreFrameNum[7095], CurFrameNum[7099]     Solution:
Warning 2025-11-15 19:21:10  DevID:MV-CA013-A0UC(J06720615)  Source-Line:libMvUsb3vTL.so(StreamProcess.cpp-L1426)     Description:Delete one DataNode     Solution:Please confirm that there is a blocking operation when you grab frame
Warning 2025-11-15 19:21:10  DevID:MV-CA013-A0UC(J06720615)  Source-Line:libMvUsb3vTL.so(StreamProcess.cpp-L1426)     Description:Delete one DataNode     Solution:Please confirm that there is a blocking operation when you grab frame
Warning 2025-11-15 19:21:10  DevID:MV-CA013-A0UC(J06720615)  Source-Line:libMvUsb3vTL.so(StreamProcess.cpp-L1426)     Description:Delete one DataNode     Solution:Please confirm that there is a blocking operation when you grab frame
Warning 2025-11-15 19:21:10  DevID:MV-CA013-A0UC(J06720615)  Source-Line:libMvUsb3vTL.so(StreamProcess.cpp-L0844)     Description:[GetOneFrame] PreFrameNum[7099], CurFrameNum[7103]     Solution:
Warning 2025-11-15 19:21:10  DevID:MV-CA013-A0UC(J06720615)  Source-Line:libMvUsb3vTL.so(StreamProcess.cpp-L1426)     Description:Delete one DataNode     Solution:Please confirm that there is a blocking operation when you grab frame
Warning 2025-11-15 19:21:10  DevID:MV-CA013-A0UC(J06720615)  Source-Line:libMvUsb3vTL.so(StreamProcess.cpp-L1426)     Description:Delete one DataNode     Solution:Please confirm that there is a blocking operation when you grab frame
Warning 2025-11-15 19:21:10  DevID:MV-CA013-A0UC(J06720615)  Source-Line:libMvUsb3vTL.so(StreamProcess.cpp-L0844)     Description:[GetOneFrame] PreFrameNum[7103], CurFrameNum[7106]     Solution:
Warning 2025-11-15 19:21:10  DevID:MV-CA013-A0UC(J06720615)  Source-Line:libMvUsb3vTL.so(StreamProcess.cpp-L1426)     Description:Delete one DataNode     Solution:Please confirm that there is a blocking operation when you grab frame
Warning 2025-11-15 19:21:10  DevID:MV-CA013-A0UC(J06720615)  Source-Line:libMvUsb3vTL.so(StreamProcess.cpp-L1426)     Description:Delete one DataNode     Solution:Please confirm that there is a blocking operation when you grab frame
Warning 2025-11-15 19:21:10  DevID:MV-CA013-A0UC(J06720615)  Source-Line:libMvUsb3vTL.so(StreamProcess.cpp-L1426)     Description:Delete one DataNode     Solution:Please confirm that there is a blocking operation when you grab frame
Warning 2025-11-15 19:21:10  DevID:MV-CA013-A0UC(J06720615)  Source-Line:libMvUsb3vTL.so(StreamProcess.cpp-L0844)     Description:[GetOneFrame] PreFrameNum[7106], CurFrameNum[7110]     Solution:
Warning 2025-11-15 19:21:10  DevID:MV-CA013-A0UC(J06720615)  Source-Line:libMvUsb3vTL.so(StreamProcess.cpp-L1426)     Description:Delete one DataNode     Solution:Please confirm that there is a blocking operation when you grab frame
Warning 2025-11-15 19:21:10  DevID:MV-CA013-A0UC(J06720615)  Source-Line:libMvUsb3vTL.so(StreamProcess.cpp-L1426)     Description:Delete one DataNode     Solution:Please confirm that there is a blocking operation when you grab frame
Warning 2025-11-15 19:21:10  DevID:MV-CA013-A0UC(J06720615)  Source-Line:libMvUsb3vTL.so(StreamProcess.cpp-L1426)     Description:Delete one DataNode     Solution:Please confirm that there is a blocking operation when you grab frame
Warning 2025-11-15 19:21:10  DevID:MV-CA013-A0UC(J06720615)  Source-Line:libMvUsb3vTL.so(StreamProcess.cpp-L0844)     Description:[GetOneFrame] PreFrameNum[7110], CurFrameNum[7114]     Solution:
Warning 2025-11-15 19:21:10  DevID:MV-CA013-A0UC(J06720615)  Source-Line:libMvUsb3vTL.so(StreamProcess.cpp-L1426)     Description:Delete one DataNode     Solution:Please confirm that there is a blocking operation when you grab frame
Warning 2025-11-15 19:21:10  DevID:MV-CA013-A0UC(J06720615)  Source-Line:libMvUsb3vTL.so(StreamProcess.cpp-L1426)     Description:Delete one DataNode     Solution:Please confirm that there is a blocking operation when you grab frame
Warning 2025-11-15 19:21:10  DevID:MV-CA013-A0UC(J06720615)  Source-Line:libMvUsb3vTL.so(StreamProcess.cpp-L1426)     Description:Delete one DataNode     Solution:Please confirm that there is a blocking operation when you grab frame
Warning 2025-11-15 19:21:10  DevID:MV-CA013-A0UC(J06720615)  Source-Line:libMvUsb3vTL.so(StreamProcess.cpp-L0844)     Description:[GetOneFrame] PreFrameNum[7114], CurFrameNum[7118]     Solution:
Warning 2025-11-15 19:21:10  DevID:MV-CA013-A0UC(J06720615)  Source-Line:libMvUsb3vTL.so(StreamProcess.cpp-L1426)     Description:Delete one DataNode     Solution:Please confirm that there is a blocking operation when you grab frame
Warning 2025-11-15 19:21:10  DevID:MV-CA013-A0UC(J06720615)  Source-Line:libMvUsb3vTL.so(StreamProcess.cpp-L1426)     Description:Delete one DataNode     Solution:Please confirm that there is a blocking operation when you grab frame
Warning 2025-11-15 19:21:10  DevID:MV-CA013-A0UC(J06720615)  Source-Line:libMvUsb3vTL.so(StreamProcess.cpp-L1426)     Description:Delete one DataNode     Solution:Please confirm that there is a blocking operation when you grab frame
Warning 2025-11-15 19:21:10  DevID:MV-CA013-A0UC(J06720615)  Source-Line:libMvUsb3vTL.so(StreamProcess.cpp-L0844)     Description:[GetOneFrame] PreFrameNum[7118], CurFrameNum[7122]     Solution:
Warning 2025-11-15 19:21:10  DevID:MV-CA013-A0UC(J06720615)  Source-Line:libMvUsb3vTL.so(StreamProcess.cpp-L1426)     Description:Delete one DataNode     Solution:Please confirm that there is a blocking operation when you grab frame
Warning 2025-11-15 19:21:10  DevID:MV-CA013-A0UC(J06720615)  Source-Line:libMvUsb3vTL.so(StreamProcess.cpp-L1426)     Description:Delete one DataNode     Solution:Please confirm that there is a blocking operation when you grab frame
Warning 2025-11-15 19:21:10  DevID:MV-CA013-A0UC(J06720615)  Source-Line:libMvUsb3vTL.so(StreamProcess.cpp-L1426)     Description:Delete one DataNode     Solution:Please confirm that there is a blocking operation when you grab frame
Warning 2025-11-15 19:21:10  DevID:MV-CA013-A0UC(J06720615)  Source-Line:libMvUsb3vTL.so(StreamProcess.cpp-L0844)     Description:[GetOneFrame] PreFrameNum[7122], CurFrameNum[7126]     Solution:
Warning 2025-11-15 19:21:10  DevID:MV-CA013-A0UC(J06720615)  Source-Line:libMvUsb3vTL.so(StreamProcess.cpp-L1426)     Description:Delete one DataNode     Solution:Please confirm that there is a blocking operation when you grab frame
Warning 2025-11-15 19:21:10  DevID:MV-CA013-A0UC(J06720615)  Source-Line:libMvUsb3vTL.so(StreamProcess.cpp-L1426)     Description:Delete one DataNode     Solution:Please confirm that there is a blocking operation when you grab frame
Warning 2025-11-15 19:21:10  DevID:MV-CA013-A0UC(J06720615)  Source-Line:libMvUsb3vTL.so(StreamProcess.cpp-L0844)     Description:[GetOneFrame] PreFrameNum[7126], CurFrameNum[7129]     Solution:
Warning 2025-11-15 19:21:10  DevID:MV-CA013-A0UC(J06720615)  Source-Line:libMvUsb3vTL.so(StreamProcess.cpp-L1426)     Description:Delete one DataNode     Solution:Please confirm that there is a blocking operation when you grab frame
Warning 2025-11-15 19:21:10  DevID:MV-CA013-A0UC(J06720615)  Source-Line:libMvUsb3vTL.so(StreamProcess.cpp-L1426)     Description:Delete one DataNode     Solution:Please confirm that there is a blocking operation when you grab frame
Warning 2025-11-15 19:21:10  DevID:MV-CA013-A0UC(J06720615)  Source-Line:libMvUsb3vTL.so(StreamProcess.cpp-L1426)     Description:Delete one DataNode     Solution:Please confirm that there is a blocking operation when you grab frame
Warning 2025-11-15 19:21:10  DevID:MV-CA013-A0UC(J06720615)  Source-Line:libMvUsb3vTL.so(StreamProcess.cpp-L0844)     Description:[GetOneFrame] PreFrameNum[7129], CurFrameNum[7133]     Solution:
Warning 2025-11-15 19:21:10  DevID:MV-CA013-A0UC(J06720615)  Source-Line:libMvUsb3vTL.so(StreamProcess.cpp-L1426)     Description:Delete one DataNode     Solution:Please confirm that there is a blocking operation when you grab frame
Warning 2025-11-15 19:21:10  DevID:MV-CA013-A0UC(J06720615)  Source-Line:libMvUsb3vTL.so(StreamProcess.cpp-L1426)     Description:Delete one DataNode     Solution:Please confirm that there is a blocking operation when you grab frame
Warning 2025-11-15 19:21:10  DevID:MV-CA013-A0UC(J06720615)  Source-Line:libMvUsb3vTL.so(StreamProcess.cpp-L1426)     Description:Delete one DataNode     Solution:Please confirm that there is a blocking operation when you grab frame
Warning 2025-11-15 19:21:10  DevID:MV-CA013-A0UC(J06720615)  Source-Line:libMvUsb3vTL.so(StreamProcess.cpp-L0844)     Description:[GetOneFrame] PreFrameNum[7133], CurFrameNum[7137]     Solution:
Warning 2025-11-15 19:21:10  DevID:MV-CA013-A0UC(J06720615)  Source-Line:libMvUsb3vTL.so(StreamProcess.cpp-L1426)     Description:Delete one DataNode     Solution:Please confirm that there is a blocking operation when you grab frame
Warning 2025-11-15 19:21:11  DevID:MV-CA013-A0UC(J06720615)  Source-Line:libMvUsb3vTL.so(StreamProcess.cpp-L1426)     Description:Delete one DataNode     Solution:Please confirm that there is a blocking operation when you grab frame
Warning 2025-11-15 19:21:11  DevID:MV-CA013-A0UC(J06720615)  Source-Line:libMvUsb3vTL.so(StreamProcess.cpp-L1426)     Description:Delete one DataNode     Solution:Please confirm that there is a blocking operation when you grab frame
Warning 2025-11-15 19:21:11  DevID:MV-CA013-A0UC(J06720615)  Source-Line:libMvUsb3vTL.so(StreamProcess.cpp-L0844)     Description:[GetOneFrame] PreFrameNum[7137], CurFrameNum[7141]     Solution:
Warning 2025-11-15 19:21:11  DevID:MV-CA013-A0UC(J06720615)  Source-Line:libMvUsb3vTL.so(StreamProcess.cpp-L1426)     Description:Delete one DataNode     Solution:Please confirm that there is a blocking operation when you grab frame
Warning 2025-11-15 19:21:11  DevID:MV-CA013-A0UC(J06720615)  Source-Line:libMvUsb3vTL.so(StreamProcess.cpp-L1426)     Description:Delete one DataNode     Solution:Please confirm that there is a blocking operation when you grab frame
Warning 2025-11-15 19:21:11  DevID:MV-CA013-A0UC(J06720615)  Source-Line:libMvUsb3vTL.so(StreamProcess.cpp-L1426)     Description:Delete one DataNode     Solution:Please confirm that there is a blocking operation when you grab frame
Warning 2025-11-15 19:21:11  DevID:MV-CA013-A0UC(J06720615)  Source-Line:libMvUsb3vTL.so(StreamProcess.cpp-L0844)     Description:[GetOneFrame] PreFrameNum[7141], CurFrameNum[7145]     Solution:
Warning 2025-11-15 19:21:11  DevID:MV-CA013-A0UC(J06720615)  Source-Line:libMvUsb3vTL.so(StreamProcess.cpp-L1426)     Description:Delete one DataNode     Solution:Please confirm that there is a blocking operation when you grab frame
Warning 2025-11-15 19:21:11  DevID:MV-CA013-A0UC(J06720615)  Source-Line:libMvUsb3vTL.so(StreamProcess.cpp-L1426)     Description:Delete one DataNode     Solution:Please confirm that there is a blocking operation when you grab frame
Warning 2025-11-15 19:21:11  DevID:MV-CA013-A0UC(J06720615)  Source-Line:libMvUsb3vTL.so(StreamProcess.cpp-L1426)     Description:Delete one DataNode     Solution:Please confirm that there is a blocking operation when you grab frame
Warning 2025-11-15 19:21:11  DevID:MV-CA013-A0UC(J06720615)  Source-Line:libMvUsb3vTL.so(StreamProcess.cpp-L0844)     Description:[GetOneFrame] PreFrameNum[7145], CurFrameNum[7149]     Solution:
Warning 2025-11-15 19:21:11  DevID:MV-CA013-A0UC(J06720615)  Source-Line:libMvUsb3vTL.so(StreamProcess.cpp-L1426)     Description:Delete one DataNode     Solution:Please confirm that there is a blocking operation when you grab frame
Warning 2025-11-15 19:21:11  DevID:MV-CA013-A0UC(J06720615)  Source-Line:libMvUsb3vTL.so(StreamProcess.cpp-L1426)     Description:Delete one DataNode     Solution:Please confirm that there is a blocking operation when you grab frame
Warning 2025-11-15 19:21:11  DevID:MV-CA013-A0UC(J06720615)  Source-Line:libMvUsb3vTL.so(StreamProcess.cpp-L1426)     Description:Delete one DataNode     Solution:Please confirm that there is a blocking operation when you grab frame
Warning 2025-11-15 19:21:11  DevID:MV-CA013-A0UC(J06720615)  Source-Line:libMvUsb3vTL.so(StreamProcess.cpp-L0844)     Description:[GetOneFrame] PreFrameNum[7149], CurFrameNum[7153]     Solution:
Warning 2025-11-15 19:21:11  DevID:MV-CA013-A0UC(J06720615)  Source-Line:libMvUsb3vTL.so(StreamProcess.cpp-L1426)     Description:Delete one DataNode     Solution:Please confirm that there is a blocking operation when you grab frame
Warning 2025-11-15 19:21:11  DevID:MV-CA013-A0UC(J06720615)  Source-Line:libMvUsb3vTL.so(StreamProcess.cpp-L1426)     Description:Delete one DataNode     Solution:Please confirm that there is a blocking operation when you grab frame
Warning 2025-11-15 19:21:11  DevID:MV-CA013-A0UC(J06720615)  Source-Line:libMvUsb3vTL.so(StreamProcess.cpp-L0844)     Description:[GetOneFrame] PreFrameNum[7153], CurFrameNum[7156]     Solution:
Warning 2025-11-15 19:21:11  DevID:MV-CA013-A0UC(J06720615)  Source-Line:libMvUsb3vTL.so(StreamProcess.cpp-L1426)     Description:Delete one DataNode     Solution:Please confirm that there is a blocking operation when you grab frame
Warning 2025-11-15 19:21:11  DevID:MV-CA013-A0UC(J06720615)  Source-Line:libMvUsb3vTL.so(StreamProcess.cpp-L1426)     Description:Delete one DataNode     Solution:Please confirm that there is a blocking operation when you grab frame
Warning 2025-11-15 19:21:11  DevID:MV-CA013-A0UC(J06720615)  Source-Line:libMvUsb3vTL.so(StreamProcess.cpp-L1426)     Description:Delete one DataNode     Solution:Please confirm that there is a blocking operation when you grab frame
Warning 2025-11-15 19:21:11  DevID:MV-CA013-A0UC(J06720615)  Source-Line:libMvUsb3vTL.so(StreamProcess.cpp-L0844)     Description:[GetOneFrame] PreFrameNum[7156], CurFrameNum[7160]     Solution:
Warning 2025-11-15 19:21:11  DevID:MV-CA013-A0UC(J06720615)  Source-Line:libMvUsb3vTL.so(StreamProcess.cpp-L1426)     Description:Delete one DataNode     Solution:Please confirm that there is a blocking operation when you grab frame
Warning 2025-11-15 19:21:11  DevID:MV-CA013-A0UC(J06720615)  Source-Line:libMvUsb3vTL.so(StreamProcess.cpp-L1426)     Description:Delete one DataNode     Solution:Please confirm that there is a blocking operation when you grab frame
Warning 2025-11-15 19:21:11  DevID:MV-CA013-A0UC(J06720615)  Source-Line:libMvUsb3vTL.so(StreamProcess.cpp-L1426)     Description:Delete one DataNode     Solution:Please confirm that there is a blocking operation when you grab frame
Warning 2025-11-15 19:21:11  DevID:MV-CA013-A0UC(J06720615)  Source-Line:libMvUsb3vTL.so(StreamProcess.cpp-L0844)     Description:[GetOneFrame] PreFrameNum[7160], CurFrameNum[7164]     Solution:
Warning 2025-11-15 19:21:11  DevID:MV-CA013-A0UC(J06720615)  Source-Line:libMvUsb3vTL.so(StreamProcess.cpp-L1426)     Description:Delete one DataNode     Solution:Please confirm that there is a blocking operation when you grab frame
Warning 2025-11-15 19:21:11  DevID:MV-CA013-A0UC(J06720615)  Source-Line:libMvUsb3vTL.so(StreamProcess.cpp-L1426)     Description:Delete one DataNode     Solution:Please confirm that there is a blocking operation when you grab frame
Warning 2025-11-15 19:21:11  DevID:MV-CA013-A0UC(J06720615)  Source-Line:libMvUsb3vTL.so(StreamProcess.cpp-L1426)     Description:Delete one DataNode     Solution:Please confirm that there is a blocking operation when you grab frame
Warning 2025-11-15 19:21:11  DevID:MV-CA013-A0UC(J06720615)  Source-Line:libMvUsb3vTL.so(StreamProcess.cpp-L0844)     Description:[GetOneFrame] PreFrameNum[7164], CurFrameNum[7168]     Solution:
Warning 2025-11-15 19:21:11  DevID:MV-CA013-A0UC(J06720615)  Source-Line:libMvUsb3vTL.so(StreamProcess.cpp-L1426)     Description:Delete one DataNode     Solution:Please confirm that there is a blocking operation when you grab frame
Warning 2025-11-15 19:21:11  DevID:MV-CA013-A0UC(J06720615)  Source-Line:libMvUsb3vTL.so(StreamProcess.cpp-L1426)     Description:Delete one DataNode     Solution:Please confirm that there is a blocking operation when you grab frame
Warning 2025-11-15 19:21:11  DevID:MV-CA013-A0UC(J06720615)  Source-Line:libMvUsb3vTL.so(StreamProcess.cpp-L1426)     Description:Delete one DataNode     Solution:Please confirm that there is a blocking operation when you grab frame
Warning 2025-11-15 19:21:11  DevID:MV-CA013-A0UC(J06720615)  Source-Line:libMvUsb3vTL.so(StreamProcess.cpp-L0844)     Description:[GetOneFrame] PreFrameNum[7168], CurFrameNum[7172]     Solution:
Warning 2025-11-15 19:21:11  DevID:MV-CA013-A0UC(J06720615)  Source-Line:libMvUsb3vTL.so(StreamProcess.cpp-L1426)     Description:Delete one DataNode     Solution:Please confirm that there is a blocking operation when you grab frame
Warning 2025-11-15 19:21:11  DevID:MV-CA013-A0UC(J06720615)  Source-Line:libMvUsb3vTL.so(StreamProcess.cpp-L1426)     Description:Delete one DataNode     Solution:Please confirm that there is a blocking operation when you grab frame
Warning 2025-11-15 19:21:11  DevID:MV-CA013-A0UC(J06720615)  Source-Line:libMvUsb3vTL.so(StreamProcess.cpp-L0844)     Description:[GetOneFrame] PreFrameNum[7172], CurFrameNum[7175]     Solution:
Warning 2025-11-15 19:21:11  DevID:MV-CA013-A0UC(J06720615)  Source-Line:libMvUsb3vTL.so(StreamProcess.cpp-L1426)     Description:Delete one DataNode     Solution:Please confirm that there is a blocking operation when you grab frame
Warning 2025-11-15 19:21:11  DevID:MV-CA013-A0UC(J06720615)  Source-Line:libMvUsb3vTL.so(StreamProcess.cpp-L1426)     Description:Delete one DataNode     Solution:Please confirm that there is a blocking operation when you grab frame
Warning 2025-11-15 19:21:11  DevID:MV-CA013-A0UC(J06720615)  Source-Line:libMvUsb3vTL.so(StreamProcess.cpp-L0844)     Description:[GetOneFrame] PreFrameNum[7175], CurFrameNum[7178]     Solution:
Warning 2025-11-15 19:21:11  DevID:MV-CA013-A0UC(J06720615)  Source-Line:libMvUsb3vTL.so(StreamProcess.cpp-L1426)     Description:Delete one DataNode     Solution:Please confirm that there is a blocking operation when you grab frame
Warning 2025-11-15 19:21:11  DevID:MV-CA013-A0UC(J06720615)  Source-Line:libMvUsb3vTL.so(StreamProcess.cpp-L1426)     Description:Delete one DataNode     Solution:Please confirm that there is a blocking operation when you grab frame
Warning 2025-11-15 19:21:11  DevID:MV-CA013-A0UC(J06720615)  Source-Line:libMvUsb3vTL.so(StreamProcess.cpp-L1426)     Description:Delete one DataNode     Solution:Please confirm that there is a blocking operation when you grab frame
Warning 2025-11-15 19:21:11  DevID:MV-CA013-A0UC(J06720615)  Source-Line:libMvUsb3vTL.so(StreamProcess.cpp-L0844)     Description:[GetOneFrame] PreFrameNum[7178], CurFrameNum[7182]     Solution:
Warning 2025-11-15 19:21:11  DevID:MV-CA013-A0UC(J06720615)  Source-Line:libMvUsb3vTL.so(StreamProcess.cpp-L1426)     Description:Delete one DataNode     Solution:Please confirm that there is a blocking operation when you grab frame
Warning 2025-11-15 19:21:11  DevID:MV-CA013-A0UC(J06720615)  Source-Line:libMvUsb3vTL.so(StreamProcess.cpp-L1426)     Description:Delete one DataNode     Solution:Please confirm that there is a blocking operation when you grab frame
Warning 2025-11-15 19:21:11  DevID:MV-CA013-A0UC(J06720615)  Source-Line:libMvUsb3vTL.so(StreamProcess.cpp-L1426)     Description:Delete one DataNode     Solution:Please confirm that there is a blocking operation when you grab frame
Warning 2025-11-15 19:21:11  DevID:MV-CA013-A0UC(J06720615)  Source-Line:libMvUsb3vTL.so(StreamProcess.cpp-L0844)     Description:[GetOneFrame] PreFrameNum[7182], CurFrameNum[7186]     Solution:
Warning 2025-11-15 19:21:11  DevID:MV-CA013-A0UC(J06720615)  Source-Line:libMvUsb3vTL.so(StreamProcess.cpp-L1426)     Description:Delete one DataNode     Solution:Please confirm that there is a blocking operation when you grab frame
Warning 2025-11-15 19:21:11  DevID:MV-CA013-A0UC(J06720615)  Source-Line:libMvUsb3vTL.so(StreamProcess.cpp-L1426)     Description:Delete one DataNode     Solution:Please confirm that there is a blocking operation when you grab frame
Warning 2025-11-15 19:21:11  DevID:MV-CA013-A0UC(J06720615)  Source-Line:libMvUsb3vTL.so(StreamProcess.cpp-L1426)     Description:Delete one DataNode     Solution:Please confirm that there is a blocking operation when you grab frame
Warning 2025-11-15 19:21:11  DevID:MV-CA013-A0UC(J06720615)  Source-Line:libMvUsb3vTL.so(StreamProcess.cpp-L0844)     Description:[GetOneFrame] PreFrameNum[7186], CurFrameNum[7190]     Solution:
Warning 2025-11-15 19:21:11  DevID:MV-CA013-A0UC(J06720615)  Source-Line:libMvUsb3vTL.so(StreamProcess.cpp-L1426)     Description:Delete one DataNode     Solution:Please confirm that there is a blocking operation when you grab frame
Warning 2025-11-15 19:21:11  DevID:MV-CA013-A0UC(J06720615)  Source-Line:libMvUsb3vTL.so(StreamProcess.cpp-L1426)     Description:Delete one DataNode     Solution:Please confirm that there is a blocking operation when you grab frame
Warning 2025-11-15 19:21:11  DevID:MV-CA013-A0UC(J06720615)  Source-Line:libMvUsb3vTL.so(StreamProcess.cpp-L0844)     Description:[GetOneFrame] PreFrameNum[7190], CurFrameNum[7193]     Solution:
Warning 2025-11-15 19:21:11  DevID:MV-CA013-A0UC(J06720615)  Source-Line:libMvUsb3vTL.so(StreamProcess.cpp-L1426)     Description:Delete one DataNode     Solution:Please confirm that there is a blocking operation when you grab frame
Warning 2025-11-15 19:21:11  DevID:MV-CA013-A0UC(J06720615)  Source-Line:libMvUsb3vTL.so(StreamProcess.cpp-L1426)     Description:Delete one DataNode     Solution:Please confirm that there is a blocking operation when you grab frame
Warning 2025-11-15 19:21:11  DevID:MV-CA013-A0UC(J06720615)  Source-Line:libMvUsb3vTL.so(StreamProcess.cpp-L1426)     Description:Delete one DataNode     Solution:Please confirm that there is a blocking operation when you grab frame
Warning 2025-11-15 19:21:11  DevID:MV-CA013-A0UC(J06720615)  Source-Line:libMvUsb3vTL.so(StreamProcess.cpp-L0844)     Description:[GetOneFrame] PreFrameNum[7193], CurFrameNum[7197]     Solution:
Warning 2025-11-15 19:21:11  DevID:MV-CA013-A0UC(J06720615)  Source-Line:libMvUsb3vTL.so(StreamProcess.cpp-L1426)     Description:Delete one DataNode     Solution:Please confirm that there is a blocking operation when you grab frame
Warning 2025-11-15 19:21:11  DevID:MV-CA013-A0UC(J06720615)  Source-Line:libMvUsb3vTL.so(StreamProcess.cpp-L1426)     Description:Delete one DataNode     Solution:Please confirm that there is a blocking operation when you grab frame
Warning 2025-11-15 19:21:11  DevID:MV-CA013-A0UC(J06720615)  Source-Line:libMvUsb3vTL.so(StreamProcess.cpp-L1426)     Description:Delete one DataNode     Solution:Please confirm that there is a blocking operation when you grab frame
Warning 2025-11-15 19:21:11  DevID:MV-CA013-A0UC(J06720615)  Source-Line:libMvUsb3vTL.so(StreamProcess.cpp-L0844)     Description:[GetOneFrame] PreFrameNum[7197], CurFrameNum[7201]     Solution:
Warning 2025-11-15 19:21:11  DevID:MV-CA013-A0UC(J06720615)  Source-Line:libMvUsb3vTL.so(StreamProcess.cpp-L1426)     Description:Delete one DataNode     Solution:Please confirm that there is a blocking operation when you grab frame
Warning 2025-11-15 19:21:11  DevID:MV-CA013-A0UC(J06720615)  Source-Line:libMvUsb3vTL.so(StreamProcess.cpp-L1426)     Description:Delete one DataNode     Solution:Please confirm that there is a blocking operation when you grab frame
Warning 2025-11-15 19:21:11  DevID:MV-CA013-A0UC(J06720615)  Source-Line:libMvUsb3vTL.so(StreamProcess.cpp-L1426)     Description:Delete one DataNode     Solution:Please confirm that there is a blocking operation when you grab frame
Warning 2025-11-15 19:21:11  DevID:MV-CA013-A0UC(J06720615)  Source-Line:libMvUsb3vTL.so(StreamProcess.cpp-L0844)     Description:[GetOneFrame] PreFrameNum[7201], CurFrameNum[7205]     Solution:
Warning 2025-11-15 19:21:11  DevID:MV-CA013-A0UC(J06720615)  Source-Line:libMvUsb3vTL.so(StreamProcess.cpp-L1426)     Description:Delete one DataNode     Solution:Please confirm that there is a blocking operation when you grab frame
Error   2025-11-15 19:21:11  DevID:MV-CA013-A0UC(J06720615)  Source-Line:libMvUsb3vTL.so(DriverLayer.cpp-L0769)     Description:timesOut, num_iso_packets: ff     Solution:
Info    2025-11-15 19:21:11  DevID:MV-CA013-A0UC(J06720615)  Source-Line:libMvUsb3vTL.so(EventProcess.cpp-L0311)     Description:[Event]Read Async, Ret[0xff]     Solution:
Warning 2025-11-15 19:21:11  DevID:MV-CA013-A0UC(J06720615)  Source-Line:libMvUsb3vTL.so(StreamProcess.cpp-L1426)     Description:Delete one DataNode     Solution:Please confirm that there is a blocking operation when you grab frame
Warning 2025-11-15 19:21:11  DevID:MV-CA013-A0UC(J06720615)  Source-Line:libMvUsb3vTL.so(StreamProcess.cpp-L1426)     Description:Delete one DataNode     Solution:Please confirm that there is a blocking operation when you grab frame
Warning 2025-11-15 19:21:11  DevID:MV-CA013-A0UC(J06720615)  Source-Line:libMvUsb3vTL.so(StreamProcess.cpp-L0844)     Description:[GetOneFrame] PreFrameNum[7205], CurFrameNum[7209]     Solution:
Warning 2025-11-15 19:21:11  DevID:MV-CA013-A0UC(J06720615)  Source-Line:libMvUsb3vTL.so(StreamProcess.cpp-L1426)     Description:Delete one DataNode     Solution:Please confirm that there is a blocking operation when you grab frame
Warning 2025-11-15 19:21:11  DevID:MV-CA013-A0UC(J06720615)  Source-Line:libMvUsb3vTL.so(StreamProcess.cpp-L1426)     Description:Delete one DataNode     Solution:Please confirm that there is a blocking operation when you grab frame
Warning 2025-11-15 19:21:11  DevID:MV-CA013-A0UC(J06720615)  Source-Line:libMvUsb3vTL.so(StreamProcess.cpp-L1426)     Description:Delete one DataNode     Solution:Please confirm that there is a blocking operation when you grab frame
Warning 2025-11-15 19:21:11  DevID:MV-CA013-A0UC(J06720615)  Source-Line:libMvUsb3vTL.so(StreamProcess.cpp-L0844)     Description:[GetOneFrame] PreFrameNum[7209], CurFrameNum[7213]     Solution:
Warning 2025-11-15 19:21:11  DevID:MV-CA013-A0UC(J06720615)  Source-Line:libMvUsb3vTL.so(StreamProcess.cpp-L1426)     Description:Delete one DataNode     Solution:Please confirm that there is a blocking operation when you grab frame
Warning 2025-11-15 19:21:11  DevID:MV-CA013-A0UC(J06720615)  Source-Line:libMvUsb3vTL.so(StreamProcess.cpp-L1426)     Description:Delete one DataNode     Solution:Please confirm that there is a blocking operation when you grab frame
Warning 2025-11-15 19:21:11  DevID:MV-CA013-A0UC(J06720615)  Source-Line:libMvUsb3vTL.so(StreamProcess.cpp-L1426)     Description:Delete one DataNode     Solution:Please confirm that there is a blocking operation when you grab frame
Warning 2025-11-15 19:21:11  DevID:MV-CA013-A0UC(J06720615)  Source-Line:libMvUsb3vTL.so(StreamProcess.cpp-L0844)     Description:[GetOneFrame] PreFrameNum[7213], CurFrameNum[7217]     Solution:
Warning 2025-11-15 19:21:11  DevID:MV-CA013-A0UC(J06720615)  Source-Line:libMvUsb3vTL.so(StreamProcess.cpp-L1426)     Description:Delete one DataNode     Solution:Please confirm that there is a blocking operation when you grab frame
Warning 2025-11-15 19:21:11  DevID:MV-CA013-A0UC(J06720615)  Source-Line:libMvUsb3vTL.so(StreamProcess.cpp-L1426)     Description:Delete one DataNode     Solution:Please confirm that there is a blocking operation when you grab frame
Warning 2025-11-15 19:21:11  DevID:MV-CA013-A0UC(J06720615)  Source-Line:libMvUsb3vTL.so(StreamProcess.cpp-L1426)     Description:Delete one DataNode     Solution:Please confirm that there is a blocking operation when you grab frame
Warning 2025-11-15 19:21:11  DevID:MV-CA013-A0UC(J06720615)  Source-Line:libMvUsb3vTL.so(StreamProcess.cpp-L0844)     Description:[GetOneFrame] PreFrameNum[7217], CurFrameNum[7221]     Solution:
Warning 2025-11-15 19:21:11  DevID:MV-CA013-A0UC(J06720615)  Source-Line:libMvUsb3vTL.so(StreamProcess.cpp-L1426)     Description:Delete one DataNode     Solution:Please confirm that there is a blocking operation when you grab frame
Warning 2025-11-15 19:21:11  DevID:MV-CA013-A0UC(J06720615)  Source-Line:libMvUsb3vTL.so(StreamProcess.cpp-L1426)     Description:Delete one DataNode     Solution:Please confirm that there is a blocking operation when you grab frame
Warning 2025-11-15 19:21:11  DevID:MV-CA013-A0UC(J06720615)  Source-Line:libMvUsb3vTL.so(StreamProcess.cpp-L1426)     Description:Delete one DataNode     Solution:Please confirm that there is a blocking operation when you grab frame
Warning 2025-11-15 19:21:11  DevID:MV-CA013-A0UC(J06720615)  Source-Line:libMvUsb3vTL.so(StreamProcess.cpp-L0844)     Description:[GetOneFrame] PreFrameNum[7221], CurFrameNum[7225]     Solution:
Warning 2025-11-15 19:21:11  DevID:MV-CA013-A0UC(J06720615)  Source-Line:libMvUsb3vTL.so(StreamProcess.cpp-L1426)     Description:Delete one DataNode     Solution:Please confirm that there is a blocking operation when you grab frame
Warning 2025-11-15 19:21:11  DevID:MV-CA013-A0UC(J06720615)  Source-Line:libMvUsb3vTL.so(StreamProcess.cpp-L1426)     Description:Delete one DataNode     Solution:Please confirm that there is a blocking operation when you grab frame
Warning 2025-11-15 19:21:11  DevID:MV-CA013-A0UC(J06720615)  Source-Line:libMvUsb3vTL.so(StreamProcess.cpp-L1426)     Description:Delete one DataNode     Solution:Please confirm that there is a blocking operation when you grab frame
Warning 2025-11-15 19:21:11  DevID:MV-CA013-A0UC(J06720615)  Source-Line:libMvUsb3vTL.so(StreamProcess.cpp-L0844)     Description:[GetOneFrame] PreFrameNum[7225], CurFrameNum[7229]     Solution:
Warning 2025-11-15 19:21:11  DevID:MV-CA013-A0UC(J06720615)  Source-Line:libMvUsb3vTL.so(StreamProcess.cpp-L1426)     Description:Delete one DataNode     Solution:Please confirm that there is a blocking operation when you grab frame
Warning 2025-11-15 19:21:11  DevID:MV-CA013-A0UC(J06720615)  Source-Line:libMvUsb3vTL.so(StreamProcess.cpp-L1426)     Description:Delete one DataNode     Solution:Please confirm that there is a blocking operation when you grab frame
Warning 2025-11-15 19:21:11  DevID:MV-CA013-A0UC(J06720615)  Source-Line:libMvUsb3vTL.so(StreamProcess.cpp-L1426)     Description:Delete one DataNode     Solution:Please confirm that there is a blocking operation when you grab frame
Warning 2025-11-15 19:21:11  DevID:MV-CA013-A0UC(J06720615)  Source-Line:libMvUsb3vTL.so(StreamProcess.cpp-L0844)     Description:[GetOneFrame] PreFrameNum[7229], CurFrameNum[7233]     Solution:
Warning 2025-11-15 19:21:11  DevID:MV-CA013-A0UC(J06720615)  Source-Line:libMvUsb3vTL.so(StreamProcess.cpp-L1426)     Description:Delete one DataNode     Solution:Please confirm that there is a blocking operation when you grab frame
Warning 2025-11-15 19:21:11  DevID:MV-CA013-A0UC(J06720615)  Source-Line:libMvUsb3vTL.so(StreamProcess.cpp-L1426)     Description:Delete one DataNode     Solution:Please confirm that there is a blocking operation when you grab frame
Warning 2025-11-15 19:21:11  DevID:MV-CA013-A0UC(J06720615)  Source-Line:libMvUsb3vTL.so(StreamProcess.cpp-L1426)     Description:Delete one DataNode     Solution:Please confirm that there is a blocking operation when you grab frame
Warning 2025-11-15 19:21:11  DevID:MV-CA013-A0UC(J06720615)  Source-Line:libMvUsb3vTL.so(StreamProcess.cpp-L0844)     Description:[GetOneFrame] PreFrameNum[7233], CurFrameNum[7237]     Solution:
Warning 2025-11-15 19:21:11  DevID:MV-CA013-A0UC(J06720615)  Source-Line:libMvUsb3vTL.so(StreamProcess.cpp-L1426)     Description:Delete one DataNode     Solution:Please confirm that there is a blocking operation when you grab frame
Warning 2025-11-15 19:21:11  DevID:MV-CA013-A0UC(J06720615)  Source-Line:libMvUsb3vTL.so(StreamProcess.cpp-L1426)     Description:Delete one DataNode     Solution:Please confirm that there is a blocking operation when you grab frame
Warning 2025-11-15 19:21:11  DevID:MV-CA013-A0UC(J06720615)  Source-Line:libMvUsb3vTL.so(StreamProcess.cpp-L1426)     Description:Delete one DataNode     Solution:Please confirm that there is a blocking operation when you grab frame
Warning 2025-11-15 19:21:11  DevID:MV-CA013-A0UC(J06720615)  Source-Line:libMvUsb3vTL.so(StreamProcess.cpp-L0844)     Description:[GetOneFrame] PreFrameNum[7237], CurFrameNum[7241]     Solution:
Warning 2025-11-15 19:21:11  DevID:MV-CA013-A0UC(J06720615)  Source-Line:libMvUsb3vTL.so(StreamProcess.cpp-L1426)     Description:Delete one DataNode     Solution:Please confirm that there is a blocking operation when you grab frame
Warning 2025-11-15 19:21:11  DevID:MV-CA013-A0UC(J06720615)  Source-Line:libMvUsb3vTL.so(StreamProcess.cpp-L1426)     Description:Delete one DataNode     Solution:Please confirm that there is a blocking operation when you grab frame
Warning 2025-11-15 19:21:11  DevID:MV-CA013-A0UC(J06720615)  Source-Line:libMvUsb3vTL.so(StreamProcess.cpp-L1426)     Description:Delete one DataNode     Solution:Please confirm that there is a blocking operation when you grab frame
Warning 2025-11-15 19:21:11  DevID:MV-CA013-A0UC(J06720615)  Source-Line:libMvUsb3vTL.so(StreamProcess.cpp-L0844)     Description:[GetOneFrame] PreFrameNum[7241], CurFrameNum[7245]     Solution:
Warning 2025-11-15 19:21:11  DevID:MV-CA013-A0UC(J06720615)  Source-Line:libMvUsb3vTL.so(StreamProcess.cpp-L1426)     Description:Delete one DataNode     Solution:Please confirm that there is a blocking operation when you grab frame
Warning 2025-11-15 19:21:11  DevID:MV-CA013-A0UC(J06720615)  Source-Line:libMvUsb3vTL.so(StreamProcess.cpp-L1426)     Description:Delete one DataNode     Solution:Please confirm that there is a blocking operation when you grab frame
Warning 2025-11-15 19:21:11  DevID:MV-CA013-A0UC(J06720615)  Source-Line:libMvUsb3vTL.so(StreamProcess.cpp-L1426)     Description:Delete one DataNode     Solution:Please confirm that there is a blocking operation when you grab frame
Warning 2025-11-15 19:21:11  DevID:MV-CA013-A0UC(J06720615)  Source-Line:libMvUsb3vTL.so(StreamProcess.cpp-L0844)     Description:[GetOneFrame] PreFrameNum[7245], CurFrameNum[7249]     Solution:
Warning 2025-11-15 19:21:11  DevID:MV-CA013-A0UC(J06720615)  Source-Line:libMvUsb3vTL.so(StreamProcess.cpp-L1426)     Description:Delete one DataNode     Solution:Please confirm that there is a blocking operation when you grab frame
Warning 2025-11-15 19:21:11  DevID:MV-CA013-A0UC(J06720615)  Source-Line:libMvUsb3vTL.so(StreamProcess.cpp-L1426)     Description:Delete one DataNode     Solution:Please confirm that there is a blocking operation when you grab frame
Warning 2025-11-15 19:21:11  DevID:MV-CA013-A0UC(J06720615)  Source-Line:libMvUsb3vTL.so(StreamProcess.cpp-L1426)     Description:Delete one DataNode     Solution:Please confirm that there is a blocking operation when you grab frame
Warning 2025-11-15 19:21:11  DevID:MV-CA013-A0UC(J06720615)  Source-Line:libMvUsb3vTL.so(StreamProcess.cpp-L0844)     Description:[GetOneFrame] PreFrameNum[7249], CurFrameNum[7253]     Solution:
Warning 2025-11-15 19:21:11  DevID:MV-CA013-A0UC(J06720615)  Source-Line:libMvUsb3vTL.so(StreamProcess.cpp-L1426)     Description:Delete one DataNode     Solution:Please confirm that there is a blocking operation when you grab frame
Warning 2025-11-15 19:21:11  DevID:MV-CA013-A0UC(J06720615)  Source-Line:libMvUsb3vTL.so(StreamProcess.cpp-L1426)     Description:Delete one DataNode     Solution:Please confirm that there is a blocking operation when you grab frame
Warning 2025-11-15 19:21:11  DevID:MV-CA013-A0UC(J06720615)  Source-Line:libMvUsb3vTL.so(StreamProcess.cpp-L1426)     Description:Delete one DataNode     Solution:Please confirm that there is a blocking operation when you grab frame
Warning 2025-11-15 19:21:11  DevID:MV-CA013-A0UC(J06720615)  Source-Line:libMvUsb3vTL.so(StreamProcess.cpp-L0844)     Description:[GetOneFrame] PreFrameNum[7253], CurFrameNum[7257]     Solution:
Warning 2025-11-15 19:21:11  DevID:MV-CA013-A0UC(J06720615)  Source-Line:libMvUsb3vTL.so(StreamProcess.cpp-L1426)     Description:Delete one DataNode     Solution:Please confirm that there is a blocking operation when you grab frame
Warning 2025-11-15 19:21:11  DevID:MV-CA013-A0UC(J06720615)  Source-Line:libMvUsb3vTL.so(StreamProcess.cpp-L1426)     Description:Delete one DataNode     Solution:Please confirm that there is a blocking operation when you grab frame
Warning 2025-11-15 19:21:11  DevID:MV-CA013-A0UC(J06720615)  Source-Line:libMvUsb3vTL.so(StreamProcess.cpp-L1426)     Description:Delete one DataNode     Solution:Please confirm that there is a blocking operation when you grab frame
Warning 2025-11-15 19:21:11  DevID:MV-CA013-A0UC(J06720615)  Source-Line:libMvUsb3vTL.so(StreamProcess.cpp-L0844)     Description:[GetOneFrame] PreFrameNum[7257], CurFrameNum[7261]     Solution:
Warning 2025-11-15 19:21:11  DevID:MV-CA013-A0UC(J06720615)  Source-Line:libMvUsb3vTL.so(StreamProcess.cpp-L1426)     Description:Delete one DataNode     Solution:Please confirm that there is a blocking operation when you grab frame
Warning 2025-11-15 19:21:11  DevID:MV-CA013-A0UC(J06720615)  Source-Line:libMvUsb3vTL.so(StreamProcess.cpp-L1426)     Description:Delete one DataNode     Solution:Please confirm that there is a blocking operation when you grab frame
Warning 2025-11-15 19:21:11  DevID:MV-CA013-A0UC(J06720615)  Source-Line:libMvUsb3vTL.so(StreamProcess.cpp-L1426)     Description:Delete one DataNode     Solution:Please confirm that there is a blocking operation when you grab frame
Warning 2025-11-15 19:21:11  DevID:MV-CA013-A0UC(J06720615)  Source-Line:libMvUsb3vTL.so(StreamProcess.cpp-L0844)     Description:[GetOneFrame] PreFrameNum[7261], CurFrameNum[7265]     Solution:
Warning 2025-11-15 19:21:11  DevID:MV-CA013-A0UC(J06720615)  Source-Line:libMvUsb3vTL.so(StreamProcess.cpp-L1426)     Description:Delete one DataNode     Solution:Please confirm that there is a blocking operation when you grab frame
Warning 2025-11-15 19:21:11  DevID:MV-CA013-A0UC(J06720615)  Source-Line:libMvUsb3vTL.so(StreamProcess.cpp-L1426)     Description:Delete one DataNode     Solution:Please confirm that there is a blocking operation when you grab frame
Warning 2025-11-15 19:21:11  DevID:MV-CA013-A0UC(J06720615)  Source-Line:libMvUsb3vTL.so(StreamProcess.cpp-L1426)     Description:Delete one DataNode     Solution:Please confirm that there is a blocking operation when you grab frame
Warning 2025-11-15 19:21:11  DevID:MV-CA013-A0UC(J06720615)  Source-Line:libMvUsb3vTL.so(StreamProcess.cpp-L0844)     Description:[GetOneFrame] PreFrameNum[7265], CurFrameNum[7269]     Solution:
Warning 2025-11-15 19:21:11  DevID:MV-CA013-A0UC(J06720615)  Source-Line:libMvUsb3vTL.so(StreamProcess.cpp-L1426)     Description:Delete one DataNode     Solution:Please confirm that there is a blocking operation when you grab frame
Warning 2025-11-15 19:21:11  DevID:MV-CA013-A0UC(J06720615)  Source-Line:libMvUsb3vTL.so(StreamProcess.cpp-L1426)     Description:Delete one DataNode     Solution:Please confirm that there is a blocking operation when you grab frame
Warning 2025-11-15 19:21:11  DevID:MV-CA013-A0UC(J06720615)  Source-Line:libMvUsb3vTL.so(StreamProcess.cpp-L1426)     Description:Delete one DataNode     Solution:Please confirm that there is a blocking operation when you grab frame
Warning 2025-11-15 19:21:11  DevID:MV-CA013-A0UC(J06720615)  Source-Line:libMvUsb3vTL.so(StreamProcess.cpp-L0844)     Description:[GetOneFrame] PreFrameNum[7269], CurFrameNum[7273]     Solution:
Warning 2025-11-15 19:21:11  DevID:MV-CA013-A0UC(J06720615)  Source-Line:libMvUsb3vTL.so(StreamProcess.cpp-L1426)     Description:Delete one DataNode     Solution:Please confirm that there is a blocking operation when you grab frame
Warning 2025-11-15 19:21:11  DevID:MV-CA013-A0UC(J06720615)  Source-Line:libMvUsb3vTL.so(StreamProcess.cpp-L1426)     Description:Delete one DataNode     Solution:Please confirm that there is a blocking operation when you grab frame
Warning 2025-11-15 19:21:11  DevID:MV-CA013-A0UC(J06720615)  Source-Line:libMvUsb3vTL.so(StreamProcess.cpp-L1426)     Description:Delete one DataNode     Solution:Please confirm that there is a blocking operation when you grab frame
Warning 2025-11-15 19:21:11  DevID:MV-CA013-A0UC(J06720615)  Source-Line:libMvUsb3vTL.so(StreamProcess.cpp-L0844)     Description:[GetOneFrame] PreFrameNum[7273], CurFrameNum[7277]     Solution:
Warning 2025-11-15 19:21:11  DevID:MV-CA013-A0UC(J06720615)  Source-Line:libMvUsb3vTL.so(StreamProcess.cpp-L1426)     Description:Delete one DataNode     Solution:Please confirm that there is a blocking operation when you grab frame
Warning 2025-11-15 19:21:11  DevID:MV-CA013-A0UC(J06720615)  Source-Line:libMvUsb3vTL.so(StreamProcess.cpp-L1426)     Description:Delete one DataNode     Solution:Please confirm that there is a blocking operation when you grab frame
Warning 2025-11-15 19:21:11  DevID:MV-CA013-A0UC(J06720615)  Source-Line:libMvUsb3vTL.so(StreamProcess.cpp-L1426)     Description:Delete one DataNode     Solution:Please confirm that there is a blocking operation when you grab frame
Warning 2025-11-15 19:21:11  DevID:MV-CA013-A0UC(J06720615)  Source-Line:libMvUsb3vTL.so(StreamProcess.cpp-L0844)     Description:[GetOneFrame] PreFrameNum[7277], CurFrameNum[7281]     Solution:
Warning 2025-11-15 19:21:11  DevID:MV-CA013-A0UC(J06720615)  Source-Line:libMvUsb3vTL.so(StreamProcess.cpp-L1426)     Description:Delete one DataNode     Solution:Please confirm that there is a blocking operation when you grab frame
Warning 2025-11-15 19:21:11  DevID:MV-CA013-A0UC(J06720615)  Source-Line:libMvUsb3vTL.so(StreamProcess.cpp-L1426)     Description:Delete one DataNode     Solution:Please confirm that there is a blocking operation when you grab frame
Warning 2025-11-15 19:21:11  DevID:MV-CA013-A0UC(J06720615)  Source-Line:libMvUsb3vTL.so(StreamProcess.cpp-L1426)     Description:Delete one DataNode     Solution:Please confirm that there is a blocking operation when you grab frame
Warning 2025-11-15 19:21:11  DevID:MV-CA013-A0UC(J06720615)  Source-Line:libMvUsb3vTL.so(StreamProcess.cpp-L0844)     Description:[GetOneFrame] PreFrameNum[7281], CurFrameNum[7285]     Solution:
Warning 2025-11-15 19:21:11  DevID:MV-CA013-A0UC(J06720615)  Source-Line:libMvUsb3vTL.so(StreamProcess.cpp-L1426)     Description:Delete one DataNode     Solution:Please confirm that there is a blocking operation when you grab frame
Warning 2025-11-15 19:21:11  DevID:MV-CA013-A0UC(J06720615)  Source-Line:libMvUsb3vTL.so(StreamProcess.cpp-L1426)     Description:Delete one DataNode     Solution:Please confirm that there is a blocking operation when you grab frame
Warning 2025-11-15 19:21:11  DevID:MV-CA013-A0UC(J06720615)  Source-Line:libMvUsb3vTL.so(StreamProcess.cpp-L1426)     Description:Delete one DataNode     Solution:Please confirm that there is a blocking operation when you grab frame
Warning 2025-11-15 19:21:11  DevID:MV-CA013-A0UC(J06720615)  Source-Line:libMvUsb3vTL.so(StreamProcess.cpp-L0844)     Description:[GetOneFrame] PreFrameNum[7285], CurFrameNum[7289]     Solution:
Warning 2025-11-15 19:21:11  DevID:MV-CA013-A0UC(J06720615)  Source-Line:libMvUsb3vTL.so(StreamProcess.cpp-L1426)     Description:Delete one DataNode     Solution:Please confirm that there is a blocking operation when you grab frame
Warning 2025-11-15 19:21:11  DevID:MV-CA013-A0UC(J06720615)  Source-Line:libMvUsb3vTL.so(StreamProcess.cpp-L1426)     Description:Delete one DataNode     Solution:Please confirm that there is a blocking operation when you grab frame
Warning 2025-11-15 19:21:11  DevID:MV-CA013-A0UC(J06720615)  Source-Line:libMvUsb3vTL.so(StreamProcess.cpp-L1426)     Description:Delete one DataNode     Solution:Please confirm that there is a blocking operation when you grab frame
Warning 2025-11-15 19:21:11  DevID:MV-CA013-A0UC(J06720615)  Source-Line:libMvUsb3vTL.so(StreamProcess.cpp-L0844)     Description:[GetOneFrame] PreFrameNum[7289], CurFrameNum[7293]     Solution:
Warning 2025-11-15 19:21:11  DevID:MV-CA013-A0UC(J06720615)  Source-Line:libMvUsb3vTL.so(StreamProcess.cpp-L1426)     Description:Delete one DataNode     Solution:Please confirm that there is a blocking operation when you grab frame
Warning 2025-11-15 19:21:11  DevID:MV-CA013-A0UC(J06720615)  Source-Line:libMvUsb3vTL.so(StreamProcess.cpp-L1426)     Description:Delete one DataNode     Solution:Please confirm that there is a blocking operation when you grab frame
Warning 2025-11-15 19:21:11  DevID:MV-CA013-A0UC(J06720615)  Source-Line:libMvUsb3vTL.so(StreamProcess.cpp-L1426)     Description:Delete one DataNode     Solution:Please confirm that there is a blocking operation when you grab frame
Warning 2025-11-15 19:21:11  DevID:MV-CA013-A0UC(J06720615)  Source-Line:libMvUsb3vTL.so(StreamProcess.cpp-L0844)     Description:[GetOneFrame] PreFrameNum[7293], CurFrameNum[7297]     Solution:
Warning 2025-11-15 19:21:11  DevID:MV-CA013-A0UC(J06720615)  Source-Line:libMvUsb3vTL.so(StreamProcess.cpp-L1426)     Description:Delete one DataNode     Solution:Please confirm that there is a blocking operation when you grab frame
Warning 2025-11-15 19:21:11  DevID:MV-CA013-A0UC(J06720615)  Source-Line:libMvUsb3vTL.so(StreamProcess.cpp-L1426)     Description:Delete one DataNode     Solution:Please confirm that there is a blocking operation when you grab frame
Warning 2025-11-15 19:21:11  DevID:MV-CA013-A0UC(J06720615)  Source-Line:libMvUsb3vTL.so(StreamProcess.cpp-L1426)     Description:Delete one DataNode     Solution:Please confirm that there is a blocking operation when you grab frame
Warning 2025-11-15 19:21:11  DevID:MV-CA013-A0UC(J06720615)  Source-Line:libMvUsb3vTL.so(StreamProcess.cpp-L0844)     Description:[GetOneFrame] PreFrameNum[7297], CurFrameNum[7301]     Solution:
Warning 2025-11-15 19:21:11  DevID:MV-CA013-A0UC(J06720615)  Source-Line:libMvUsb3vTL.so(StreamProcess.cpp-L1426)     Description:Delete one DataNode     Solution:Please confirm that there is a blocking operation when you grab frame
Warning 2025-11-15 19:21:11  DevID:MV-CA013-A0UC(J06720615)  Source-Line:libMvUsb3vTL.so(StreamProcess.cpp-L1426)     Description:Delete one DataNode     Solution:Please confirm that there is a blocking operation when you grab frame
Warning 2025-11-15 19:21:11  DevID:MV-CA013-A0UC(J06720615)  Source-Line:libMvUsb3vTL.so(StreamProcess.cpp-L1426)     Description:Delete one DataNode     Solution:Please confirm that there is a blocking operation when you grab frame
Warning 2025-11-15 19:21:11  DevID:MV-CA013-A0UC(J06720615)  Source-Line:libMvUsb3vTL.so(StreamProcess.cpp-L0844)     Description:[GetOneFrame] PreFrameNum[7301], CurFrameNum[7305]     Solution:
Warning 2025-11-15 19:21:11  DevID:MV-CA013-A0UC(J06720615)  Source-Line:libMvUsb3vTL.so(StreamProcess.cpp-L1426)     Description:Delete one DataNode     Solution:Please confirm that there is a blocking operation when you grab frame
Warning 2025-11-15 19:21:11  DevID:MV-CA013-A0UC(J06720615)  Source-Line:libMvUsb3vTL.so(StreamProcess.cpp-L1426)     Description:Delete one DataNode     Solution:Please confirm that there is a blocking operation when you grab frame
Warning 2025-11-15 19:21:11  DevID:MV-CA013-A0UC(J06720615)  Source-Line:libMvUsb3vTL.so(StreamProcess.cpp-L1426)     Description:Delete one DataNode     Solution:Please confirm that there is a blocking operation when you grab frame
Warning 2025-11-15 19:21:11  DevID:MV-CA013-A0UC(J06720615)  Source-Line:libMvUsb3vTL.so(StreamProcess.cpp-L0844)     Description:[GetOneFrame] PreFrameNum[7305], CurFrameNum[7309]     Solution:
Warning 2025-11-15 19:21:11  DevID:MV-CA013-A0UC(J06720615)  Source-Line:libMvUsb3vTL.so(StreamProcess.cpp-L1426)     Description:Delete one DataNode     Solution:Please confirm that there is a blocking operation when you grab frame
Warning 2025-11-15 19:21:11  DevID:MV-CA013-A0UC(J06720615)  Source-Line:libMvUsb3vTL.so(StreamProcess.cpp-L1426)     Description:Delete one DataNode     Solution:Please confirm that there is a blocking operation when you grab frame
Warning 2025-11-15 19:21:11  DevID:MV-CA013-A0UC(J06720615)  Source-Line:libMvUsb3vTL.so(StreamProcess.cpp-L1426)     Description:Delete one DataNode     Solution:Please confirm that there is a blocking operation when you grab frame
Warning 2025-11-15 19:21:11  DevID:MV-CA013-A0UC(J06720615)  Source-Line:libMvUsb3vTL.so(StreamProcess.cpp-L0844)     Description:[GetOneFrame] PreFrameNum[7309], CurFrameNum[7313]     Solution:
Warning 2025-11-15 19:21:11  DevID:MV-CA013-A0UC(J06720615)  Source-Line:libMvUsb3vTL.so(StreamProcess.cpp-L1426)     Description:Delete one DataNode     Solution:Please confirm that there is a blocking operation when you grab frame
Warning 2025-11-15 19:21:11  DevID:MV-CA013-A0UC(J06720615)  Source-Line:libMvUsb3vTL.so(StreamProcess.cpp-L1426)     Description:Delete one DataNode     Solution:Please confirm that there is a blocking operation when you grab frame
Warning 2025-11-15 19:21:11  DevID:MV-CA013-A0UC(J06720615)  Source-Line:libMvUsb3vTL.so(StreamProcess.cpp-L1426)     Description:Delete one DataNode     Solution:Please confirm that there is a blocking operation when you grab frame
Warning 2025-11-15 19:21:11  DevID:MV-CA013-A0UC(J06720615)  Source-Line:libMvUsb3vTL.so(StreamProcess.cpp-L0844)     Description:[GetOneFrame] PreFrameNum[7313], CurFrameNum[7317]     Solution:
Warning 2025-11-15 19:21:11  DevID:MV-CA013-A0UC(J06720615)  Source-Line:libMvUsb3vTL.so(StreamProcess.cpp-L1426)     Description:Delete one DataNode     Solution:Please confirm that there is a blocking operation when you grab frame
Warning 2025-11-15 19:21:11  DevID:MV-CA013-A0UC(J06720615)  Source-Line:libMvUsb3vTL.so(StreamProcess.cpp-L1426)     Description:Delete one DataNode     Solution:Please confirm that there is a blocking operation when you grab frame
Warning 2025-11-15 19:21:11  DevID:MV-CA013-A0UC(J06720615)  Source-Line:libMvUsb3vTL.so(StreamProcess.cpp-L1426)     Description:Delete one DataNode     Solution:Please confirm that there is a blocking operation when you grab frame
Warning 2025-11-15 19:21:11  DevID:MV-CA013-A0UC(J06720615)  Source-Line:libMvUsb3vTL.so(StreamProcess.cpp-L0844)     Description:[GetOneFrame] PreFrameNum[7317], CurFrameNum[7321]     Solution:
Warning 2025-11-15 19:21:11  DevID:MV-CA013-A0UC(J06720615)  Source-Line:libMvUsb3vTL.so(StreamProcess.cpp-L1426)     Description:Delete one DataNode     Solution:Please confirm that there is a blocking operation when you grab frame
Warning 2025-11-15 19:21:11  DevID:MV-CA013-A0UC(J06720615)  Source-Line:libMvUsb3vTL.so(StreamProcess.cpp-L1426)     Description:Delete one DataNode     Solution:Please confirm that there is a blocking operation when you grab frame
Warning 2025-11-15 19:21:11  DevID:MV-CA013-A0UC(J06720615)  Source-Line:libMvUsb3vTL.so(StreamProcess.cpp-L1426)     Description:Delete one DataNode     Solution:Please confirm that there is a blocking operation when you grab frame
Warning 2025-11-15 19:21:11  DevID:MV-CA013-A0UC(J06720615)  Source-Line:libMvUsb3vTL.so(StreamProcess.cpp-L0844)     Description:[GetOneFrame] PreFrameNum[7321], CurFrameNum[7325]     Solution:
Warning 2025-11-15 19:21:11  DevID:MV-CA013-A0UC(J06720615)  Source-Line:libMvUsb3vTL.so(StreamProcess.cpp-L1426)     Description:Delete one DataNode     Solution:Please confirm that there is a blocking operation when you grab frame
Warning 2025-11-15 19:21:11  DevID:MV-CA013-A0UC(J06720615)  Source-Line:libMvUsb3vTL.so(StreamProcess.cpp-L1426)     Description:Delete one DataNode     Solution:Please confirm that there is a blocking operation when you grab frame
Warning 2025-11-15 19:21:11  DevID:MV-CA013-A0UC(J06720615)  Source-Line:libMvUsb3vTL.so(StreamProcess.cpp-L1426)     Description:Delete one DataNode     Solution:Please confirm that there is a blocking operation when you grab frame
Warning 2025-11-15 19:21:11  DevID:MV-CA013-A0UC(J06720615)  Source-Line:libMvUsb3vTL.so(StreamProcess.cpp-L0844)     Description:[GetOneFrame] PreFrameNum[7325], CurFrameNum[7329]     Solution:
Warning 2025-11-15 19:21:11  DevID:MV-CA013-A0UC(J06720615)  Source-Line:libMvUsb3vTL.so(StreamProcess.cpp-L1426)     Description:Delete one DataNode     Solution:Please confirm that there is a blocking operation when you grab frame
Warning 2025-11-15 19:21:11  DevID:MV-CA013-A0UC(J06720615)  Source-Line:libMvUsb3vTL.so(StreamProcess.cpp-L1426)     Description:Delete one DataNode     Solution:Please confirm that there is a blocking operation when you grab frame
Warning 2025-11-15 19:21:11  DevID:MV-CA013-A0UC(J06720615)  Source-Line:libMvUsb3vTL.so(StreamProcess.cpp-L1426)     Description:Delete one DataNode     Solution:Please confirm that there is a blocking operation when you grab frame
Warning 2025-11-15 19:21:11  DevID:MV-CA013-A0UC(J06720615)  Source-Line:libMvUsb3vTL.so(StreamProcess.cpp-L0844)     Description:[GetOneFrame] PreFrameNum[7329], CurFrameNum[7333]     Solution:
Warning 2025-11-15 19:21:11  DevID:MV-CA013-A0UC(J06720615)  Source-Line:libMvUsb3vTL.so(StreamProcess.cpp-L1426)     Description:Delete one DataNode     Solution:Please confirm that there is a blocking operation when you grab frame
Warning 2025-11-15 19:21:11  DevID:MV-CA013-A0UC(J06720615)  Source-Line:libMvUsb3vTL.so(StreamProcess.cpp-L1426)     Description:Delete one DataNode     Solution:Please confirm that there is a blocking operation when you grab frame
Warning 2025-11-15 19:21:11  DevID:MV-CA013-A0UC(J06720615)  Source-Line:libMvUsb3vTL.so(StreamProcess.cpp-L1426)     Description:Delete one DataNode     Solution:Please confirm that there is a blocking operation when you grab frame
Warning 2025-11-15 19:21:11  DevID:MV-CA013-A0UC(J06720615)  Source-Line:libMvUsb3vTL.so(StreamProcess.cpp-L0844)     Description:[GetOneFrame] PreFrameNum[7333], CurFrameNum[7337]     Solution:
Warning 2025-11-15 19:21:11  DevID:MV-CA013-A0UC(J06720615)  Source-Line:libMvUsb3vTL.so(StreamProcess.cpp-L1426)     Description:Delete one DataNode     Solution:Please confirm that there is a blocking operation when you grab frame
Warning 2025-11-15 19:21:11  DevID:MV-CA013-A0UC(J06720615)  Source-Line:libMvUsb3vTL.so(StreamProcess.cpp-L1426)     Description:Delete one DataNode     Solution:Please confirm that there is a blocking operation when you grab frame
Warning 2025-11-15 19:21:11  DevID:MV-CA013-A0UC(J06720615)  Source-Line:libMvUsb3vTL.so(StreamProcess.cpp-L1426)     Description:Delete one DataNode     Solution:Please confirm that there is a blocking operation when you grab frame
Warning 2025-11-15 19:21:11  DevID:MV-CA013-A0UC(J06720615)  Source-Line:libMvUsb3vTL.so(StreamProcess.cpp-L0844)     Description:[GetOneFrame] PreFrameNum[7337], CurFrameNum[7341]     Solution:
Warning 2025-11-15 19:21:11  DevID:MV-CA013-A0UC(J06720615)  Source-Line:libMvUsb3vTL.so(StreamProcess.cpp-L1426)     Description:Delete one DataNode     Solution:Please confirm that there is a blocking operation when you grab frame
Warning 2025-11-15 19:21:11  DevID:MV-CA013-A0UC(J06720615)  Source-Line:libMvUsb3vTL.so(StreamProcess.cpp-L1426)     Description:Delete one DataNode     Solution:Please confirm that there is a blocking operation when you grab frame
Warning 2025-11-15 19:21:11  DevID:MV-CA013-A0UC(J06720615)  Source-Line:libMvUsb3vTL.so(StreamProcess.cpp-L1426)     Description:Delete one DataNode     Solution:Please confirm that there is a blocking operation when you grab frame
Warning 2025-11-15 19:21:11  DevID:MV-CA013-A0UC(J06720615)  Source-Line:libMvUsb3vTL.so(StreamProcess.cpp-L0844)     Description:[GetOneFrame] PreFrameNum[7341], CurFrameNum[7345]     Solution:
Warning 2025-11-15 19:21:11  DevID:MV-CA013-A0UC(J06720615)  Source-Line:libMvUsb3vTL.so(StreamProcess.cpp-L1426)     Description:Delete one DataNode     Solution:Please confirm that there is a blocking operation when you grab frame
Warning 2025-11-15 19:21:11  DevID:MV-CA013-A0UC(J06720615)  Source-Line:libMvUsb3vTL.so(StreamProcess.cpp-L1426)     Description:Delete one DataNode     Solution:Please confirm that there is a blocking operation when you grab frame
Warning 2025-11-15 19:21:11  DevID:MV-CA013-A0UC(J06720615)  Source-Line:libMvUsb3vTL.so(StreamProcess.cpp-L1426)     Description:Delete one DataNode     Solution:Please confirm that there is a blocking operation when you grab frame
Warning 2025-11-15 19:21:11  DevID:MV-CA013-A0UC(J06720615)  Source-Line:libMvUsb3vTL.so(StreamProcess.cpp-L0844)     Description:[GetOneFrame] PreFrameNum[7345], CurFrameNum[7349]     Solution:
Warning 2025-11-15 19:21:11  DevID:MV-CA013-A0UC(J06720615)  Source-Line:libMvUsb3vTL.so(StreamProcess.cpp-L1426)     Description:Delete one DataNode     Solution:Please confirm that there is a blocking operation when you grab frame
Warning 2025-11-15 19:21:11  DevID:MV-CA013-A0UC(J06720615)  Source-Line:libMvUsb3vTL.so(StreamProcess.cpp-L1426)     Description:Delete one DataNode     Solution:Please confirm that there is a blocking operation when you grab frame
Warning 2025-11-15 19:21:11  DevID:MV-CA013-A0UC(J06720615)  Source-Line:libMvUsb3vTL.so(StreamProcess.cpp-L1426)     Description:Delete one DataNode     Solution:Please confirm that there is a blocking operation when you grab frame
Warning 2025-11-15 19:21:11  DevID:MV-CA013-A0UC(J06720615)  Source-Line:libMvUsb3vTL.so(StreamProcess.cpp-L0844)     Description:[GetOneFrame] PreFrameNum[7349], CurFrameNum[7353]     Solution:
Warning 2025-11-15 19:21:11  DevID:MV-CA013-A0UC(J06720615)  Source-Line:libMvUsb3vTL.so(StreamProcess.cpp-L1426)     Description:Delete one DataNode     Solution:Please confirm that there is a blocking operation when you grab frame
Warning 2025-11-15 19:21:11  DevID:MV-CA013-A0UC(J06720615)  Source-Line:libMvUsb3vTL.so(StreamProcess.cpp-L1426)     Description:Delete one DataNode     Solution:Please confirm that there is a blocking operation when you grab frame
Warning 2025-11-15 19:21:11  DevID:MV-CA013-A0UC(J06720615)  Source-Line:libMvUsb3vTL.so(StreamProcess.cpp-L1426)     Description:Delete one DataNode     Solution:Please confirm that there is a blocking operation when you grab frame
Warning 2025-11-15 19:21:11  DevID:MV-CA013-A0UC(J06720615)  Source-Line:libMvUsb3vTL.so(StreamProcess.cpp-L0844)     Description:[GetOneFrame] PreFrameNum[7353], CurFrameNum[7357]     Solution:
Warning 2025-11-15 19:21:11  DevID:MV-CA013-A0UC(J06720615)  Source-Line:libMvUsb3vTL.so(StreamProcess.cpp-L1426)     Description:Delete one DataNode     Solution:Please confirm that there is a blocking operation when you grab frame
Warning 2025-11-15 19:21:11  DevID:MV-CA013-A0UC(J06720615)  Source-Line:libMvUsb3vTL.so(StreamProcess.cpp-L1426)     Description:Delete one DataNode     Solution:Please confirm that there is a blocking operation when you grab frame
Warning 2025-11-15 19:21:11  DevID:MV-CA013-A0UC(J06720615)  Source-Line:libMvUsb3vTL.so(StreamProcess.cpp-L1426)     Description:Delete one DataNode     Solution:Please confirm that there is a blocking operation when you grab frame
Warning 2025-11-15 19:21:11  DevID:MV-CA013-A0UC(J06720615)  Source-Line:libMvUsb3vTL.so(StreamProcess.cpp-L0844)     Description:[GetOneFrame] PreFrameNum[7357], CurFrameNum[7361]     Solution:
Warning 2025-11-15 19:21:11  DevID:MV-CA013-A0UC(J06720615)  Source-Line:libMvUsb3vTL.so(StreamProcess.cpp-L1426)     Description:Delete one DataNode     Solution:Please confirm that there is a blocking operation when you grab frame
Warning 2025-11-15 19:21:11  DevID:MV-CA013-A0UC(J06720615)  Source-Line:libMvUsb3vTL.so(StreamProcess.cpp-L1426)     Description:Delete one DataNode     Solution:Please confirm that there is a blocking operation when you grab frame
Warning 2025-11-15 19:21:11  DevID:MV-CA013-A0UC(J06720615)  Source-Line:libMvUsb3vTL.so(StreamProcess.cpp-L1426)     Description:Delete one DataNode     Solution:Please confirm that there is a blocking operation when you grab frame
Warning 2025-11-15 19:21:11  DevID:MV-CA013-A0UC(J06720615)  Source-Line:libMvUsb3vTL.so(StreamProcess.cpp-L0844)     Description:[GetOneFrame] PreFrameNum[7361], CurFrameNum[7365]     Solution:
Warning 2025-11-15 19:21:11  DevID:MV-CA013-A0UC(J06720615)  Source-Line:libMvUsb3vTL.so(StreamProcess.cpp-L1426)     Description:Delete one DataNode     Solution:Please confirm that there is a blocking operation when you grab frame
Warning 2025-11-15 19:21:11  DevID:MV-CA013-A0UC(J06720615)  Source-Line:libMvUsb3vTL.so(StreamProcess.cpp-L1426)     Description:Delete one DataNode     Solution:Please confirm that there is a blocking operation when you grab frame
Warning 2025-11-15 19:21:11  DevID:MV-CA013-A0UC(J06720615)  Source-Line:libMvUsb3vTL.so(StreamProcess.cpp-L1426)     Description:Delete one DataNode     Solution:Please confirm that there is a blocking operation when you grab frame
Warning 2025-11-15 19:21:11  DevID:MV-CA013-A0UC(J06720615)  Source-Line:libMvUsb3vTL.so(StreamProcess.cpp-L0844)     Description:[GetOneFrame] PreFrameNum[7365], CurFrameNum[7369]     Solution:
Warning 2025-11-15 19:21:11  DevID:MV-CA013-A0UC(J06720615)  Source-Line:libMvUsb3vTL.so(StreamProcess.cpp-L1426)     Description:Delete one DataNode     Solution:Please confirm that there is a blocking operation when you grab frame
Warning 2025-11-15 19:21:11  DevID:MV-CA013-A0UC(J06720615)  Source-Line:libMvUsb3vTL.so(StreamProcess.cpp-L1426)     Description:Delete one DataNode     Solution:Please confirm that there is a blocking operation when you grab frame
Warning 2025-11-15 19:21:11  DevID:MV-CA013-A0UC(J06720615)  Source-Line:libMvUsb3vTL.so(StreamProcess.cpp-L1426)     Description:Delete one DataNode     Solution:Please confirm that there is a blocking operation when you grab frame
Warning 2025-11-15 19:21:11  DevID:MV-CA013-A0UC(J06720615)  Source-Line:libMvUsb3vTL.so(StreamProcess.cpp-L0844)     Description:[GetOneFrame] PreFrameNum[7369], CurFrameNum[7373]     Solution:
Warning 2025-11-15 19:21:11  DevID:MV-CA013-A0UC(J06720615)  Source-Line:libMvUsb3vTL.so(StreamProcess.cpp-L1426)     Description:Delete one DataNode     Solution:Please confirm that there is a blocking operation when you grab frame
Warning 2025-11-15 19:21:11  DevID:MV-CA013-A0UC(J06720615)  Source-Line:libMvUsb3vTL.so(StreamProcess.cpp-L1426)     Description:Delete one DataNode     Solution:Please confirm that there is a blocking operation when you grab frame
Warning 2025-11-15 19:21:11  DevID:MV-CA013-A0UC(J06720615)  Source-Line:libMvUsb3vTL.so(StreamProcess.cpp-L1426)     Description:Delete one DataNode     Solution:Please confirm that there is a blocking operation when you grab frame
Warning 2025-11-15 19:21:11  DevID:MV-CA013-A0UC(J06720615)  Source-Line:libMvUsb3vTL.so(StreamProcess.cpp-L0844)     Description:[GetOneFrame] PreFrameNum[7373], CurFrameNum[7377]     Solution:
Warning 2025-11-15 19:21:11  DevID:MV-CA013-A0UC(J06720615)  Source-Line:libMvUsb3vTL.so(StreamProcess.cpp-L1426)     Description:Delete one DataNode     Solution:Please confirm that there is a blocking operation when you grab frame
Warning 2025-11-15 19:21:11  DevID:MV-CA013-A0UC(J06720615)  Source-Line:libMvUsb3vTL.so(StreamProcess.cpp-L1426)     Description:Delete one DataNode     Solution:Please confirm that there is a blocking operation when you grab frame
Warning 2025-11-15 19:21:11  DevID:MV-CA013-A0UC(J06720615)  Source-Line:libMvUsb3vTL.so(StreamProcess.cpp-L1426)     Description:Delete one DataNode     Solution:Please confirm that there is a blocking operation when you grab frame
Warning 2025-11-15 19:21:11  DevID:MV-CA013-A0UC(J06720615)  Source-Line:libMvUsb3vTL.so(StreamProcess.cpp-L0844)     Description:[GetOneFrame] PreFrameNum[7377], CurFrameNum[7381]     Solution:
Warning 2025-11-15 19:21:11  DevID:MV-CA013-A0UC(J06720615)  Source-Line:libMvUsb3vTL.so(StreamProcess.cpp-L1426)     Description:Delete one DataNode     Solution:Please confirm that there is a blocking operation when you grab frame
Warning 2025-11-15 19:21:11  DevID:MV-CA013-A0UC(J06720615)  Source-Line:libMvUsb3vTL.so(StreamProcess.cpp-L1426)     Description:Delete one DataNode     Solution:Please confirm that there is a blocking operation when you grab frame
Warning 2025-11-15 19:21:11  DevID:MV-CA013-A0UC(J06720615)  Source-Line:libMvUsb3vTL.so(StreamProcess.cpp-L1426)     Description:Delete one DataNode     Solution:Please confirm that there is a blocking operation when you grab frame
Warning 2025-11-15 19:21:11  DevID:MV-CA013-A0UC(J06720615)  Source-Line:libMvUsb3vTL.so(StreamProcess.cpp-L0844)     Description:[GetOneFrame] PreFrameNum[7381], CurFrameNum[7385]     Solution:
Warning 2025-11-15 19:21:11  DevID:MV-CA013-A0UC(J06720615)  Source-Line:libMvUsb3vTL.so(StreamProcess.cpp-L1426)     Description:Delete one DataNode     Solution:Please confirm that there is a blocking operation when you grab frame
Warning 2025-11-15 19:21:11  DevID:MV-CA013-A0UC(J06720615)  Source-Line:libMvUsb3vTL.so(StreamProcess.cpp-L1426)     Description:Delete one DataNode     Solution:Please confirm that there is a blocking operation when you grab frame
Warning 2025-11-15 19:21:11  DevID:MV-CA013-A0UC(J06720615)  Source-Line:libMvUsb3vTL.so(StreamProcess.cpp-L1426)     Description:Delete one DataNode     Solution:Please confirm that there is a blocking operation when you grab frame
Warning 2025-11-15 19:21:11  DevID:MV-CA013-A0UC(J06720615)  Source-Line:libMvUsb3vTL.so(StreamProcess.cpp-L0844)     Description:[GetOneFrame] PreFrameNum[7385], CurFrameNum[7389]     Solution:
Warning 2025-11-15 19:21:11  DevID:MV-CA013-A0UC(J06720615)  Source-Line:libMvUsb3vTL.so(StreamProcess.cpp-L1426)     Description:Delete one DataNode     Solution:Please confirm that there is a blocking operation when you grab frame
Warning 2025-11-15 19:21:11  DevID:MV-CA013-A0UC(J06720615)  Source-Line:libMvUsb3vTL.so(StreamProcess.cpp-L1426)     Description:Delete one DataNode     Solution:Please confirm that there is a blocking operation when you grab frame
Warning 2025-11-15 19:21:11  DevID:MV-CA013-A0UC(J06720615)  Source-Line:libMvUsb3vTL.so(StreamProcess.cpp-L1426)     Description:Delete one DataNode     Solution:Please confirm that there is a blocking operation when you grab frame
Warning 2025-11-15 19:21:11  DevID:MV-CA013-A0UC(J06720615)  Source-Line:libMvUsb3vTL.so(StreamProcess.cpp-L0844)     Description:[GetOneFrame] PreFrameNum[7389], CurFrameNum[7393]     Solution:
Warning 2025-11-15 19:21:11  DevID:MV-CA013-A0UC(J06720615)  Source-Line:libMvUsb3vTL.so(StreamProcess.cpp-L1426)     Description:Delete one DataNode     Solution:Please confirm that there is a blocking operation when you grab frame
Warning 2025-11-15 19:21:11  DevID:MV-CA013-A0UC(J06720615)  Source-Line:libMvUsb3vTL.so(StreamProcess.cpp-L1426)     Description:Delete one DataNode     Solution:Please confirm that there is a blocking operation when you grab frame
Warning 2025-11-15 19:21:11  DevID:MV-CA013-A0UC(J06720615)  Source-Line:libMvUsb3vTL.so(StreamProcess.cpp-L1426)     Description:Delete one DataNode     Solution:Please confirm that there is a blocking operation when you grab frame
Warning 2025-11-15 19:21:11  DevID:MV-CA013-A0UC(J06720615)  Source-Line:libMvUsb3vTL.so(StreamProcess.cpp-L0844)     Description:[GetOneFrame] PreFrameNum[7393], CurFrameNum[7397]     Solution:
Warning 2025-11-15 19:21:11  DevID:MV-CA013-A0UC(J06720615)  Source-Line:libMvUsb3vTL.so(StreamProcess.cpp-L1426)     Description:Delete one DataNode     Solution:Please confirm that there is a blocking operation when you grab frame
Warning 2025-11-15 19:21:11  DevID:MV-CA013-A0UC(J06720615)  Source-Line:libMvUsb3vTL.so(StreamProcess.cpp-L1426)     Description:Delete one DataNode     Solution:Please confirm that there is a blocking operation when you grab frame
Warning 2025-11-15 19:21:11  DevID:MV-CA013-A0UC(J06720615)  Source-Line:libMvUsb3vTL.so(StreamProcess.cpp-L1426)     Description:Delete one DataNode     Solution:Please confirm that there is a blocking operation when you grab frame
Warning 2025-11-15 19:21:11  DevID:MV-CA013-A0UC(J06720615)  Source-Line:libMvUsb3vTL.so(StreamProcess.cpp-L0844)     Description:[GetOneFrame] PreFrameNum[7397], CurFrameNum[7401]     Solution:
Warning 2025-11-15 19:21:11  DevID:MV-CA013-A0UC(J06720615)  Source-Line:libMvUsb3vTL.so(StreamProcess.cpp-L1426)     Description:Delete one DataNode     Solution:Please confirm that there is a blocking operation when you grab frame
Warning 2025-11-15 19:21:11  DevID:MV-CA013-A0UC(J06720615)  Source-Line:libMvUsb3vTL.so(StreamProcess.cpp-L1426)     Description:Delete one DataNode     Solution:Please confirm that there is a blocking operation when you grab frame
Warning 2025-11-15 19:21:11  DevID:MV-CA013-A0UC(J06720615)  Source-Line:libMvUsb3vTL.so(StreamProcess.cpp-L1426)     Description:Delete one DataNode     Solution:Please confirm that there is a blocking operation when you grab frame
Warning 2025-11-15 19:21:11  DevID:MV-CA013-A0UC(J06720615)  Source-Line:libMvUsb3vTL.so(StreamProcess.cpp-L0844)     Description:[GetOneFrame] PreFrameNum[7401], CurFrameNum[7405]     Solution:
Warning 2025-11-15 19:21:11  DevID:MV-CA013-A0UC(J06720615)  Source-Line:libMvUsb3vTL.so(StreamProcess.cpp-L1426)     Description:Delete one DataNode     Solution:Please confirm that there is a blocking operation when you grab frame
Warning 2025-11-15 19:21:11  DevID:MV-CA013-A0UC(J06720615)  Source-Line:libMvUsb3vTL.so(StreamProcess.cpp-L1426)     Description:Delete one DataNode     Solution:Please confirm that there is a blocking operation when you grab frame
Warning 2025-11-15 19:21:11  DevID:MV-CA013-A0UC(J06720615)  Source-Line:libMvUsb3vTL.so(StreamProcess.cpp-L1426)     Description:Delete one DataNode     Solution:Please confirm that there is a blocking operation when you grab frame
Warning 2025-11-15 19:21:11  DevID:MV-CA013-A0UC(J06720615)  Source-Line:libMvUsb3vTL.so(StreamProcess.cpp-L0844)     Description:[GetOneFrame] PreFrameNum[7405], CurFrameNum[7409]     Solution:
Warning 2025-11-15 19:21:11  DevID:MV-CA013-A0UC(J06720615)  Source-Line:libMvUsb3vTL.so(StreamProcess.cpp-L1426)     Description:Delete one DataNode     Solution:Please confirm that there is a blocking operation when you grab frame
Warning 2025-11-15 19:21:11  DevID:MV-CA013-A0UC(J06720615)  Source-Line:libMvUsb3vTL.so(StreamProcess.cpp-L1426)     Description:Delete one DataNode     Solution:Please confirm that there is a blocking operation when you grab frame
Warning 2025-11-15 19:21:11  DevID:MV-CA013-A0UC(J06720615)  Source-Line:libMvUsb3vTL.so(StreamProcess.cpp-L1426)     Description:Delete one DataNode     Solution:Please confirm that there is a blocking operation when you grab frame
Warning 2025-11-15 19:21:11  DevID:MV-CA013-A0UC(J06720615)  Source-Line:libMvUsb3vTL.so(StreamProcess.cpp-L0844)     Description:[GetOneFrame] PreFrameNum[7409], CurFrameNum[7413]     Solution:
Warning 2025-11-15 19:21:11  DevID:MV-CA013-A0UC(J06720615)  Source-Line:libMvUsb3vTL.so(StreamProcess.cpp-L1426)     Description:Delete one DataNode     Solution:Please confirm that there is a blocking operation when you grab frame
Warning 2025-11-15 19:21:11  DevID:MV-CA013-A0UC(J06720615)  Source-Line:libMvUsb3vTL.so(StreamProcess.cpp-L1426)     Description:Delete one DataNode     Solution:Please confirm that there is a blocking operation when you grab frame
Warning 2025-11-15 19:21:11  DevID:MV-CA013-A0UC(J06720615)  Source-Line:libMvUsb3vTL.so(StreamProcess.cpp-L1426)     Description:Delete one DataNode     Solution:Please confirm that there is a blocking operation when you grab frame
Warning 2025-11-15 19:21:11  DevID:MV-CA013-A0UC(J06720615)  Source-Line:libMvUsb3vTL.so(StreamProcess.cpp-L0844)     Description:[GetOneFrame] PreFrameNum[7413], CurFrameNum[7417]     Solution:
Warning 2025-11-15 19:21:11  DevID:MV-CA013-A0UC(J06720615)  Source-Line:libMvUsb3vTL.so(StreamProcess.cpp-L1426)     Description:Delete one DataNode     Solution:Please confirm that there is a blocking operation when you grab frame
Warning 2025-11-15 19:21:11  DevID:MV-CA013-A0UC(J06720615)  Source-Line:libMvUsb3vTL.so(StreamProcess.cpp-L1426)     Description:Delete one DataNode     Solution:Please confirm that there is a blocking operation when you grab frame
Warning 2025-11-15 19:21:11  DevID:MV-CA013-A0UC(J06720615)  Source-Line:libMvUsb3vTL.so(StreamProcess.cpp-L1426)     Description:Delete one DataNode     Solution:Please confirm that there is a blocking operation when you grab frame
Warning 2025-11-15 19:21:11  DevID:MV-CA013-A0UC(J06720615)  Source-Line:libMvUsb3vTL.so(StreamProcess.cpp-L0844)     Description:[GetOneFrame] PreFrameNum[7417], CurFrameNum[7421]     Solution:
Warning 2025-11-15 19:21:11  DevID:MV-CA013-A0UC(J06720615)  Source-Line:libMvUsb3vTL.so(StreamProcess.cpp-L1426)     Description:Delete one DataNode     Solution:Please confirm that there is a blocking operation when you grab frame
Warning 2025-11-15 19:21:11  DevID:MV-CA013-A0UC(J06720615)  Source-Line:libMvUsb3vTL.so(StreamProcess.cpp-L1426)     Description:Delete one DataNode     Solution:Please confirm that there is a blocking operation when you grab frame
Warning 2025-11-15 19:21:11  DevID:MV-CA013-A0UC(J06720615)  Source-Line:libMvUsb3vTL.so(StreamProcess.cpp-L1426)     Description:Delete one DataNode     Solution:Please confirm that there is a blocking operation when you grab frame
Warning 2025-11-15 19:21:11  DevID:MV-CA013-A0UC(J06720615)  Source-Line:libMvUsb3vTL.so(StreamProcess.cpp-L0844)     Description:[GetOneFrame] PreFrameNum[7421], CurFrameNum[7425]     Solution:
Warning 2025-11-15 19:21:11  DevID:MV-CA013-A0UC(J06720615)  Source-Line:libMvUsb3vTL.so(StreamProcess.cpp-L1426)     Description:Delete one DataNode     Solution:Please confirm that there is a blocking operation when you grab frame
Warning 2025-11-15 19:21:11  DevID:MV-CA013-A0UC(J06720615)  Source-Line:libMvUsb3vTL.so(StreamProcess.cpp-L1426)     Description:Delete one DataNode     Solution:Please confirm that there is a blocking operation when you grab frame
Warning 2025-11-15 19:21:11  DevID:MV-CA013-A0UC(J06720615)  Source-Line:libMvUsb3vTL.so(StreamProcess.cpp-L1426)     Description:Delete one DataNode     Solution:Please confirm that there is a blocking operation when you grab frame
Warning 2025-11-15 19:21:11  DevID:MV-CA013-A0UC(J06720615)  Source-Line:libMvUsb3vTL.so(StreamProcess.cpp-L0844)     Description:[GetOneFrame] PreFrameNum[7425], CurFrameNum[7429]     Solution:
Warning 2025-11-15 19:21:11  DevID:MV-CA013-A0UC(J06720615)  Source-Line:libMvUsb3vTL.so(StreamProcess.cpp-L1426)     Description:Delete one DataNode     Solution:Please confirm that there is a blocking operation when you grab frame
Warning 2025-11-15 19:21:11  DevID:MV-CA013-A0UC(J06720615)  Source-Line:libMvUsb3vTL.so(StreamProcess.cpp-L1426)     Description:Delete one DataNode     Solution:Please confirm that there is a blocking operation when you grab frame
Warning 2025-11-15 19:21:11  DevID:MV-CA013-A0UC(J06720615)  Source-Line:libMvUsb3vTL.so(StreamProcess.cpp-L1426)     Description:Delete one DataNode     Solution:Please confirm that there is a blocking operation when you grab frame
Warning 2025-11-15 19:21:11  DevID:MV-CA013-A0UC(J06720615)  Source-Line:libMvUsb3vTL.so(StreamProcess.cpp-L0844)     Description:[GetOneFrame] PreFrameNum[7429], CurFrameNum[7433]     Solution:
Warning 2025-11-15 19:21:11  DevID:MV-CA013-A0UC(J06720615)  Source-Line:libMvUsb3vTL.so(StreamProcess.cpp-L1426)     Description:Delete one DataNode     Solution:Please confirm that there is a blocking operation when you grab frame
Warning 2025-11-15 19:21:11  DevID:MV-CA013-A0UC(J06720615)  Source-Line:libMvUsb3vTL.so(StreamProcess.cpp-L1426)     Description:Delete one DataNode     Solution:Please confirm that there is a blocking operation when you grab frame
Warning 2025-11-15 19:21:11  DevID:MV-CA013-A0UC(J06720615)  Source-Line:libMvUsb3vTL.so(StreamProcess.cpp-L1426)     Description:Delete one DataNode     Solution:Please confirm that there is a blocking operation when you grab frame
Warning 2025-11-15 19:21:11  DevID:MV-CA013-A0UC(J06720615)  Source-Line:libMvUsb3vTL.so(StreamProcess.cpp-L0844)     Description:[GetOneFrame] PreFrameNum[7433], CurFrameNum[7437]     Solution:
Warning 2025-11-15 19:21:12  DevID:MV-CA013-A0UC(J06720615)  Source-Line:libMvUsb3vTL.so(StreamProcess.cpp-L1426)     Description:Delete one DataNode     Solution:Please confirm that there is a blocking operation when you grab frame
Warning 2025-11-15 19:21:12  DevID:MV-CA013-A0UC(J06720615)  Source-Line:libMvUsb3vTL.so(StreamProcess.cpp-L1426)     Description:Delete one DataNode     Solution:Please confirm that there is a blocking operation when you grab frame
Warning 2025-11-15 19:21:12  DevID:MV-CA013-A0UC(J06720615)  Source-Line:libMvUsb3vTL.so(StreamProcess.cpp-L1426)     Description:Delete one DataNode     Solution:Please confirm that there is a blocking operation when you grab frame
Warning 2025-11-15 19:21:12  DevID:MV-CA013-A0UC(J06720615)  Source-Line:libMvUsb3vTL.so(StreamProcess.cpp-L0844)     Description:[GetOneFrame] PreFrameNum[7437], CurFrameNum[7441]     Solution:
Warning 2025-11-15 19:21:12  DevID:MV-CA013-A0UC(J06720615)  Source-Line:libMvUsb3vTL.so(StreamProcess.cpp-L1426)     Description:Delete one DataNode     Solution:Please confirm that there is a blocking operation when you grab frame
Warning 2025-11-15 19:21:12  DevID:MV-CA013-A0UC(J06720615)  Source-Line:libMvUsb3vTL.so(StreamProcess.cpp-L1426)     Description:Delete one DataNode     Solution:Please confirm that there is a blocking operation when you grab frame
Warning 2025-11-15 19:21:12  DevID:MV-CA013-A0UC(J06720615)  Source-Line:libMvUsb3vTL.so(StreamProcess.cpp-L1426)     Description:Delete one DataNode     Solution:Please confirm that there is a blocking operation when you grab frame
Warning 2025-11-15 19:21:12  DevID:MV-CA013-A0UC(J06720615)  Source-Line:libMvUsb3vTL.so(StreamProcess.cpp-L0844)     Description:[GetOneFrame] PreFrameNum[7441], CurFrameNum[7445]     Solution:
Warning 2025-11-15 19:21:12  DevID:MV-CA013-A0UC(J06720615)  Source-Line:libMvUsb3vTL.so(StreamProcess.cpp-L1426)     Description:Delete one DataNode     Solution:Please confirm that there is a blocking operation when you grab frame
Warning 2025-11-15 19:21:12  DevID:MV-CA013-A0UC(J06720615)  Source-Line:libMvUsb3vTL.so(StreamProcess.cpp-L1426)     Description:Delete one DataNode     Solution:Please confirm that there is a blocking operation when you grab frame
Warning 2025-11-15 19:21:12  DevID:MV-CA013-A0UC(J06720615)  Source-Line:libMvUsb3vTL.so(StreamProcess.cpp-L1426)     Description:Delete one DataNode     Solution:Please confirm that there is a blocking operation when you grab frame
Warning 2025-11-15 19:21:12  DevID:MV-CA013-A0UC(J06720615)  Source-Line:libMvUsb3vTL.so(StreamProcess.cpp-L0844)     Description:[GetOneFrame] PreFrameNum[7445], CurFrameNum[7449]     Solution:
Warning 2025-11-15 19:21:12  DevID:MV-CA013-A0UC(J06720615)  Source-Line:libMvUsb3vTL.so(StreamProcess.cpp-L1426)     Description:Delete one DataNode     Solution:Please confirm that there is a blocking operation when you grab frame
Warning 2025-11-15 19:21:12  DevID:MV-CA013-A0UC(J06720615)  Source-Line:libMvUsb3vTL.so(StreamProcess.cpp-L1426)     Description:Delete one DataNode     Solution:Please confirm that there is a blocking operation when you grab frame
Warning 2025-11-15 19:21:12  DevID:MV-CA013-A0UC(J06720615)  Source-Line:libMvUsb3vTL.so(StreamProcess.cpp-L1426)     Description:Delete one DataNode     Solution:Please confirm that there is a blocking operation when you grab frame
Warning 2025-11-15 19:21:12  DevID:MV-CA013-A0UC(J06720615)  Source-Line:libMvUsb3vTL.so(StreamProcess.cpp-L0844)     Description:[GetOneFrame] PreFrameNum[7449], CurFrameNum[7453]     Solution:
Warning 2025-11-15 19:21:12  DevID:MV-CA013-A0UC(J06720615)  Source-Line:libMvUsb3vTL.so(StreamProcess.cpp-L1426)     Description:Delete one DataNode     Solution:Please confirm that there is a blocking operation when you grab frame
Warning 2025-11-15 19:21:12  DevID:MV-CA013-A0UC(J06720615)  Source-Line:libMvUsb3vTL.so(StreamProcess.cpp-L1426)     Description:Delete one DataNode     Solution:Please confirm that there is a blocking operation when you grab frame
Warning 2025-11-15 19:21:12  DevID:MV-CA013-A0UC(J06720615)  Source-Line:libMvUsb3vTL.so(StreamProcess.cpp-L1426)     Description:Delete one DataNode     Solution:Please confirm that there is a blocking operation when you grab frame
Warning 2025-11-15 19:21:12  DevID:MV-CA013-A0UC(J06720615)  Source-Line:libMvUsb3vTL.so(StreamProcess.cpp-L0844)     Description:[GetOneFrame] PreFrameNum[7453], CurFrameNum[7457]     Solution:
Warning 2025-11-15 19:21:12  DevID:MV-CA013-A0UC(J06720615)  Source-Line:libMvUsb3vTL.so(StreamProcess.cpp-L1426)     Description:Delete one DataNode     Solution:Please confirm that there is a blocking operation when you grab frame
Warning 2025-11-15 19:21:12  DevID:MV-CA013-A0UC(J06720615)  Source-Line:libMvUsb3vTL.so(StreamProcess.cpp-L1426)     Description:Delete one DataNode     Solution:Please confirm that there is a blocking operation when you grab frame
Warning 2025-11-15 19:21:12  DevID:MV-CA013-A0UC(J06720615)  Source-Line:libMvUsb3vTL.so(StreamProcess.cpp-L1426)     Description:Delete one DataNode     Solution:Please confirm that there is a blocking operation when you grab frame
Warning 2025-11-15 19:21:12  DevID:MV-CA013-A0UC(J06720615)  Source-Line:libMvUsb3vTL.so(StreamProcess.cpp-L0844)     Description:[GetOneFrame] PreFrameNum[7457], CurFrameNum[7461]     Solution:
Warning 2025-11-15 19:21:12  DevID:MV-CA013-A0UC(J06720615)  Source-Line:libMvUsb3vTL.so(StreamProcess.cpp-L1426)     Description:Delete one DataNode     Solution:Please confirm that there is a blocking operation when you grab frame
Warning 2025-11-15 19:21:12  DevID:MV-CA013-A0UC(J06720615)  Source-Line:libMvUsb3vTL.so(StreamProcess.cpp-L1426)     Description:Delete one DataNode     Solution:Please confirm that there is a blocking operation when you grab frame
Warning 2025-11-15 19:21:12  DevID:MV-CA013-A0UC(J06720615)  Source-Line:libMvUsb3vTL.so(StreamProcess.cpp-L1426)     Description:Delete one DataNode     Solution:Please confirm that there is a blocking operation when you grab frame
Warning 2025-11-15 19:21:12  DevID:MV-CA013-A0UC(J06720615)  Source-Line:libMvUsb3vTL.so(StreamProcess.cpp-L0844)     Description:[GetOneFrame] PreFrameNum[7461], CurFrameNum[7465]     Solution:
Warning 2025-11-15 19:21:12  DevID:MV-CA013-A0UC(J06720615)  Source-Line:libMvUsb3vTL.so(StreamProcess.cpp-L1426)     Description:Delete one DataNode     Solution:Please confirm that there is a blocking operation when you grab frame
Warning 2025-11-15 19:21:12  DevID:MV-CA013-A0UC(J06720615)  Source-Line:libMvUsb3vTL.so(StreamProcess.cpp-L1426)     Description:Delete one DataNode     Solution:Please confirm that there is a blocking operation when you grab frame
Warning 2025-11-15 19:21:12  DevID:MV-CA013-A0UC(J06720615)  Source-Line:libMvUsb3vTL.so(StreamProcess.cpp-L1426)     Description:Delete one DataNode     Solution:Please confirm that there is a blocking operation when you grab frame
Warning 2025-11-15 19:21:12  DevID:MV-CA013-A0UC(J06720615)  Source-Line:libMvUsb3vTL.so(StreamProcess.cpp-L0844)     Description:[GetOneFrame] PreFrameNum[7465], CurFrameNum[7469]     Solution:
Warning 2025-11-15 19:21:12  DevID:MV-CA013-A0UC(J06720615)  Source-Line:libMvUsb3vTL.so(StreamProcess.cpp-L1426)     Description:Delete one DataNode     Solution:Please confirm that there is a blocking operation when you grab frame
Warning 2025-11-15 19:21:12  DevID:MV-CA013-A0UC(J06720615)  Source-Line:libMvUsb3vTL.so(StreamProcess.cpp-L1426)     Description:Delete one DataNode     Solution:Please confirm that there is a blocking operation when you grab frame
Warning 2025-11-15 19:21:12  DevID:MV-CA013-A0UC(J06720615)  Source-Line:libMvUsb3vTL.so(StreamProcess.cpp-L1426)     Description:Delete one DataNode     Solution:Please confirm that there is a blocking operation when you grab frame
Warning 2025-11-15 19:21:12  DevID:MV-CA013-A0UC(J06720615)  Source-Line:libMvUsb3vTL.so(StreamProcess.cpp-L0844)     Description:[GetOneFrame] PreFrameNum[7469], CurFrameNum[7473]     Solution:
Warning 2025-11-15 19:21:12  DevID:MV-CA013-A0UC(J06720615)  Source-Line:libMvUsb3vTL.so(StreamProcess.cpp-L1426)     Description:Delete one DataNode     Solution:Please confirm that there is a blocking operation when you grab frame
Warning 2025-11-15 19:21:12  DevID:MV-CA013-A0UC(J06720615)  Source-Line:libMvUsb3vTL.so(StreamProcess.cpp-L1426)     Description:Delete one DataNode     Solution:Please confirm that there is a blocking operation when you grab frame
Warning 2025-11-15 19:21:12  DevID:MV-CA013-A0UC(J06720615)  Source-Line:libMvUsb3vTL.so(StreamProcess.cpp-L1426)     Description:Delete one DataNode     Solution:Please confirm that there is a blocking operation when you grab frame
Warning 2025-11-15 19:21:12  DevID:MV-CA013-A0UC(J06720615)  Source-Line:libMvUsb3vTL.so(StreamProcess.cpp-L0844)     Description:[GetOneFrame] PreFrameNum[7473], CurFrameNum[7477]     Solution:
Warning 2025-11-15 19:21:12  DevID:MV-CA013-A0UC(J06720615)  Source-Line:libMvUsb3vTL.so(StreamProcess.cpp-L1426)     Description:Delete one DataNode     Solution:Please confirm that there is a blocking operation when you grab frame
Warning 2025-11-15 19:21:12  DevID:MV-CA013-A0UC(J06720615)  Source-Line:libMvUsb3vTL.so(StreamProcess.cpp-L1426)     Description:Delete one DataNode     Solution:Please confirm that there is a blocking operation when you grab frame
Warning 2025-11-15 19:21:12  DevID:MV-CA013-A0UC(J06720615)  Source-Line:libMvUsb3vTL.so(StreamProcess.cpp-L1426)     Description:Delete one DataNode     Solution:Please confirm that there is a blocking operation when you grab frame
Warning 2025-11-15 19:21:12  DevID:MV-CA013-A0UC(J06720615)  Source-Line:libMvUsb3vTL.so(StreamProcess.cpp-L0844)     Description:[GetOneFrame] PreFrameNum[7477], CurFrameNum[7481]     Solution:
Warning 2025-11-15 19:21:12  DevID:MV-CA013-A0UC(J06720615)  Source-Line:libMvUsb3vTL.so(StreamProcess.cpp-L1426)     Description:Delete one DataNode     Solution:Please confirm that there is a blocking operation when you grab frame
Warning 2025-11-15 19:21:12  DevID:MV-CA013-A0UC(J06720615)  Source-Line:libMvUsb3vTL.so(StreamProcess.cpp-L1426)     Description:Delete one DataNode     Solution:Please confirm that there is a blocking operation when you grab frame
Warning 2025-11-15 19:21:12  DevID:MV-CA013-A0UC(J06720615)  Source-Line:libMvUsb3vTL.so(StreamProcess.cpp-L1426)     Description:Delete one DataNode     Solution:Please confirm that there is a blocking operation when you grab frame
Warning 2025-11-15 19:21:12  DevID:MV-CA013-A0UC(J06720615)  Source-Line:libMvUsb3vTL.so(StreamProcess.cpp-L0844)     Description:[GetOneFrame] PreFrameNum[7481], CurFrameNum[7485]     Solution:
Warning 2025-11-15 19:21:12  DevID:MV-CA013-A0UC(J06720615)  Source-Line:libMvUsb3vTL.so(StreamProcess.cpp-L1426)     Description:Delete one DataNode     Solution:Please confirm that there is a blocking operation when you grab frame
Warning 2025-11-15 19:21:12  DevID:MV-CA013-A0UC(J06720615)  Source-Line:libMvUsb3vTL.so(StreamProcess.cpp-L1426)     Description:Delete one DataNode     Solution:Please confirm that there is a blocking operation when you grab frame
Warning 2025-11-15 19:21:12  DevID:MV-CA013-A0UC(J06720615)  Source-Line:libMvUsb3vTL.so(StreamProcess.cpp-L0844)     Description:[GetOneFrame] PreFrameNum[7485], CurFrameNum[7488]     Solution:
Warning 2025-11-15 19:21:12  DevID:MV-CA013-A0UC(J06720615)  Source-Line:libMvUsb3vTL.so(StreamProcess.cpp-L1426)     Description:Delete one DataNode     Solution:Please confirm that there is a blocking operation when you grab frame
Warning 2025-11-15 19:21:12  DevID:MV-CA013-A0UC(J06720615)  Source-Line:libMvUsb3vTL.so(StreamProcess.cpp-L1426)     Description:Delete one DataNode     Solution:Please confirm that there is a blocking operation when you grab frame
Warning 2025-11-15 19:21:12  DevID:MV-CA013-A0UC(J06720615)  Source-Line:libMvUsb3vTL.so(StreamProcess.cpp-L1426)     Description:Delete one DataNode     Solution:Please confirm that there is a blocking operation when you grab frame
Warning 2025-11-15 19:21:12  DevID:MV-CA013-A0UC(J06720615)  Source-Line:libMvUsb3vTL.so(StreamProcess.cpp-L0844)     Description:[GetOneFrame] PreFrameNum[7488], CurFrameNum[7492]     Solution:
Warning 2025-11-15 19:21:12  DevID:MV-CA013-A0UC(J06720615)  Source-Line:libMvUsb3vTL.so(StreamProcess.cpp-L1426)     Description:Delete one DataNode     Solution:Please confirm that there is a blocking operation when you grab frame
Warning 2025-11-15 19:21:12  DevID:MV-CA013-A0UC(J06720615)  Source-Line:libMvUsb3vTL.so(StreamProcess.cpp-L1426)     Description:Delete one DataNode     Solution:Please confirm that there is a blocking operation when you grab frame
Warning 2025-11-15 19:21:12  DevID:MV-CA013-A0UC(J06720615)  Source-Line:libMvUsb3vTL.so(StreamProcess.cpp-L1426)     Description:Delete one DataNode     Solution:Please confirm that there is a blocking operation when you grab frame
Warning 2025-11-15 19:21:12  DevID:MV-CA013-A0UC(J06720615)  Source-Line:libMvUsb3vTL.so(StreamProcess.cpp-L0844)     Description:[GetOneFrame] PreFrameNum[7492], CurFrameNum[7496]     Solution:
Warning 2025-11-15 19:21:12  DevID:MV-CA013-A0UC(J06720615)  Source-Line:libMvUsb3vTL.so(StreamProcess.cpp-L1426)     Description:Delete one DataNode     Solution:Please confirm that there is a blocking operation when you grab frame
Warning 2025-11-15 19:21:12  DevID:MV-CA013-A0UC(J06720615)  Source-Line:libMvUsb3vTL.so(StreamProcess.cpp-L1426)     Description:Delete one DataNode     Solution:Please confirm that there is a blocking operation when you grab frame
Warning 2025-11-15 19:21:12  DevID:MV-CA013-A0UC(J06720615)  Source-Line:libMvUsb3vTL.so(StreamProcess.cpp-L1426)     Description:Delete one DataNode     Solution:Please confirm that there is a blocking operation when you grab frame
Warning 2025-11-15 19:21:12  DevID:MV-CA013-A0UC(J06720615)  Source-Line:libMvUsb3vTL.so(StreamProcess.cpp-L0844)     Description:[GetOneFrame] PreFrameNum[7496], CurFrameNum[7500]     Solution:
Warning 2025-11-15 19:21:12  DevID:MV-CA013-A0UC(J06720615)  Source-Line:libMvUsb3vTL.so(StreamProcess.cpp-L1426)     Description:Delete one DataNode     Solution:Please confirm that there is a blocking operation when you grab frame
Warning 2025-11-15 19:21:12  DevID:MV-CA013-A0UC(J06720615)  Source-Line:libMvUsb3vTL.so(StreamProcess.cpp-L1426)     Description:Delete one DataNode     Solution:Please confirm that there is a blocking operation when you grab frame
Warning 2025-11-15 19:21:12  DevID:MV-CA013-A0UC(J06720615)  Source-Line:libMvUsb3vTL.so(StreamProcess.cpp-L1426)     Description:Delete one DataNode     Solution:Please confirm that there is a blocking operation when you grab frame
Warning 2025-11-15 19:21:12  DevID:MV-CA013-A0UC(J06720615)  Source-Line:libMvUsb3vTL.so(StreamProcess.cpp-L0844)     Description:[GetOneFrame] PreFrameNum[7500], CurFrameNum[7504]     Solution:
Warning 2025-11-15 19:21:12  DevID:MV-CA013-A0UC(J06720615)  Source-Line:libMvUsb3vTL.so(StreamProcess.cpp-L1426)     Description:Delete one DataNode     Solution:Please confirm that there is a blocking operation when you grab frame
Warning 2025-11-15 19:21:12  DevID:MV-CA013-A0UC(J06720615)  Source-Line:libMvUsb3vTL.so(StreamProcess.cpp-L1426)     Description:Delete one DataNode     Solution:Please confirm that there is a blocking operation when you grab frame
Error   2025-11-15 19:21:12  DevID:MV-CA013-A0UC(J06720615)  Source-Line:libMvUsb3vTL.so(DriverLayer.cpp-L0769)     Description:timesOut, num_iso_packets: ff     Solution:
Info    2025-11-15 19:21:12  DevID:MV-CA013-A0UC(J06720615)  Source-Line:libMvUsb3vTL.so(EventProcess.cpp-L0311)     Description:[Event]Read Async, Ret[0xff]     Solution:
Warning 2025-11-15 19:21:12  DevID:MV-CA013-A0UC(J06720615)  Source-Line:libMvUsb3vTL.so(StreamProcess.cpp-L1426)     Description:Delete one DataNode     Solution:Please confirm that there is a blocking operation when you grab frame
Warning 2025-11-15 19:21:12  DevID:MV-CA013-A0UC(J06720615)  Source-Line:libMvUsb3vTL.so(StreamProcess.cpp-L0844)     Description:[GetOneFrame] PreFrameNum[7504], CurFrameNum[7508]     Solution:
Warning 2025-11-15 19:21:12  DevID:MV-CA013-A0UC(J06720615)  Source-Line:libMvUsb3vTL.so(StreamProcess.cpp-L1426)     Description:Delete one DataNode     Solution:Please confirm that there is a blocking operation when you grab frame
Warning 2025-11-15 19:21:12  DevID:MV-CA013-A0UC(J06720615)  Source-Line:libMvUsb3vTL.so(StreamProcess.cpp-L1426)     Description:Delete one DataNode     Solution:Please confirm that there is a blocking operation when you grab frame
Warning 2025-11-15 19:21:12  DevID:MV-CA013-A0UC(J06720615)  Source-Line:libMvUsb3vTL.so(StreamProcess.cpp-L1426)     Description:Delete one DataNode     Solution:Please confirm that there is a blocking operation when you grab frame
Warning 2025-11-15 19:21:12  DevID:MV-CA013-A0UC(J06720615)  Source-Line:libMvUsb3vTL.so(StreamProcess.cpp-L0844)     Description:[GetOneFrame] PreFrameNum[7508], CurFrameNum[7512]     Solution:
Warning 2025-11-15 19:21:12  DevID:MV-CA013-A0UC(J06720615)  Source-Line:libMvUsb3vTL.so(StreamProcess.cpp-L1426)     Description:Delete one DataNode     Solution:Please confirm that there is a blocking operation when you grab frame
Warning 2025-11-15 19:21:12  DevID:MV-CA013-A0UC(J06720615)  Source-Line:libMvUsb3vTL.so(StreamProcess.cpp-L1426)     Description:Delete one DataNode     Solution:Please confirm that there is a blocking operation when you grab frame
Warning 2025-11-15 19:21:12  DevID:MV-CA013-A0UC(J06720615)  Source-Line:libMvUsb3vTL.so(StreamProcess.cpp-L1426)     Description:Delete one DataNode     Solution:Please confirm that there is a blocking operation when you grab frame
Warning 2025-11-15 19:21:12  DevID:MV-CA013-A0UC(J06720615)  Source-Line:libMvUsb3vTL.so(StreamProcess.cpp-L0844)     Description:[GetOneFrame] PreFrameNum[7512], CurFrameNum[7516]     Solution:
Warning 2025-11-15 19:21:12  DevID:MV-CA013-A0UC(J06720615)  Source-Line:libMvUsb3vTL.so(StreamProcess.cpp-L1426)     Description:Delete one DataNode     Solution:Please confirm that there is a blocking operation when you grab frame
Warning 2025-11-15 19:21:12  DevID:MV-CA013-A0UC(J06720615)  Source-Line:libMvUsb3vTL.so(StreamProcess.cpp-L1426)     Description:Delete one DataNode     Solution:Please confirm that there is a blocking operation when you grab frame
Warning 2025-11-15 19:21:12  DevID:MV-CA013-A0UC(J06720615)  Source-Line:libMvUsb3vTL.so(StreamProcess.cpp-L1426)     Description:Delete one DataNode     Solution:Please confirm that there is a blocking operation when you grab frame
Warning 2025-11-15 19:21:12  DevID:MV-CA013-A0UC(J06720615)  Source-Line:libMvUsb3vTL.so(StreamProcess.cpp-L0844)     Description:[GetOneFrame] PreFrameNum[7516], CurFrameNum[7520]     Solution:
Warning 2025-11-15 19:21:12  DevID:MV-CA013-A0UC(J06720615)  Source-Line:libMvUsb3vTL.so(StreamProcess.cpp-L1426)     Description:Delete one DataNode     Solution:Please confirm that there is a blocking operation when you grab frame
Warning 2025-11-15 19:21:12  DevID:MV-CA013-A0UC(J06720615)  Source-Line:libMvUsb3vTL.so(StreamProcess.cpp-L1426)     Description:Delete one DataNode     Solution:Please confirm that there is a blocking operation when you grab frame
Warning 2025-11-15 19:21:12  DevID:MV-CA013-A0UC(J06720615)  Source-Line:libMvUsb3vTL.so(StreamProcess.cpp-L0844)     Description:[GetOneFrame] PreFrameNum[7520], CurFrameNum[7523]     Solution:
Warning 2025-11-15 19:21:12  DevID:MV-CA013-A0UC(J06720615)  Source-Line:libMvUsb3vTL.so(StreamProcess.cpp-L1426)     Description:Delete one DataNode     Solution:Please confirm that there is a blocking operation when you grab frame
Warning 2025-11-15 19:21:12  DevID:MV-CA013-A0UC(J06720615)  Source-Line:libMvUsb3vTL.so(StreamProcess.cpp-L1426)     Description:Delete one DataNode     Solution:Please confirm that there is a blocking operation when you grab frame
Warning 2025-11-15 19:21:12  DevID:MV-CA013-A0UC(J06720615)  Source-Line:libMvUsb3vTL.so(StreamProcess.cpp-L1426)     Description:Delete one DataNode     Solution:Please confirm that there is a blocking operation when you grab frame
Warning 2025-11-15 19:21:12  DevID:MV-CA013-A0UC(J06720615)  Source-Line:libMvUsb3vTL.so(StreamProcess.cpp-L0844)     Description:[GetOneFrame] PreFrameNum[7523], CurFrameNum[7527]     Solution:
Warning 2025-11-15 19:21:12  DevID:MV-CA013-A0UC(J06720615)  Source-Line:libMvUsb3vTL.so(StreamProcess.cpp-L1426)     Description:Delete one DataNode     Solution:Please confirm that there is a blocking operation when you grab frame
Warning 2025-11-15 19:21:12  DevID:MV-CA013-A0UC(J06720615)  Source-Line:libMvUsb3vTL.so(StreamProcess.cpp-L1426)     Description:Delete one DataNode     Solution:Please confirm that there is a blocking operation when you grab frame
Warning 2025-11-15 19:21:12  DevID:MV-CA013-A0UC(J06720615)  Source-Line:libMvUsb3vTL.so(StreamProcess.cpp-L1426)     Description:Delete one DataNode     Solution:Please confirm that there is a blocking operation when you grab frame
Warning 2025-11-15 19:21:12  DevID:MV-CA013-A0UC(J06720615)  Source-Line:libMvUsb3vTL.so(StreamProcess.cpp-L0844)     Description:[GetOneFrame] PreFrameNum[7527], CurFrameNum[7531]     Solution:
Warning 2025-11-15 19:21:12  DevID:MV-CA013-A0UC(J06720615)  Source-Line:libMvUsb3vTL.so(StreamProcess.cpp-L1426)     Description:Delete one DataNode     Solution:Please confirm that there is a blocking operation when you grab frame
Warning 2025-11-15 19:21:12  DevID:MV-CA013-A0UC(J06720615)  Source-Line:libMvUsb3vTL.so(StreamProcess.cpp-L1426)     Description:Delete one DataNode     Solution:Please confirm that there is a blocking operation when you grab frame
Warning 2025-11-15 19:21:12  DevID:MV-CA013-A0UC(J06720615)  Source-Line:libMvUsb3vTL.so(StreamProcess.cpp-L1426)     Description:Delete one DataNode     Solution:Please confirm that there is a blocking operation when you grab frame
Warning 2025-11-15 19:21:12  DevID:MV-CA013-A0UC(J06720615)  Source-Line:libMvUsb3vTL.so(StreamProcess.cpp-L0844)     Description:[GetOneFrame] PreFrameNum[7531], CurFrameNum[7535]     Solution:
Warning 2025-11-15 19:21:12  DevID:MV-CA013-A0UC(J06720615)  Source-Line:libMvUsb3vTL.so(StreamProcess.cpp-L1426)     Description:Delete one DataNode     Solution:Please confirm that there is a blocking operation when you grab frame
Warning 2025-11-15 19:21:12  DevID:MV-CA013-A0UC(J06720615)  Source-Line:libMvUsb3vTL.so(StreamProcess.cpp-L1426)     Description:Delete one DataNode     Solution:Please confirm that there is a blocking operation when you grab frame
Warning 2025-11-15 19:21:12  DevID:MV-CA013-A0UC(J06720615)  Source-Line:libMvUsb3vTL.so(StreamProcess.cpp-L1426)     Description:Delete one DataNode     Solution:Please confirm that there is a blocking operation when you grab frame
Warning 2025-11-15 19:21:12  DevID:MV-CA013-A0UC(J06720615)  Source-Line:libMvUsb3vTL.so(StreamProcess.cpp-L0844)     Description:[GetOneFrame] PreFrameNum[7535], CurFrameNum[7539]     Solution:
Warning 2025-11-15 19:21:12  DevID:MV-CA013-A0UC(J06720615)  Source-Line:libMvUsb3vTL.so(StreamProcess.cpp-L1426)     Description:Delete one DataNode     Solution:Please confirm that there is a blocking operation when you grab frame
Warning 2025-11-15 19:21:12  DevID:MV-CA013-A0UC(J06720615)  Source-Line:libMvUsb3vTL.so(StreamProcess.cpp-L1426)     Description:Delete one DataNode     Solution:Please confirm that there is a blocking operation when you grab frame
Warning 2025-11-15 19:21:12  DevID:MV-CA013-A0UC(J06720615)  Source-Line:libMvUsb3vTL.so(StreamProcess.cpp-L1426)     Description:Delete one DataNode     Solution:Please confirm that there is a blocking operation when you grab frame
Warning 2025-11-15 19:21:12  DevID:MV-CA013-A0UC(J06720615)  Source-Line:libMvUsb3vTL.so(StreamProcess.cpp-L0844)     Description:[GetOneFrame] PreFrameNum[7539], CurFrameNum[7543]     Solution:
Warning 2025-11-15 19:21:12  DevID:MV-CA013-A0UC(J06720615)  Source-Line:libMvUsb3vTL.so(StreamProcess.cpp-L1426)     Description:Delete one DataNode     Solution:Please confirm that there is a blocking operation when you grab frame
Warning 2025-11-15 19:21:12  DevID:MV-CA013-A0UC(J06720615)  Source-Line:libMvUsb3vTL.so(StreamProcess.cpp-L1426)     Description:Delete one DataNode     Solution:Please confirm that there is a blocking operation when you grab frame
Warning 2025-11-15 19:21:12  DevID:MV-CA013-A0UC(J06720615)  Source-Line:libMvUsb3vTL.so(StreamProcess.cpp-L1426)     Description:Delete one DataNode     Solution:Please confirm that there is a blocking operation when you grab frame
Warning 2025-11-15 19:21:12  DevID:MV-CA013-A0UC(J06720615)  Source-Line:libMvUsb3vTL.so(StreamProcess.cpp-L0844)     Description:[GetOneFrame] PreFrameNum[7543], CurFrameNum[7547]     Solution:
Warning 2025-11-15 19:21:12  DevID:MV-CA013-A0UC(J06720615)  Source-Line:libMvUsb3vTL.so(StreamProcess.cpp-L1426)     Description:Delete one DataNode     Solution:Please confirm that there is a blocking operation when you grab frame
Warning 2025-11-15 19:21:12  DevID:MV-CA013-A0UC(J06720615)  Source-Line:libMvUsb3vTL.so(StreamProcess.cpp-L1426)     Description:Delete one DataNode     Solution:Please confirm that there is a blocking operation when you grab frame
Warning 2025-11-15 19:21:12  DevID:MV-CA013-A0UC(J06720615)  Source-Line:libMvUsb3vTL.so(StreamProcess.cpp-L1426)     Description:Delete one DataNode     Solution:Please confirm that there is a blocking operation when you grab frame
Warning 2025-11-15 19:21:12  DevID:MV-CA013-A0UC(J06720615)  Source-Line:libMvUsb3vTL.so(StreamProcess.cpp-L0844)     Description:[GetOneFrame] PreFrameNum[7547], CurFrameNum[7551]     Solution:
Warning 2025-11-15 19:21:12  DevID:MV-CA013-A0UC(J06720615)  Source-Line:libMvUsb3vTL.so(StreamProcess.cpp-L1426)     Description:Delete one DataNode     Solution:Please confirm that there is a blocking operation when you grab frame
Warning 2025-11-15 19:21:12  DevID:MV-CA013-A0UC(J06720615)  Source-Line:libMvUsb3vTL.so(StreamProcess.cpp-L1426)     Description:Delete one DataNode     Solution:Please confirm that there is a blocking operation when you grab frame
Warning 2025-11-15 19:21:12  DevID:MV-CA013-A0UC(J06720615)  Source-Line:libMvUsb3vTL.so(StreamProcess.cpp-L1426)     Description:Delete one DataNode     Solution:Please confirm that there is a blocking operation when you grab frame
Warning 2025-11-15 19:21:12  DevID:MV-CA013-A0UC(J06720615)  Source-Line:libMvUsb3vTL.so(StreamProcess.cpp-L0844)     Description:[GetOneFrame] PreFrameNum[7551], CurFrameNum[7555]     Solution:
Warning 2025-11-15 19:21:12  DevID:MV-CA013-A0UC(J06720615)  Source-Line:libMvUsb3vTL.so(StreamProcess.cpp-L1426)     Description:Delete one DataNode     Solution:Please confirm that there is a blocking operation when you grab frame
Warning 2025-11-15 19:21:12  DevID:MV-CA013-A0UC(J06720615)  Source-Line:libMvUsb3vTL.so(StreamProcess.cpp-L1426)     Description:Delete one DataNode     Solution:Please confirm that there is a blocking operation when you grab frame
Warning 2025-11-15 19:21:12  DevID:MV-CA013-A0UC(J06720615)  Source-Line:libMvUsb3vTL.so(StreamProcess.cpp-L1426)     Description:Delete one DataNode     Solution:Please confirm that there is a blocking operation when you grab frame
Warning 2025-11-15 19:21:12  DevID:MV-CA013-A0UC(J06720615)  Source-Line:libMvUsb3vTL.so(StreamProcess.cpp-L0844)     Description:[GetOneFrame] PreFrameNum[7555], CurFrameNum[7559]     Solution:
Warning 2025-11-15 19:21:12  DevID:MV-CA013-A0UC(J06720615)  Source-Line:libMvUsb3vTL.so(StreamProcess.cpp-L1426)     Description:Delete one DataNode     Solution:Please confirm that there is a blocking operation when you grab frame
Warning 2025-11-15 19:21:12  DevID:MV-CA013-A0UC(J06720615)  Source-Line:libMvUsb3vTL.so(StreamProcess.cpp-L1426)     Description:Delete one DataNode     Solution:Please confirm that there is a blocking operation when you grab frame
Warning 2025-11-15 19:21:12  DevID:MV-CA013-A0UC(J06720615)  Source-Line:libMvUsb3vTL.so(StreamProcess.cpp-L1426)     Description:Delete one DataNode     Solution:Please confirm that there is a blocking operation when you grab frame
Warning 2025-11-15 19:21:12  DevID:MV-CA013-A0UC(J06720615)  Source-Line:libMvUsb3vTL.so(StreamProcess.cpp-L0844)     Description:[GetOneFrame] PreFrameNum[7559], CurFrameNum[7563]     Solution:
Warning 2025-11-15 19:21:12  DevID:MV-CA013-A0UC(J06720615)  Source-Line:libMvUsb3vTL.so(StreamProcess.cpp-L1426)     Description:Delete one DataNode     Solution:Please confirm that there is a blocking operation when you grab frame
Warning 2025-11-15 19:21:12  DevID:MV-CA013-A0UC(J06720615)  Source-Line:libMvUsb3vTL.so(StreamProcess.cpp-L1426)     Description:Delete one DataNode     Solution:Please confirm that there is a blocking operation when you grab frame
Warning 2025-11-15 19:21:12  DevID:MV-CA013-A0UC(J06720615)  Source-Line:libMvUsb3vTL.so(StreamProcess.cpp-L1426)     Description:Delete one DataNode     Solution:Please confirm that there is a blocking operation when you grab frame
Warning 2025-11-15 19:21:12  DevID:MV-CA013-A0UC(J06720615)  Source-Line:libMvUsb3vTL.so(StreamProcess.cpp-L0844)     Description:[GetOneFrame] PreFrameNum[7563], CurFrameNum[7567]     Solution:
Warning 2025-11-15 19:21:12  DevID:MV-CA013-A0UC(J06720615)  Source-Line:libMvUsb3vTL.so(StreamProcess.cpp-L1426)     Description:Delete one DataNode     Solution:Please confirm that there is a blocking operation when you grab frame
Warning 2025-11-15 19:21:12  DevID:MV-CA013-A0UC(J06720615)  Source-Line:libMvUsb3vTL.so(StreamProcess.cpp-L1426)     Description:Delete one DataNode     Solution:Please confirm that there is a blocking operation when you grab frame
Warning 2025-11-15 19:21:12  DevID:MV-CA013-A0UC(J06720615)  Source-Line:libMvUsb3vTL.so(StreamProcess.cpp-L1426)     Description:Delete one DataNode     Solution:Please confirm that there is a blocking operation when you grab frame
Warning 2025-11-15 19:21:12  DevID:MV-CA013-A0UC(J06720615)  Source-Line:libMvUsb3vTL.so(StreamProcess.cpp-L0844)     Description:[GetOneFrame] PreFrameNum[7567], CurFrameNum[7571]     Solution:
Warning 2025-11-15 19:21:12  DevID:MV-CA013-A0UC(J06720615)  Source-Line:libMvUsb3vTL.so(StreamProcess.cpp-L1426)     Description:Delete one DataNode     Solution:Please confirm that there is a blocking operation when you grab frame
Warning 2025-11-15 19:21:12  DevID:MV-CA013-A0UC(J06720615)  Source-Line:libMvUsb3vTL.so(StreamProcess.cpp-L1426)     Description:Delete one DataNode     Solution:Please confirm that there is a blocking operation when you grab frame
Warning 2025-11-15 19:21:12  DevID:MV-CA013-A0UC(J06720615)  Source-Line:libMvUsb3vTL.so(StreamProcess.cpp-L1426)     Description:Delete one DataNode     Solution:Please confirm that there is a blocking operation when you grab frame
Warning 2025-11-15 19:21:12  DevID:MV-CA013-A0UC(J06720615)  Source-Line:libMvUsb3vTL.so(StreamProcess.cpp-L0844)     Description:[GetOneFrame] PreFrameNum[7571], CurFrameNum[7575]     Solution:
Warning 2025-11-15 19:21:12  DevID:MV-CA013-A0UC(J06720615)  Source-Line:libMvUsb3vTL.so(StreamProcess.cpp-L1426)     Description:Delete one DataNode     Solution:Please confirm that there is a blocking operation when you grab frame
Warning 2025-11-15 19:21:12  DevID:MV-CA013-A0UC(J06720615)  Source-Line:libMvUsb3vTL.so(StreamProcess.cpp-L1426)     Description:Delete one DataNode     Solution:Please confirm that there is a blocking operation when you grab frame
Warning 2025-11-15 19:21:12  DevID:MV-CA013-A0UC(J06720615)  Source-Line:libMvUsb3vTL.so(StreamProcess.cpp-L1426)     Description:Delete one DataNode     Solution:Please confirm that there is a blocking operation when you grab frame
Warning 2025-11-15 19:21:12  DevID:MV-CA013-A0UC(J06720615)  Source-Line:libMvUsb3vTL.so(StreamProcess.cpp-L0844)     Description:[GetOneFrame] PreFrameNum[7575], CurFrameNum[7579]     Solution:
Warning 2025-11-15 19:21:12  DevID:MV-CA013-A0UC(J06720615)  Source-Line:libMvUsb3vTL.so(StreamProcess.cpp-L1426)     Description:Delete one DataNode     Solution:Please confirm that there is a blocking operation when you grab frame
Warning 2025-11-15 19:21:12  DevID:MV-CA013-A0UC(J06720615)  Source-Line:libMvUsb3vTL.so(StreamProcess.cpp-L1426)     Description:Delete one DataNode     Solution:Please confirm that there is a blocking operation when you grab frame
Warning 2025-11-15 19:21:12  DevID:MV-CA013-A0UC(J06720615)  Source-Line:libMvUsb3vTL.so(StreamProcess.cpp-L1426)     Description:Delete one DataNode     Solution:Please confirm that there is a blocking operation when you grab frame
Warning 2025-11-15 19:21:12  DevID:MV-CA013-A0UC(J06720615)  Source-Line:libMvUsb3vTL.so(StreamProcess.cpp-L0844)     Description:[GetOneFrame] PreFrameNum[7579], CurFrameNum[7583]     Solution:
Warning 2025-11-15 19:21:12  DevID:MV-CA013-A0UC(J06720615)  Source-Line:libMvUsb3vTL.so(StreamProcess.cpp-L1426)     Description:Delete one DataNode     Solution:Please confirm that there is a blocking operation when you grab frame
Warning 2025-11-15 19:21:12  DevID:MV-CA013-A0UC(J06720615)  Source-Line:libMvUsb3vTL.so(StreamProcess.cpp-L1426)     Description:Delete one DataNode     Solution:Please confirm that there is a blocking operation when you grab frame
Warning 2025-11-15 19:21:12  DevID:MV-CA013-A0UC(J06720615)  Source-Line:libMvUsb3vTL.so(StreamProcess.cpp-L1426)     Description:Delete one DataNode     Solution:Please confirm that there is a blocking operation when you grab frame
Warning 2025-11-15 19:21:12  DevID:MV-CA013-A0UC(J06720615)  Source-Line:libMvUsb3vTL.so(StreamProcess.cpp-L0844)     Description:[GetOneFrame] PreFrameNum[7583], CurFrameNum[7587]     Solution:
Warning 2025-11-15 19:21:12  DevID:MV-CA013-A0UC(J06720615)  Source-Line:libMvUsb3vTL.so(StreamProcess.cpp-L1426)     Description:Delete one DataNode     Solution:Please confirm that there is a blocking operation when you grab frame
Warning 2025-11-15 19:21:12  DevID:MV-CA013-A0UC(J06720615)  Source-Line:libMvUsb3vTL.so(StreamProcess.cpp-L1426)     Description:Delete one DataNode     Solution:Please confirm that there is a blocking operation when you grab frame
Warning 2025-11-15 19:21:12  DevID:MV-CA013-A0UC(J06720615)  Source-Line:libMvUsb3vTL.so(StreamProcess.cpp-L1426)     Description:Delete one DataNode     Solution:Please confirm that there is a blocking operation when you grab frame
Warning 2025-11-15 19:21:12  DevID:MV-CA013-A0UC(J06720615)  Source-Line:libMvUsb3vTL.so(StreamProcess.cpp-L0844)     Description:[GetOneFrame] PreFrameNum[7587], CurFrameNum[7591]     Solution:
Warning 2025-11-15 19:21:12  DevID:MV-CA013-A0UC(J06720615)  Source-Line:libMvUsb3vTL.so(StreamProcess.cpp-L1426)     Description:Delete one DataNode     Solution:Please confirm that there is a blocking operation when you grab frame
Warning 2025-11-15 19:21:12  DevID:MV-CA013-A0UC(J06720615)  Source-Line:libMvUsb3vTL.so(StreamProcess.cpp-L1426)     Description:Delete one DataNode     Solution:Please confirm that there is a blocking operation when you grab frame
Warning 2025-11-15 19:21:12  DevID:MV-CA013-A0UC(J06720615)  Source-Line:libMvUsb3vTL.so(StreamProcess.cpp-L1426)     Description:Delete one DataNode     Solution:Please confirm that there is a blocking operation when you grab frame
Warning 2025-11-15 19:21:12  DevID:MV-CA013-A0UC(J06720615)  Source-Line:libMvUsb3vTL.so(StreamProcess.cpp-L0844)     Description:[GetOneFrame] PreFrameNum[7591], CurFrameNum[7595]     Solution:
Warning 2025-11-15 19:21:12  DevID:MV-CA013-A0UC(J06720615)  Source-Line:libMvUsb3vTL.so(StreamProcess.cpp-L1426)     Description:Delete one DataNode     Solution:Please confirm that there is a blocking operation when you grab frame
Warning 2025-11-15 19:21:12  DevID:MV-CA013-A0UC(J06720615)  Source-Line:libMvUsb3vTL.so(StreamProcess.cpp-L1426)     Description:Delete one DataNode     Solution:Please confirm that there is a blocking operation when you grab frame
Warning 2025-11-15 19:21:12  DevID:MV-CA013-A0UC(J06720615)  Source-Line:libMvUsb3vTL.so(StreamProcess.cpp-L1426)     Description:Delete one DataNode     Solution:Please confirm that there is a blocking operation when you grab frame
Warning 2025-11-15 19:21:12  DevID:MV-CA013-A0UC(J06720615)  Source-Line:libMvUsb3vTL.so(StreamProcess.cpp-L0844)     Description:[GetOneFrame] PreFrameNum[7595], CurFrameNum[7599]     Solution:
Warning 2025-11-15 19:21:12  DevID:MV-CA013-A0UC(J06720615)  Source-Line:libMvUsb3vTL.so(StreamProcess.cpp-L1426)     Description:Delete one DataNode     Solution:Please confirm that there is a blocking operation when you grab frame
Warning 2025-11-15 19:21:12  DevID:MV-CA013-A0UC(J06720615)  Source-Line:libMvUsb3vTL.so(StreamProcess.cpp-L1426)     Description:Delete one DataNode     Solution:Please confirm that there is a blocking operation when you grab frame
Warning 2025-11-15 19:21:12  DevID:MV-CA013-A0UC(J06720615)  Source-Line:libMvUsb3vTL.so(StreamProcess.cpp-L1426)     Description:Delete one DataNode     Solution:Please confirm that there is a blocking operation when you grab frame
Warning 2025-11-15 19:21:12  DevID:MV-CA013-A0UC(J06720615)  Source-Line:libMvUsb3vTL.so(StreamProcess.cpp-L0844)     Description:[GetOneFrame] PreFrameNum[7599], CurFrameNum[7603]     Solution:
Warning 2025-11-15 19:21:12  DevID:MV-CA013-A0UC(J06720615)  Source-Line:libMvUsb3vTL.so(StreamProcess.cpp-L1426)     Description:Delete one DataNode     Solution:Please confirm that there is a blocking operation when you grab frame
Warning 2025-11-15 19:21:12  DevID:MV-CA013-A0UC(J06720615)  Source-Line:libMvUsb3vTL.so(StreamProcess.cpp-L1426)     Description:Delete one DataNode     Solution:Please confirm that there is a blocking operation when you grab frame
Warning 2025-11-15 19:21:12  DevID:MV-CA013-A0UC(J06720615)  Source-Line:libMvUsb3vTL.so(StreamProcess.cpp-L1426)     Description:Delete one DataNode     Solution:Please confirm that there is a blocking operation when you grab frame
Warning 2025-11-15 19:21:12  DevID:MV-CA013-A0UC(J06720615)  Source-Line:libMvUsb3vTL.so(StreamProcess.cpp-L0844)     Description:[GetOneFrame] PreFrameNum[7603], CurFrameNum[7607]     Solution:
Warning 2025-11-15 19:21:12  DevID:MV-CA013-A0UC(J06720615)  Source-Line:libMvUsb3vTL.so(StreamProcess.cpp-L1426)     Description:Delete one DataNode     Solution:Please confirm that there is a blocking operation when you grab frame
Warning 2025-11-15 19:21:12  DevID:MV-CA013-A0UC(J06720615)  Source-Line:libMvUsb3vTL.so(StreamProcess.cpp-L1426)     Description:Delete one DataNode     Solution:Please confirm that there is a blocking operation when you grab frame
Warning 2025-11-15 19:21:12  DevID:MV-CA013-A0UC(J06720615)  Source-Line:libMvUsb3vTL.so(StreamProcess.cpp-L1426)     Description:Delete one DataNode     Solution:Please confirm that there is a blocking operation when you grab frame
Warning 2025-11-15 19:21:12  DevID:MV-CA013-A0UC(J06720615)  Source-Line:libMvUsb3vTL.so(StreamProcess.cpp-L0844)     Description:[GetOneFrame] PreFrameNum[7607], CurFrameNum[7611]     Solution:
Warning 2025-11-15 19:21:12  DevID:MV-CA013-A0UC(J06720615)  Source-Line:libMvUsb3vTL.so(StreamProcess.cpp-L1426)     Description:Delete one DataNode     Solution:Please confirm that there is a blocking operation when you grab frame
Warning 2025-11-15 19:21:12  DevID:MV-CA013-A0UC(J06720615)  Source-Line:libMvUsb3vTL.so(StreamProcess.cpp-L1426)     Description:Delete one DataNode     Solution:Please confirm that there is a blocking operation when you grab frame
Warning 2025-11-15 19:21:12  DevID:MV-CA013-A0UC(J06720615)  Source-Line:libMvUsb3vTL.so(StreamProcess.cpp-L1426)     Description:Delete one DataNode     Solution:Please confirm that there is a blocking operation when you grab frame
Warning 2025-11-15 19:21:12  DevID:MV-CA013-A0UC(J06720615)  Source-Line:libMvUsb3vTL.so(StreamProcess.cpp-L0844)     Description:[GetOneFrame] PreFrameNum[7611], CurFrameNum[7615]     Solution:
Warning 2025-11-15 19:21:12  DevID:MV-CA013-A0UC(J06720615)  Source-Line:libMvUsb3vTL.so(StreamProcess.cpp-L1426)     Description:Delete one DataNode     Solution:Please confirm that there is a blocking operation when you grab frame
Warning 2025-11-15 19:21:12  DevID:MV-CA013-A0UC(J06720615)  Source-Line:libMvUsb3vTL.so(StreamProcess.cpp-L1426)     Description:Delete one DataNode     Solution:Please confirm that there is a blocking operation when you grab frame
Warning 2025-11-15 19:21:12  DevID:MV-CA013-A0UC(J06720615)  Source-Line:libMvUsb3vTL.so(StreamProcess.cpp-L1426)     Description:Delete one DataNode     Solution:Please confirm that there is a blocking operation when you grab frame
Warning 2025-11-15 19:21:12  DevID:MV-CA013-A0UC(J06720615)  Source-Line:libMvUsb3vTL.so(StreamProcess.cpp-L0844)     Description:[GetOneFrame] PreFrameNum[7615], CurFrameNum[7619]     Solution:
Warning 2025-11-15 19:21:12  DevID:MV-CA013-A0UC(J06720615)  Source-Line:libMvUsb3vTL.so(StreamProcess.cpp-L1426)     Description:Delete one DataNode     Solution:Please confirm that there is a blocking operation when you grab frame
Warning 2025-11-15 19:21:12  DevID:MV-CA013-A0UC(J06720615)  Source-Line:libMvUsb3vTL.so(StreamProcess.cpp-L1426)     Description:Delete one DataNode     Solution:Please confirm that there is a blocking operation when you grab frame
Warning 2025-11-15 19:21:12  DevID:MV-CA013-A0UC(J06720615)  Source-Line:libMvUsb3vTL.so(StreamProcess.cpp-L1426)     Description:Delete one DataNode     Solution:Please confirm that there is a blocking operation when you grab frame
Warning 2025-11-15 19:21:12  DevID:MV-CA013-A0UC(J06720615)  Source-Line:libMvUsb3vTL.so(StreamProcess.cpp-L0844)     Description:[GetOneFrame] PreFrameNum[7619], CurFrameNum[7623]     Solution:
Warning 2025-11-15 19:21:12  DevID:MV-CA013-A0UC(J06720615)  Source-Line:libMvUsb3vTL.so(StreamProcess.cpp-L1426)     Description:Delete one DataNode     Solution:Please confirm that there is a blocking operation when you grab frame
Warning 2025-11-15 19:21:12  DevID:MV-CA013-A0UC(J06720615)  Source-Line:libMvUsb3vTL.so(StreamProcess.cpp-L1426)     Description:Delete one DataNode     Solution:Please confirm that there is a blocking operation when you grab frame
Warning 2025-11-15 19:21:12  DevID:MV-CA013-A0UC(J06720615)  Source-Line:libMvUsb3vTL.so(StreamProcess.cpp-L1426)     Description:Delete one DataNode     Solution:Please confirm that there is a blocking operation when you grab frame
Warning 2025-11-15 19:21:12  DevID:MV-CA013-A0UC(J06720615)  Source-Line:libMvUsb3vTL.so(StreamProcess.cpp-L0844)     Description:[GetOneFrame] PreFrameNum[7623], CurFrameNum[7627]     Solution:
Warning 2025-11-15 19:21:12  DevID:MV-CA013-A0UC(J06720615)  Source-Line:libMvUsb3vTL.so(StreamProcess.cpp-L1426)     Description:Delete one DataNode     Solution:Please confirm that there is a blocking operation when you grab frame
Warning 2025-11-15 19:21:12  DevID:MV-CA013-A0UC(J06720615)  Source-Line:libMvUsb3vTL.so(StreamProcess.cpp-L1426)     Description:Delete one DataNode     Solution:Please confirm that there is a blocking operation when you grab frame
Warning 2025-11-15 19:21:12  DevID:MV-CA013-A0UC(J06720615)  Source-Line:libMvUsb3vTL.so(StreamProcess.cpp-L1426)     Description:Delete one DataNode     Solution:Please confirm that there is a blocking operation when you grab frame
Warning 2025-11-15 19:21:12  DevID:MV-CA013-A0UC(J06720615)  Source-Line:libMvUsb3vTL.so(StreamProcess.cpp-L0844)     Description:[GetOneFrame] PreFrameNum[7627], CurFrameNum[7631]     Solution:
Warning 2025-11-15 19:21:12  DevID:MV-CA013-A0UC(J06720615)  Source-Line:libMvUsb3vTL.so(StreamProcess.cpp-L1426)     Description:Delete one DataNode     Solution:Please confirm that there is a blocking operation when you grab frame
Warning 2025-11-15 19:21:12  DevID:MV-CA013-A0UC(J06720615)  Source-Line:libMvUsb3vTL.so(StreamProcess.cpp-L1426)     Description:Delete one DataNode     Solution:Please confirm that there is a blocking operation when you grab frame
Warning 2025-11-15 19:21:12  DevID:MV-CA013-A0UC(J06720615)  Source-Line:libMvUsb3vTL.so(StreamProcess.cpp-L1426)     Description:Delete one DataNode     Solution:Please confirm that there is a blocking operation when you grab frame
Warning 2025-11-15 19:21:12  DevID:MV-CA013-A0UC(J06720615)  Source-Line:libMvUsb3vTL.so(StreamProcess.cpp-L0844)     Description:[GetOneFrame] PreFrameNum[7631], CurFrameNum[7635]     Solution:
Warning 2025-11-15 19:21:12  DevID:MV-CA013-A0UC(J06720615)  Source-Line:libMvUsb3vTL.so(StreamProcess.cpp-L1426)     Description:Delete one DataNode     Solution:Please confirm that there is a blocking operation when you grab frame
Warning 2025-11-15 19:21:12  DevID:MV-CA013-A0UC(J06720615)  Source-Line:libMvUsb3vTL.so(StreamProcess.cpp-L1426)     Description:Delete one DataNode     Solution:Please confirm that there is a blocking operation when you grab frame
Warning 2025-11-15 19:21:12  DevID:MV-CA013-A0UC(J06720615)  Source-Line:libMvUsb3vTL.so(StreamProcess.cpp-L1426)     Description:Delete one DataNode     Solution:Please confirm that there is a blocking operation when you grab frame
Warning 2025-11-15 19:21:12  DevID:MV-CA013-A0UC(J06720615)  Source-Line:libMvUsb3vTL.so(StreamProcess.cpp-L0844)     Description:[GetOneFrame] PreFrameNum[7635], CurFrameNum[7639]     Solution:
Warning 2025-11-15 19:21:12  DevID:MV-CA013-A0UC(J06720615)  Source-Line:libMvUsb3vTL.so(StreamProcess.cpp-L1426)     Description:Delete one DataNode     Solution:Please confirm that there is a blocking operation when you grab frame
Warning 2025-11-15 19:21:12  DevID:MV-CA013-A0UC(J06720615)  Source-Line:libMvUsb3vTL.so(StreamProcess.cpp-L1426)     Description:Delete one DataNode     Solution:Please confirm that there is a blocking operation when you grab frame
Warning 2025-11-15 19:21:12  DevID:MV-CA013-A0UC(J06720615)  Source-Line:libMvUsb3vTL.so(StreamProcess.cpp-L1426)     Description:Delete one DataNode     Solution:Please confirm that there is a blocking operation when you grab frame
Warning 2025-11-15 19:21:12  DevID:MV-CA013-A0UC(J06720615)  Source-Line:libMvUsb3vTL.so(StreamProcess.cpp-L0844)     Description:[GetOneFrame] PreFrameNum[7639], CurFrameNum[7643]     Solution:
Warning 2025-11-15 19:21:12  DevID:MV-CA013-A0UC(J06720615)  Source-Line:libMvUsb3vTL.so(StreamProcess.cpp-L1426)     Description:Delete one DataNode     Solution:Please confirm that there is a blocking operation when you grab frame
Warning 2025-11-15 19:21:12  DevID:MV-CA013-A0UC(J06720615)  Source-Line:libMvUsb3vTL.so(StreamProcess.cpp-L1426)     Description:Delete one DataNode     Solution:Please confirm that there is a blocking operation when you grab frame
Warning 2025-11-15 19:21:12  DevID:MV-CA013-A0UC(J06720615)  Source-Line:libMvUsb3vTL.so(StreamProcess.cpp-L1426)     Description:Delete one DataNode     Solution:Please confirm that there is a blocking operation when you grab frame
Warning 2025-11-15 19:21:12  DevID:MV-CA013-A0UC(J06720615)  Source-Line:libMvUsb3vTL.so(StreamProcess.cpp-L0844)     Description:[GetOneFrame] PreFrameNum[7643], CurFrameNum[7647]     Solution:
Warning 2025-11-15 19:21:12  DevID:MV-CA013-A0UC(J06720615)  Source-Line:libMvUsb3vTL.so(StreamProcess.cpp-L1426)     Description:Delete one DataNode     Solution:Please confirm that there is a blocking operation when you grab frame
Warning 2025-11-15 19:21:12  DevID:MV-CA013-A0UC(J06720615)  Source-Line:libMvUsb3vTL.so(StreamProcess.cpp-L1426)     Description:Delete one DataNode     Solution:Please confirm that there is a blocking operation when you grab frame
Warning 2025-11-15 19:21:12  DevID:MV-CA013-A0UC(J06720615)  Source-Line:libMvUsb3vTL.so(StreamProcess.cpp-L1426)     Description:Delete one DataNode     Solution:Please confirm that there is a blocking operation when you grab frame
Warning 2025-11-15 19:21:12  DevID:MV-CA013-A0UC(J06720615)  Source-Line:libMvUsb3vTL.so(StreamProcess.cpp-L0844)     Description:[GetOneFrame] PreFrameNum[7647], CurFrameNum[7651]     Solution:
Warning 2025-11-15 19:21:12  DevID:MV-CA013-A0UC(J06720615)  Source-Line:libMvUsb3vTL.so(StreamProcess.cpp-L1426)     Description:Delete one DataNode     Solution:Please confirm that there is a blocking operation when you grab frame
Warning 2025-11-15 19:21:12  DevID:MV-CA013-A0UC(J06720615)  Source-Line:libMvUsb3vTL.so(StreamProcess.cpp-L1426)     Description:Delete one DataNode     Solution:Please confirm that there is a blocking operation when you grab frame
Warning 2025-11-15 19:21:12  DevID:MV-CA013-A0UC(J06720615)  Source-Line:libMvUsb3vTL.so(StreamProcess.cpp-L1426)     Description:Delete one DataNode     Solution:Please confirm that there is a blocking operation when you grab frame
Warning 2025-11-15 19:21:12  DevID:MV-CA013-A0UC(J06720615)  Source-Line:libMvUsb3vTL.so(StreamProcess.cpp-L0844)     Description:[GetOneFrame] PreFrameNum[7651], CurFrameNum[7655]     Solution:
Warning 2025-11-15 19:21:12  DevID:MV-CA013-A0UC(J06720615)  Source-Line:libMvUsb3vTL.so(StreamProcess.cpp-L1426)     Description:Delete one DataNode     Solution:Please confirm that there is a blocking operation when you grab frame
Warning 2025-11-15 19:21:12  DevID:MV-CA013-A0UC(J06720615)  Source-Line:libMvUsb3vTL.so(StreamProcess.cpp-L1426)     Description:Delete one DataNode     Solution:Please confirm that there is a blocking operation when you grab frame
Warning 2025-11-15 19:21:12  DevID:MV-CA013-A0UC(J06720615)  Source-Line:libMvUsb3vTL.so(StreamProcess.cpp-L1426)     Description:Delete one DataNode     Solution:Please confirm that there is a blocking operation when you grab frame
Warning 2025-11-15 19:21:12  DevID:MV-CA013-A0UC(J06720615)  Source-Line:libMvUsb3vTL.so(StreamProcess.cpp-L0844)     Description:[GetOneFrame] PreFrameNum[7655], CurFrameNum[7659]     Solution:
Warning 2025-11-15 19:21:12  DevID:MV-CA013-A0UC(J06720615)  Source-Line:libMvUsb3vTL.so(StreamProcess.cpp-L1426)     Description:Delete one DataNode     Solution:Please confirm that there is a blocking operation when you grab frame
Warning 2025-11-15 19:21:12  DevID:MV-CA013-A0UC(J06720615)  Source-Line:libMvUsb3vTL.so(StreamProcess.cpp-L1426)     Description:Delete one DataNode     Solution:Please confirm that there is a blocking operation when you grab frame
Warning 2025-11-15 19:21:12  DevID:MV-CA013-A0UC(J06720615)  Source-Line:libMvUsb3vTL.so(StreamProcess.cpp-L1426)     Description:Delete one DataNode     Solution:Please confirm that there is a blocking operation when you grab frame
Warning 2025-11-15 19:21:12  DevID:MV-CA013-A0UC(J06720615)  Source-Line:libMvUsb3vTL.so(StreamProcess.cpp-L0844)     Description:[GetOneFrame] PreFrameNum[7659], CurFrameNum[7663]     Solution:
Warning 2025-11-15 19:21:12  DevID:MV-CA013-A0UC(J06720615)  Source-Line:libMvUsb3vTL.so(StreamProcess.cpp-L1426)     Description:Delete one DataNode     Solution:Please confirm that there is a blocking operation when you grab frame
Warning 2025-11-15 19:21:12  DevID:MV-CA013-A0UC(J06720615)  Source-Line:libMvUsb3vTL.so(StreamProcess.cpp-L1426)     Description:Delete one DataNode     Solution:Please confirm that there is a blocking operation when you grab frame
Warning 2025-11-15 19:21:12  DevID:MV-CA013-A0UC(J06720615)  Source-Line:libMvUsb3vTL.so(StreamProcess.cpp-L1426)     Description:Delete one DataNode     Solution:Please confirm that there is a blocking operation when you grab frame
Warning 2025-11-15 19:21:12  DevID:MV-CA013-A0UC(J06720615)  Source-Line:libMvUsb3vTL.so(StreamProcess.cpp-L0844)     Description:[GetOneFrame] PreFrameNum[7663], CurFrameNum[7667]     Solution:
Warning 2025-11-15 19:21:12  DevID:MV-CA013-A0UC(J06720615)  Source-Line:libMvUsb3vTL.so(StreamProcess.cpp-L1426)     Description:Delete one DataNode     Solution:Please confirm that there is a blocking operation when you grab frame
Warning 2025-11-15 19:21:12  DevID:MV-CA013-A0UC(J06720615)  Source-Line:libMvUsb3vTL.so(StreamProcess.cpp-L1426)     Description:Delete one DataNode     Solution:Please confirm that there is a blocking operation when you grab frame
Warning 2025-11-15 19:21:12  DevID:MV-CA013-A0UC(J06720615)  Source-Line:libMvUsb3vTL.so(StreamProcess.cpp-L1426)     Description:Delete one DataNode     Solution:Please confirm that there is a blocking operation when you grab frame
Warning 2025-11-15 19:21:12  DevID:MV-CA013-A0UC(J06720615)  Source-Line:libMvUsb3vTL.so(StreamProcess.cpp-L0844)     Description:[GetOneFrame] PreFrameNum[7667], CurFrameNum[7671]     Solution:
Warning 2025-11-15 19:21:12  DevID:MV-CA013-A0UC(J06720615)  Source-Line:libMvUsb3vTL.so(StreamProcess.cpp-L1426)     Description:Delete one DataNode     Solution:Please confirm that there is a blocking operation when you grab frame
Warning 2025-11-15 19:21:12  DevID:MV-CA013-A0UC(J06720615)  Source-Line:libMvUsb3vTL.so(StreamProcess.cpp-L1426)     Description:Delete one DataNode     Solution:Please confirm that there is a blocking operation when you grab frame
Warning 2025-11-15 19:21:12  DevID:MV-CA013-A0UC(J06720615)  Source-Line:libMvUsb3vTL.so(StreamProcess.cpp-L1426)     Description:Delete one DataNode     Solution:Please confirm that there is a blocking operation when you grab frame
Warning 2025-11-15 19:21:12  DevID:MV-CA013-A0UC(J06720615)  Source-Line:libMvUsb3vTL.so(StreamProcess.cpp-L0844)     Description:[GetOneFrame] PreFrameNum[7671], CurFrameNum[7675]     Solution:
Warning 2025-11-15 19:21:12  DevID:MV-CA013-A0UC(J06720615)  Source-Line:libMvUsb3vTL.so(StreamProcess.cpp-L1426)     Description:Delete one DataNode     Solution:Please confirm that there is a blocking operation when you grab frame
Warning 2025-11-15 19:21:12  DevID:MV-CA013-A0UC(J06720615)  Source-Line:libMvUsb3vTL.so(StreamProcess.cpp-L1426)     Description:Delete one DataNode     Solution:Please confirm that there is a blocking operation when you grab frame
Warning 2025-11-15 19:21:12  DevID:MV-CA013-A0UC(J06720615)  Source-Line:libMvUsb3vTL.so(StreamProcess.cpp-L1426)     Description:Delete one DataNode     Solution:Please confirm that there is a blocking operation when you grab frame
Warning 2025-11-15 19:21:12  DevID:MV-CA013-A0UC(J06720615)  Source-Line:libMvUsb3vTL.so(StreamProcess.cpp-L0844)     Description:[GetOneFrame] PreFrameNum[7675], CurFrameNum[7679]     Solution:
Warning 2025-11-15 19:21:12  DevID:MV-CA013-A0UC(J06720615)  Source-Line:libMvUsb3vTL.so(StreamProcess.cpp-L1426)     Description:Delete one DataNode     Solution:Please confirm that there is a blocking operation when you grab frame
Warning 2025-11-15 19:21:12  DevID:MV-CA013-A0UC(J06720615)  Source-Line:libMvUsb3vTL.so(StreamProcess.cpp-L1426)     Description:Delete one DataNode     Solution:Please confirm that there is a blocking operation when you grab frame
Warning 2025-11-15 19:21:12  DevID:MV-CA013-A0UC(J06720615)  Source-Line:libMvUsb3vTL.so(StreamProcess.cpp-L1426)     Description:Delete one DataNode     Solution:Please confirm that there is a blocking operation when you grab frame
Warning 2025-11-15 19:21:12  DevID:MV-CA013-A0UC(J06720615)  Source-Line:libMvUsb3vTL.so(StreamProcess.cpp-L0844)     Description:[GetOneFrame] PreFrameNum[7679], CurFrameNum[7683]     Solution:
Warning 2025-11-15 19:21:12  DevID:MV-CA013-A0UC(J06720615)  Source-Line:libMvUsb3vTL.so(StreamProcess.cpp-L1426)     Description:Delete one DataNode     Solution:Please confirm that there is a blocking operation when you grab frame
Warning 2025-11-15 19:21:12  DevID:MV-CA013-A0UC(J06720615)  Source-Line:libMvUsb3vTL.so(StreamProcess.cpp-L1426)     Description:Delete one DataNode     Solution:Please confirm that there is a blocking operation when you grab frame
Warning 2025-11-15 19:21:12  DevID:MV-CA013-A0UC(J06720615)  Source-Line:libMvUsb3vTL.so(StreamProcess.cpp-L1426)     Description:Delete one DataNode     Solution:Please confirm that there is a blocking operation when you grab frame
Warning 2025-11-15 19:21:12  DevID:MV-CA013-A0UC(J06720615)  Source-Line:libMvUsb3vTL.so(StreamProcess.cpp-L1426)     Description:Delete one DataNode     Solution:Please confirm that there is a blocking operation when you grab frame
Warning 2025-11-15 19:21:12  DevID:MV-CA013-A0UC(J06720615)  Source-Line:libMvUsb3vTL.so(StreamProcess.cpp-L1426)     Description:Delete one DataNode     Solution:Please confirm that there is a blocking operation when you grab frame
Warning 2025-11-15 19:21:12  DevID:MV-CA013-A0UC(J06720615)  Source-Line:libMvUsb3vTL.so(StreamProcess.cpp-L0844)     Description:[GetOneFrame] PreFrameNum[7683], CurFrameNum[7689]     Solution:
Warning 2025-11-15 19:21:12  DevID:MV-CA013-A0UC(J06720615)  Source-Line:libMvUsb3vTL.so(StreamProcess.cpp-L1426)     Description:Delete one DataNode     Solution:Please confirm that there is a blocking operation when you grab frame
Warning 2025-11-15 19:21:12  DevID:MV-CA013-A0UC(J06720615)  Source-Line:libMvUsb3vTL.so(StreamProcess.cpp-L1426)     Description:Delete one DataNode     Solution:Please confirm that there is a blocking operation when you grab frame
Warning 2025-11-15 19:21:12  DevID:MV-CA013-A0UC(J06720615)  Source-Line:libMvUsb3vTL.so(StreamProcess.cpp-L1426)     Description:Delete one DataNode     Solution:Please confirm that there is a blocking operation when you grab frame
Warning 2025-11-15 19:21:12  DevID:MV-CA013-A0UC(J06720615)  Source-Line:libMvUsb3vTL.so(StreamProcess.cpp-L0844)     Description:[GetOneFrame] PreFrameNum[7689], CurFrameNum[7693]     Solution:
Warning 2025-11-15 19:21:12  DevID:MV-CA013-A0UC(J06720615)  Source-Line:libMvUsb3vTL.so(StreamProcess.cpp-L1426)     Description:Delete one DataNode     Solution:Please confirm that there is a blocking operation when you grab frame
Warning 2025-11-15 19:21:12  DevID:MV-CA013-A0UC(J06720615)  Source-Line:libMvUsb3vTL.so(StreamProcess.cpp-L1426)     Description:Delete one DataNode     Solution:Please confirm that there is a blocking operation when you grab frame
Warning 2025-11-15 19:21:12  DevID:MV-CA013-A0UC(J06720615)  Source-Line:libMvUsb3vTL.so(StreamProcess.cpp-L1426)     Description:Delete one DataNode     Solution:Please confirm that there is a blocking operation when you grab frame
Warning 2025-11-15 19:21:12  DevID:MV-CA013-A0UC(J06720615)  Source-Line:libMvUsb3vTL.so(StreamProcess.cpp-L0844)     Description:[GetOneFrame] PreFrameNum[7693], CurFrameNum[7697]     Solution:
Warning 2025-11-15 19:21:12  DevID:MV-CA013-A0UC(J06720615)  Source-Line:libMvUsb3vTL.so(StreamProcess.cpp-L1426)     Description:Delete one DataNode     Solution:Please confirm that there is a blocking operation when you grab frame
Warning 2025-11-15 19:21:12  DevID:MV-CA013-A0UC(J06720615)  Source-Line:libMvUsb3vTL.so(StreamProcess.cpp-L1426)     Description:Delete one DataNode     Solution:Please confirm that there is a blocking operation when you grab frame
Warning 2025-11-15 19:21:12  DevID:MV-CA013-A0UC(J06720615)  Source-Line:libMvUsb3vTL.so(StreamProcess.cpp-L1426)     Description:Delete one DataNode     Solution:Please confirm that there is a blocking operation when you grab frame
Warning 2025-11-15 19:21:12  DevID:MV-CA013-A0UC(J06720615)  Source-Line:libMvUsb3vTL.so(StreamProcess.cpp-L0844)     Description:[GetOneFrame] PreFrameNum[7697], CurFrameNum[7701]     Solution:
Warning 2025-11-15 19:21:12  DevID:MV-CA013-A0UC(J06720615)  Source-Line:libMvUsb3vTL.so(StreamProcess.cpp-L1426)     Description:Delete one DataNode     Solution:Please confirm that there is a blocking operation when you grab frame
Warning 2025-11-15 19:21:12  DevID:MV-CA013-A0UC(J06720615)  Source-Line:libMvUsb3vTL.so(StreamProcess.cpp-L1426)     Description:Delete one DataNode     Solution:Please confirm that there is a blocking operation when you grab frame
Warning 2025-11-15 19:21:12  DevID:MV-CA013-A0UC(J06720615)  Source-Line:libMvUsb3vTL.so(StreamProcess.cpp-L1426)     Description:Delete one DataNode     Solution:Please confirm that there is a blocking operation when you grab frame
Warning 2025-11-15 19:21:12  DevID:MV-CA013-A0UC(J06720615)  Source-Line:libMvUsb3vTL.so(StreamProcess.cpp-L0844)     Description:[GetOneFrame] PreFrameNum[7701], CurFrameNum[7705]     Solution:
Warning 2025-11-15 19:21:12  DevID:MV-CA013-A0UC(J06720615)  Source-Line:libMvUsb3vTL.so(StreamProcess.cpp-L1426)     Description:Delete one DataNode     Solution:Please confirm that there is a blocking operation when you grab frame
Warning 2025-11-15 19:21:12  DevID:MV-CA013-A0UC(J06720615)  Source-Line:libMvUsb3vTL.so(StreamProcess.cpp-L1426)     Description:Delete one DataNode     Solution:Please confirm that there is a blocking operation when you grab frame
Warning 2025-11-15 19:21:12  DevID:MV-CA013-A0UC(J06720615)  Source-Line:libMvUsb3vTL.so(StreamProcess.cpp-L1426)     Description:Delete one DataNode     Solution:Please confirm that there is a blocking operation when you grab frame
Warning 2025-11-15 19:21:12  DevID:MV-CA013-A0UC(J06720615)  Source-Line:libMvUsb3vTL.so(StreamProcess.cpp-L0844)     Description:[GetOneFrame] PreFrameNum[7705], CurFrameNum[7709]     Solution:
Warning 2025-11-15 19:21:12  DevID:MV-CA013-A0UC(J06720615)  Source-Line:libMvUsb3vTL.so(StreamProcess.cpp-L1426)     Description:Delete one DataNode     Solution:Please confirm that there is a blocking operation when you grab frame
Warning 2025-11-15 19:21:12  DevID:MV-CA013-A0UC(J06720615)  Source-Line:libMvUsb3vTL.so(StreamProcess.cpp-L1426)     Description:Delete one DataNode     Solution:Please confirm that there is a blocking operation when you grab frame
Warning 2025-11-15 19:21:12  DevID:MV-CA013-A0UC(J06720615)  Source-Line:libMvUsb3vTL.so(StreamProcess.cpp-L1426)     Description:Delete one DataNode     Solution:Please confirm that there is a blocking operation when you grab frame
Warning 2025-11-15 19:21:12  DevID:MV-CA013-A0UC(J06720615)  Source-Line:libMvUsb3vTL.so(StreamProcess.cpp-L0844)     Description:[GetOneFrame] PreFrameNum[7709], CurFrameNum[7713]     Solution:
Warning 2025-11-15 19:21:12  DevID:MV-CA013-A0UC(J06720615)  Source-Line:libMvUsb3vTL.so(StreamProcess.cpp-L1426)     Description:Delete one DataNode     Solution:Please confirm that there is a blocking operation when you grab frame
Warning 2025-11-15 19:21:12  DevID:MV-CA013-A0UC(J06720615)  Source-Line:libMvUsb3vTL.so(StreamProcess.cpp-L1426)     Description:Delete one DataNode     Solution:Please confirm that there is a blocking operation when you grab frame
Warning 2025-11-15 19:21:12  DevID:MV-CA013-A0UC(J06720615)  Source-Line:libMvUsb3vTL.so(StreamProcess.cpp-L1426)     Description:Delete one DataNode     Solution:Please confirm that there is a blocking operation when you grab frame
Warning 2025-11-15 19:21:12  DevID:MV-CA013-A0UC(J06720615)  Source-Line:libMvUsb3vTL.so(StreamProcess.cpp-L0844)     Description:[GetOneFrame] PreFrameNum[7713], CurFrameNum[7717]     Solution:
Warning 2025-11-15 19:21:12  DevID:MV-CA013-A0UC(J06720615)  Source-Line:libMvUsb3vTL.so(StreamProcess.cpp-L1426)     Description:Delete one DataNode     Solution:Please confirm that there is a blocking operation when you grab frame
Warning 2025-11-15 19:21:12  DevID:MV-CA013-A0UC(J06720615)  Source-Line:libMvUsb3vTL.so(StreamProcess.cpp-L1426)     Description:Delete one DataNode     Solution:Please confirm that there is a blocking operation when you grab frame
Warning 2025-11-15 19:21:12  DevID:MV-CA013-A0UC(J06720615)  Source-Line:libMvUsb3vTL.so(StreamProcess.cpp-L1426)     Description:Delete one DataNode     Solution:Please confirm that there is a blocking operation when you grab frame
Warning 2025-11-15 19:21:12  DevID:MV-CA013-A0UC(J06720615)  Source-Line:libMvUsb3vTL.so(StreamProcess.cpp-L0844)     Description:[GetOneFrame] PreFrameNum[7717], CurFrameNum[7721]     Solution:
Warning 2025-11-15 19:21:12  DevID:MV-CA013-A0UC(J06720615)  Source-Line:libMvUsb3vTL.so(StreamProcess.cpp-L1426)     Description:Delete one DataNode     Solution:Please confirm that there is a blocking operation when you grab frame
Warning 2025-11-15 19:21:12  DevID:MV-CA013-A0UC(J06720615)  Source-Line:libMvUsb3vTL.so(StreamProcess.cpp-L1426)     Description:Delete one DataNode     Solution:Please confirm that there is a blocking operation when you grab frame
Warning 2025-11-15 19:21:12  DevID:MV-CA013-A0UC(J06720615)  Source-Line:libMvUsb3vTL.so(StreamProcess.cpp-L1426)     Description:Delete one DataNode     Solution:Please confirm that there is a blocking operation when you grab frame
Warning 2025-11-15 19:21:12  DevID:MV-CA013-A0UC(J06720615)  Source-Line:libMvUsb3vTL.so(StreamProcess.cpp-L0844)     Description:[GetOneFrame] PreFrameNum[7721], CurFrameNum[7725]     Solution:
Warning 2025-11-15 19:21:12  DevID:MV-CA013-A0UC(J06720615)  Source-Line:libMvUsb3vTL.so(StreamProcess.cpp-L1426)     Description:Delete one DataNode     Solution:Please confirm that there is a blocking operation when you grab frame
Warning 2025-11-15 19:21:12  DevID:MV-CA013-A0UC(J06720615)  Source-Line:libMvUsb3vTL.so(StreamProcess.cpp-L1426)     Description:Delete one DataNode     Solution:Please confirm that there is a blocking operation when you grab frame
Warning 2025-11-15 19:21:12  DevID:MV-CA013-A0UC(J06720615)  Source-Line:libMvUsb3vTL.so(StreamProcess.cpp-L1426)     Description:Delete one DataNode     Solution:Please confirm that there is a blocking operation when you grab frame
Warning 2025-11-15 19:21:12  DevID:MV-CA013-A0UC(J06720615)  Source-Line:libMvUsb3vTL.so(StreamProcess.cpp-L0844)     Description:[GetOneFrame] PreFrameNum[7725], CurFrameNum[7729]     Solution:
Warning 2025-11-15 19:21:12  DevID:MV-CA013-A0UC(J06720615)  Source-Line:libMvUsb3vTL.so(StreamProcess.cpp-L1426)     Description:Delete one DataNode     Solution:Please confirm that there is a blocking operation when you grab frame
Warning 2025-11-15 19:21:12  DevID:MV-CA013-A0UC(J06720615)  Source-Line:libMvUsb3vTL.so(StreamProcess.cpp-L1426)     Description:Delete one DataNode     Solution:Please confirm that there is a blocking operation when you grab frame
Warning 2025-11-15 19:21:12  DevID:MV-CA013-A0UC(J06720615)  Source-Line:libMvUsb3vTL.so(StreamProcess.cpp-L1426)     Description:Delete one DataNode     Solution:Please confirm that there is a blocking operation when you grab frame
Warning 2025-11-15 19:21:12  DevID:MV-CA013-A0UC(J06720615)  Source-Line:libMvUsb3vTL.so(StreamProcess.cpp-L0844)     Description:[GetOneFrame] PreFrameNum[7729], CurFrameNum[7733]     Solution:
Warning 2025-11-15 19:21:12  DevID:MV-CA013-A0UC(J06720615)  Source-Line:libMvUsb3vTL.so(StreamProcess.cpp-L1426)     Description:Delete one DataNode     Solution:Please confirm that there is a blocking operation when you grab frame
Warning 2025-11-15 19:21:12  DevID:MV-CA013-A0UC(J06720615)  Source-Line:libMvUsb3vTL.so(StreamProcess.cpp-L1426)     Description:Delete one DataNode     Solution:Please confirm that there is a blocking operation when you grab frame
Warning 2025-11-15 19:21:13  DevID:MV-CA013-A0UC(J06720615)  Source-Line:libMvUsb3vTL.so(StreamProcess.cpp-L1426)     Description:Delete one DataNode     Solution:Please confirm that there is a blocking operation when you grab frame
Warning 2025-11-15 19:21:13  DevID:MV-CA013-A0UC(J06720615)  Source-Line:libMvUsb3vTL.so(StreamProcess.cpp-L0844)     Description:[GetOneFrame] PreFrameNum[7733], CurFrameNum[7737]     Solution:
Warning 2025-11-15 19:21:13  DevID:MV-CA013-A0UC(J06720615)  Source-Line:libMvUsb3vTL.so(StreamProcess.cpp-L1426)     Description:Delete one DataNode     Solution:Please confirm that there is a blocking operation when you grab frame
Warning 2025-11-15 19:21:13  DevID:MV-CA013-A0UC(J06720615)  Source-Line:libMvUsb3vTL.so(StreamProcess.cpp-L1426)     Description:Delete one DataNode     Solution:Please confirm that there is a blocking operation when you grab frame
Warning 2025-11-15 19:21:13  DevID:MV-CA013-A0UC(J06720615)  Source-Line:libMvUsb3vTL.so(StreamProcess.cpp-L1426)     Description:Delete one DataNode     Solution:Please confirm that there is a blocking operation when you grab frame
Warning 2025-11-15 19:21:13  DevID:MV-CA013-A0UC(J06720615)  Source-Line:libMvUsb3vTL.so(StreamProcess.cpp-L0844)     Description:[GetOneFrame] PreFrameNum[7737], CurFrameNum[7741]     Solution:
Warning 2025-11-15 19:21:13  DevID:MV-CA013-A0UC(J06720615)  Source-Line:libMvUsb3vTL.so(StreamProcess.cpp-L1426)     Description:Delete one DataNode     Solution:Please confirm that there is a blocking operation when you grab frame
Warning 2025-11-15 19:21:13  DevID:MV-CA013-A0UC(J06720615)  Source-Line:libMvUsb3vTL.so(StreamProcess.cpp-L1426)     Description:Delete one DataNode     Solution:Please confirm that there is a blocking operation when you grab frame
Warning 2025-11-15 19:21:13  DevID:MV-CA013-A0UC(J06720615)  Source-Line:libMvUsb3vTL.so(StreamProcess.cpp-L1426)     Description:Delete one DataNode     Solution:Please confirm that there is a blocking operation when you grab frame
Warning 2025-11-15 19:21:13  DevID:MV-CA013-A0UC(J06720615)  Source-Line:libMvUsb3vTL.so(StreamProcess.cpp-L0844)     Description:[GetOneFrame] PreFrameNum[7741], CurFrameNum[7745]     Solution:
Warning 2025-11-15 19:21:13  DevID:MV-CA013-A0UC(J06720615)  Source-Line:libMvUsb3vTL.so(StreamProcess.cpp-L1426)     Description:Delete one DataNode     Solution:Please confirm that there is a blocking operation when you grab frame
Warning 2025-11-15 19:21:13  DevID:MV-CA013-A0UC(J06720615)  Source-Line:libMvUsb3vTL.so(StreamProcess.cpp-L1426)     Description:Delete one DataNode     Solution:Please confirm that there is a blocking operation when you grab frame
Warning 2025-11-15 19:21:13  DevID:MV-CA013-A0UC(J06720615)  Source-Line:libMvUsb3vTL.so(StreamProcess.cpp-L1426)     Description:Delete one DataNode     Solution:Please confirm that there is a blocking operation when you grab frame
Warning 2025-11-15 19:21:13  DevID:MV-CA013-A0UC(J06720615)  Source-Line:libMvUsb3vTL.so(StreamProcess.cpp-L0844)     Description:[GetOneFrame] PreFrameNum[7745], CurFrameNum[7749]     Solution:
Warning 2025-11-15 19:21:13  DevID:MV-CA013-A0UC(J06720615)  Source-Line:libMvUsb3vTL.so(StreamProcess.cpp-L1426)     Description:Delete one DataNode     Solution:Please confirm that there is a blocking operation when you grab frame
Warning 2025-11-15 19:21:13  DevID:MV-CA013-A0UC(J06720615)  Source-Line:libMvUsb3vTL.so(StreamProcess.cpp-L1426)     Description:Delete one DataNode     Solution:Please confirm that there is a blocking operation when you grab frame
Warning 2025-11-15 19:21:13  DevID:MV-CA013-A0UC(J06720615)  Source-Line:libMvUsb3vTL.so(StreamProcess.cpp-L1426)     Description:Delete one DataNode     Solution:Please confirm that there is a blocking operation when you grab frame
Warning 2025-11-15 19:21:13  DevID:MV-CA013-A0UC(J06720615)  Source-Line:libMvUsb3vTL.so(StreamProcess.cpp-L0844)     Description:[GetOneFrame] PreFrameNum[7749], CurFrameNum[7753]     Solution:
Warning 2025-11-15 19:21:13  DevID:MV-CA013-A0UC(J06720615)  Source-Line:libMvUsb3vTL.so(StreamProcess.cpp-L1426)     Description:Delete one DataNode     Solution:Please confirm that there is a blocking operation when you grab frame
Warning 2025-11-15 19:21:13  DevID:MV-CA013-A0UC(J06720615)  Source-Line:libMvUsb3vTL.so(StreamProcess.cpp-L1426)     Description:Delete one DataNode     Solution:Please confirm that there is a blocking operation when you grab frame
Warning 2025-11-15 19:21:13  DevID:MV-CA013-A0UC(J06720615)  Source-Line:libMvUsb3vTL.so(StreamProcess.cpp-L1426)     Description:Delete one DataNode     Solution:Please confirm that there is a blocking operation when you grab frame
Warning 2025-11-15 19:21:13  DevID:MV-CA013-A0UC(J06720615)  Source-Line:libMvUsb3vTL.so(StreamProcess.cpp-L0844)     Description:[GetOneFrame] PreFrameNum[7753], CurFrameNum[7757]     Solution:
Warning 2025-11-15 19:21:13  DevID:MV-CA013-A0UC(J06720615)  Source-Line:libMvUsb3vTL.so(StreamProcess.cpp-L1426)     Description:Delete one DataNode     Solution:Please confirm that there is a blocking operation when you grab frame
Warning 2025-11-15 19:21:13  DevID:MV-CA013-A0UC(J06720615)  Source-Line:libMvUsb3vTL.so(StreamProcess.cpp-L1426)     Description:Delete one DataNode     Solution:Please confirm that there is a blocking operation when you grab frame
Warning 2025-11-15 19:21:13  DevID:MV-CA013-A0UC(J06720615)  Source-Line:libMvUsb3vTL.so(StreamProcess.cpp-L1426)     Description:Delete one DataNode     Solution:Please confirm that there is a blocking operation when you grab frame
Warning 2025-11-15 19:21:13  DevID:MV-CA013-A0UC(J06720615)  Source-Line:libMvUsb3vTL.so(StreamProcess.cpp-L0844)     Description:[GetOneFrame] PreFrameNum[7757], CurFrameNum[7761]     Solution:
Warning 2025-11-15 19:21:13  DevID:MV-CA013-A0UC(J06720615)  Source-Line:libMvUsb3vTL.so(StreamProcess.cpp-L1426)     Description:Delete one DataNode     Solution:Please confirm that there is a blocking operation when you grab frame
Warning 2025-11-15 19:21:13  DevID:MV-CA013-A0UC(J06720615)  Source-Line:libMvUsb3vTL.so(StreamProcess.cpp-L1426)     Description:Delete one DataNode     Solution:Please confirm that there is a blocking operation when you grab frame
Warning 2025-11-15 19:21:13  DevID:MV-CA013-A0UC(J06720615)  Source-Line:libMvUsb3vTL.so(StreamProcess.cpp-L1426)     Description:Delete one DataNode     Solution:Please confirm that there is a blocking operation when you grab frame
Warning 2025-11-15 19:21:13  DevID:MV-CA013-A0UC(J06720615)  Source-Line:libMvUsb3vTL.so(StreamProcess.cpp-L0844)     Description:[GetOneFrame] PreFrameNum[7761], CurFrameNum[7765]     Solution:
Warning 2025-11-15 19:21:13  DevID:MV-CA013-A0UC(J06720615)  Source-Line:libMvUsb3vTL.so(StreamProcess.cpp-L1426)     Description:Delete one DataNode     Solution:Please confirm that there is a blocking operation when you grab frame
Warning 2025-11-15 19:21:13  DevID:MV-CA013-A0UC(J06720615)  Source-Line:libMvUsb3vTL.so(StreamProcess.cpp-L1426)     Description:Delete one DataNode     Solution:Please confirm that there is a blocking operation when you grab frame
Warning 2025-11-15 19:21:13  DevID:MV-CA013-A0UC(J06720615)  Source-Line:libMvUsb3vTL.so(StreamProcess.cpp-L1426)     Description:Delete one DataNode     Solution:Please confirm that there is a blocking operation when you grab frame
Warning 2025-11-15 19:21:13  DevID:MV-CA013-A0UC(J06720615)  Source-Line:libMvUsb3vTL.so(StreamProcess.cpp-L0844)     Description:[GetOneFrame] PreFrameNum[7765], CurFrameNum[7769]     Solution:
Warning 2025-11-15 19:21:13  DevID:MV-CA013-A0UC(J06720615)  Source-Line:libMvUsb3vTL.so(StreamProcess.cpp-L1426)     Description:Delete one DataNode     Solution:Please confirm that there is a blocking operation when you grab frame
Warning 2025-11-15 19:21:13  DevID:MV-CA013-A0UC(J06720615)  Source-Line:libMvUsb3vTL.so(StreamProcess.cpp-L1426)     Description:Delete one DataNode     Solution:Please confirm that there is a blocking operation when you grab frame
Warning 2025-11-15 19:21:13  DevID:MV-CA013-A0UC(J06720615)  Source-Line:libMvUsb3vTL.so(StreamProcess.cpp-L1426)     Description:Delete one DataNode     Solution:Please confirm that there is a blocking operation when you grab frame
Warning 2025-11-15 19:21:13  DevID:MV-CA013-A0UC(J06720615)  Source-Line:libMvUsb3vTL.so(StreamProcess.cpp-L0844)     Description:[GetOneFrame] PreFrameNum[7769], CurFrameNum[7773]     Solution:
Warning 2025-11-15 19:21:13  DevID:MV-CA013-A0UC(J06720615)  Source-Line:libMvUsb3vTL.so(StreamProcess.cpp-L1426)     Description:Delete one DataNode     Solution:Please confirm that there is a blocking operation when you grab frame
Warning 2025-11-15 19:21:13  DevID:MV-CA013-A0UC(J06720615)  Source-Line:libMvUsb3vTL.so(StreamProcess.cpp-L1426)     Description:Delete one DataNode     Solution:Please confirm that there is a blocking operation when you grab frame
Warning 2025-11-15 19:21:13  DevID:MV-CA013-A0UC(J06720615)  Source-Line:libMvUsb3vTL.so(StreamProcess.cpp-L1426)     Description:Delete one DataNode     Solution:Please confirm that there is a blocking operation when you grab frame
Warning 2025-11-15 19:21:13  DevID:MV-CA013-A0UC(J06720615)  Source-Line:libMvUsb3vTL.so(StreamProcess.cpp-L0844)     Description:[GetOneFrame] PreFrameNum[7773], CurFrameNum[7777]     Solution:
Warning 2025-11-15 19:21:13  DevID:MV-CA013-A0UC(J06720615)  Source-Line:libMvUsb3vTL.so(StreamProcess.cpp-L1426)     Description:Delete one DataNode     Solution:Please confirm that there is a blocking operation when you grab frame
Warning 2025-11-15 19:21:13  DevID:MV-CA013-A0UC(J06720615)  Source-Line:libMvUsb3vTL.so(StreamProcess.cpp-L1426)     Description:Delete one DataNode     Solution:Please confirm that there is a blocking operation when you grab frame
Warning 2025-11-15 19:21:13  DevID:MV-CA013-A0UC(J06720615)  Source-Line:libMvUsb3vTL.so(StreamProcess.cpp-L1426)     Description:Delete one DataNode     Solution:Please confirm that there is a blocking operation when you grab frame
Warning 2025-11-15 19:21:13  DevID:MV-CA013-A0UC(J06720615)  Source-Line:libMvUsb3vTL.so(StreamProcess.cpp-L0844)     Description:[GetOneFrame] PreFrameNum[7777], CurFrameNum[7781]     Solution:
Warning 2025-11-15 19:21:13  DevID:MV-CA013-A0UC(J06720615)  Source-Line:libMvUsb3vTL.so(StreamProcess.cpp-L1426)     Description:Delete one DataNode     Solution:Please confirm that there is a blocking operation when you grab frame
Warning 2025-11-15 19:21:13  DevID:MV-CA013-A0UC(J06720615)  Source-Line:libMvUsb3vTL.so(StreamProcess.cpp-L1426)     Description:Delete one DataNode     Solution:Please confirm that there is a blocking operation when you grab frame
Warning 2025-11-15 19:21:13  DevID:MV-CA013-A0UC(J06720615)  Source-Line:libMvUsb3vTL.so(StreamProcess.cpp-L1426)     Description:Delete one DataNode     Solution:Please confirm that there is a blocking operation when you grab frame
Warning 2025-11-15 19:21:13  DevID:MV-CA013-A0UC(J06720615)  Source-Line:libMvUsb3vTL.so(StreamProcess.cpp-L0844)     Description:[GetOneFrame] PreFrameNum[7781], CurFrameNum[7785]     Solution:
Warning 2025-11-15 19:21:13  DevID:MV-CA013-A0UC(J06720615)  Source-Line:libMvUsb3vTL.so(StreamProcess.cpp-L1426)     Description:Delete one DataNode     Solution:Please confirm that there is a blocking operation when you grab frame
Warning 2025-11-15 19:21:13  DevID:MV-CA013-A0UC(J06720615)  Source-Line:libMvUsb3vTL.so(StreamProcess.cpp-L1426)     Description:Delete one DataNode     Solution:Please confirm that there is a blocking operation when you grab frame
Warning 2025-11-15 19:21:13  DevID:MV-CA013-A0UC(J06720615)  Source-Line:libMvUsb3vTL.so(StreamProcess.cpp-L1426)     Description:Delete one DataNode     Solution:Please confirm that there is a blocking operation when you grab frame
Warning 2025-11-15 19:21:13  DevID:MV-CA013-A0UC(J06720615)  Source-Line:libMvUsb3vTL.so(StreamProcess.cpp-L0844)     Description:[GetOneFrame] PreFrameNum[7785], CurFrameNum[7789]     Solution:
Warning 2025-11-15 19:21:13  DevID:MV-CA013-A0UC(J06720615)  Source-Line:libMvUsb3vTL.so(StreamProcess.cpp-L1426)     Description:Delete one DataNode     Solution:Please confirm that there is a blocking operation when you grab frame
Warning 2025-11-15 19:21:13  DevID:MV-CA013-A0UC(J06720615)  Source-Line:libMvUsb3vTL.so(StreamProcess.cpp-L1426)     Description:Delete one DataNode     Solution:Please confirm that there is a blocking operation when you grab frame
Warning 2025-11-15 19:21:13  DevID:MV-CA013-A0UC(J06720615)  Source-Line:libMvUsb3vTL.so(StreamProcess.cpp-L1426)     Description:Delete one DataNode     Solution:Please confirm that there is a blocking operation when you grab frame
Warning 2025-11-15 19:21:13  DevID:MV-CA013-A0UC(J06720615)  Source-Line:libMvUsb3vTL.so(StreamProcess.cpp-L0844)     Description:[GetOneFrame] PreFrameNum[7789], CurFrameNum[7793]     Solution:
Warning 2025-11-15 19:21:13  DevID:MV-CA013-A0UC(J06720615)  Source-Line:libMvUsb3vTL.so(StreamProcess.cpp-L1426)     Description:Delete one DataNode     Solution:Please confirm that there is a blocking operation when you grab frame
Warning 2025-11-15 19:21:13  DevID:MV-CA013-A0UC(J06720615)  Source-Line:libMvUsb3vTL.so(StreamProcess.cpp-L1426)     Description:Delete one DataNode     Solution:Please confirm that there is a blocking operation when you grab frame
Warning 2025-11-15 19:21:13  DevID:MV-CA013-A0UC(J06720615)  Source-Line:libMvUsb3vTL.so(StreamProcess.cpp-L1426)     Description:Delete one DataNode     Solution:Please confirm that there is a blocking operation when you grab frame
Warning 2025-11-15 19:21:13  DevID:MV-CA013-A0UC(J06720615)  Source-Line:libMvUsb3vTL.so(StreamProcess.cpp-L0844)     Description:[GetOneFrame] PreFrameNum[7793], CurFrameNum[7797]     Solution:
Warning 2025-11-15 19:21:13  DevID:MV-CA013-A0UC(J06720615)  Source-Line:libMvUsb3vTL.so(StreamProcess.cpp-L1426)     Description:Delete one DataNode     Solution:Please confirm that there is a blocking operation when you grab frame
Warning 2025-11-15 19:21:13  DevID:MV-CA013-A0UC(J06720615)  Source-Line:libMvUsb3vTL.so(StreamProcess.cpp-L1426)     Description:Delete one DataNode     Solution:Please confirm that there is a blocking operation when you grab frame
Warning 2025-11-15 19:21:13  DevID:MV-CA013-A0UC(J06720615)  Source-Line:libMvUsb3vTL.so(StreamProcess.cpp-L1426)     Description:Delete one DataNode     Solution:Please confirm that there is a blocking operation when you grab frame
Warning 2025-11-15 19:21:13  DevID:MV-CA013-A0UC(J06720615)  Source-Line:libMvUsb3vTL.so(StreamProcess.cpp-L0844)     Description:[GetOneFrame] PreFrameNum[7797], CurFrameNum[7801]     Solution:
Warning 2025-11-15 19:21:13  DevID:MV-CA013-A0UC(J06720615)  Source-Line:libMvUsb3vTL.so(StreamProcess.cpp-L1426)     Description:Delete one DataNode     Solution:Please confirm that there is a blocking operation when you grab frame
Warning 2025-11-15 19:21:13  DevID:MV-CA013-A0UC(J06720615)  Source-Line:libMvUsb3vTL.so(StreamProcess.cpp-L1426)     Description:Delete one DataNode     Solution:Please confirm that there is a blocking operation when you grab frame
Warning 2025-11-15 19:21:13  DevID:MV-CA013-A0UC(J06720615)  Source-Line:libMvUsb3vTL.so(StreamProcess.cpp-L1426)     Description:Delete one DataNode     Solution:Please confirm that there is a blocking operation when you grab frame
Error   2025-11-15 19:21:13  DevID:MV-CA013-A0UC(J06720615)  Source-Line:libMvUsb3vTL.so(DriverLayer.cpp-L0769)     Description:timesOut, num_iso_packets: ff     Solution:
Info    2025-11-15 19:21:13  DevID:MV-CA013-A0UC(J06720615)  Source-Line:libMvUsb3vTL.so(EventProcess.cpp-L0311)     Description:[Event]Read Async, Ret[0xff]     Solution:
Warning 2025-11-15 19:21:13  DevID:MV-CA013-A0UC(J06720615)  Source-Line:libMvUsb3vTL.so(StreamProcess.cpp-L0844)     Description:[GetOneFrame] PreFrameNum[7801], CurFrameNum[7805]     Solution:
Warning 2025-11-15 19:21:13  DevID:MV-CA013-A0UC(J06720615)  Source-Line:libMvUsb3vTL.so(StreamProcess.cpp-L1426)     Description:Delete one DataNode     Solution:Please confirm that there is a blocking operation when you grab frame
Warning 2025-11-15 19:21:13  DevID:MV-CA013-A0UC(J06720615)  Source-Line:libMvUsb3vTL.so(StreamProcess.cpp-L1426)     Description:Delete one DataNode     Solution:Please confirm that there is a blocking operation when you grab frame
Warning 2025-11-15 19:21:13  DevID:MV-CA013-A0UC(J06720615)  Source-Line:libMvUsb3vTL.so(StreamProcess.cpp-L1426)     Description:Delete one DataNode     Solution:Please confirm that there is a blocking operation when you grab frame
Warning 2025-11-15 19:21:13  DevID:MV-CA013-A0UC(J06720615)  Source-Line:libMvUsb3vTL.so(StreamProcess.cpp-L0844)     Description:[GetOneFrame] PreFrameNum[7805], CurFrameNum[7809]     Solution:
Warning 2025-11-15 19:21:13  DevID:MV-CA013-A0UC(J06720615)  Source-Line:libMvUsb3vTL.so(StreamProcess.cpp-L1426)     Description:Delete one DataNode     Solution:Please confirm that there is a blocking operation when you grab frame
Warning 2025-11-15 19:21:13  DevID:MV-CA013-A0UC(J06720615)  Source-Line:libMvUsb3vTL.so(StreamProcess.cpp-L1426)     Description:Delete one DataNode     Solution:Please confirm that there is a blocking operation when you grab frame
Warning 2025-11-15 19:21:13  DevID:MV-CA013-A0UC(J06720615)  Source-Line:libMvUsb3vTL.so(StreamProcess.cpp-L1426)     Description:Delete one DataNode     Solution:Please confirm that there is a blocking operation when you grab frame
Warning 2025-11-15 19:21:13  DevID:MV-CA013-A0UC(J06720615)  Source-Line:libMvUsb3vTL.so(StreamProcess.cpp-L0844)     Description:[GetOneFrame] PreFrameNum[7809], CurFrameNum[7813]     Solution:
Warning 2025-11-15 19:21:13  DevID:MV-CA013-A0UC(J06720615)  Source-Line:libMvUsb3vTL.so(StreamProcess.cpp-L1426)     Description:Delete one DataNode     Solution:Please confirm that there is a blocking operation when you grab frame
Warning 2025-11-15 19:21:13  DevID:MV-CA013-A0UC(J06720615)  Source-Line:libMvUsb3vTL.so(StreamProcess.cpp-L1426)     Description:Delete one DataNode     Solution:Please confirm that there is a blocking operation when you grab frame
Warning 2025-11-15 19:21:13  DevID:MV-CA013-A0UC(J06720615)  Source-Line:libMvUsb3vTL.so(StreamProcess.cpp-L1426)     Description:Delete one DataNode     Solution:Please confirm that there is a blocking operation when you grab frame
Warning 2025-11-15 19:21:13  DevID:MV-CA013-A0UC(J06720615)  Source-Line:libMvUsb3vTL.so(StreamProcess.cpp-L0844)     Description:[GetOneFrame] PreFrameNum[7813], CurFrameNum[7817]     Solution:
Warning 2025-11-15 19:21:13  DevID:MV-CA013-A0UC(J06720615)  Source-Line:libMvUsb3vTL.so(StreamProcess.cpp-L1426)     Description:Delete one DataNode     Solution:Please confirm that there is a blocking operation when you grab frame
Warning 2025-11-15 19:21:13  DevID:MV-CA013-A0UC(J06720615)  Source-Line:libMvUsb3vTL.so(StreamProcess.cpp-L1426)     Description:Delete one DataNode     Solution:Please confirm that there is a blocking operation when you grab frame
Warning 2025-11-15 19:21:13  DevID:MV-CA013-A0UC(J06720615)  Source-Line:libMvUsb3vTL.so(StreamProcess.cpp-L1426)     Description:Delete one DataNode     Solution:Please confirm that there is a blocking operation when you grab frame
Warning 2025-11-15 19:21:13  DevID:MV-CA013-A0UC(J06720615)  Source-Line:libMvUsb3vTL.so(StreamProcess.cpp-L0844)     Description:[GetOneFrame] PreFrameNum[7817], CurFrameNum[7821]     Solution:
Warning 2025-11-15 19:21:13  DevID:MV-CA013-A0UC(J06720615)  Source-Line:libMvUsb3vTL.so(StreamProcess.cpp-L1426)     Description:Delete one DataNode     Solution:Please confirm that there is a blocking operation when you grab frame
Warning 2025-11-15 19:21:13  DevID:MV-CA013-A0UC(J06720615)  Source-Line:libMvUsb3vTL.so(StreamProcess.cpp-L1426)     Description:Delete one DataNode     Solution:Please confirm that there is a blocking operation when you grab frame
Warning 2025-11-15 19:21:13  DevID:MV-CA013-A0UC(J06720615)  Source-Line:libMvUsb3vTL.so(StreamProcess.cpp-L1426)     Description:Delete one DataNode     Solution:Please confirm that there is a blocking operation when you grab frame
Warning 2025-11-15 19:21:13  DevID:MV-CA013-A0UC(J06720615)  Source-Line:libMvUsb3vTL.so(StreamProcess.cpp-L0844)     Description:[GetOneFrame] PreFrameNum[7821], CurFrameNum[7825]     Solution:
Warning 2025-11-15 19:21:13  DevID:MV-CA013-A0UC(J06720615)  Source-Line:libMvUsb3vTL.so(StreamProcess.cpp-L1426)     Description:Delete one DataNode     Solution:Please confirm that there is a blocking operation when you grab frame
Warning 2025-11-15 19:21:13  DevID:MV-CA013-A0UC(J06720615)  Source-Line:libMvUsb3vTL.so(StreamProcess.cpp-L1426)     Description:Delete one DataNode     Solution:Please confirm that there is a blocking operation when you grab frame
Warning 2025-11-15 19:21:13  DevID:MV-CA013-A0UC(J06720615)  Source-Line:libMvUsb3vTL.so(StreamProcess.cpp-L1426)     Description:Delete one DataNode     Solution:Please confirm that there is a blocking operation when you grab frame
Warning 2025-11-15 19:21:13  DevID:MV-CA013-A0UC(J06720615)  Source-Line:libMvUsb3vTL.so(StreamProcess.cpp-L0844)     Description:[GetOneFrame] PreFrameNum[7825], CurFrameNum[7829]     Solution:
Warning 2025-11-15 19:21:13  DevID:MV-CA013-A0UC(J06720615)  Source-Line:libMvUsb3vTL.so(StreamProcess.cpp-L1426)     Description:Delete one DataNode     Solution:Please confirm that there is a blocking operation when you grab frame
Warning 2025-11-15 19:21:13  DevID:MV-CA013-A0UC(J06720615)  Source-Line:libMvUsb3vTL.so(StreamProcess.cpp-L1426)     Description:Delete one DataNode     Solution:Please confirm that there is a blocking operation when you grab frame
Warning 2025-11-15 19:21:13  DevID:MV-CA013-A0UC(J06720615)  Source-Line:libMvUsb3vTL.so(StreamProcess.cpp-L1426)     Description:Delete one DataNode     Solution:Please confirm that there is a blocking operation when you grab frame
Warning 2025-11-15 19:21:13  DevID:MV-CA013-A0UC(J06720615)  Source-Line:libMvUsb3vTL.so(StreamProcess.cpp-L0844)     Description:[GetOneFrame] PreFrameNum[7829], CurFrameNum[7833]     Solution:
Warning 2025-11-15 19:21:13  DevID:MV-CA013-A0UC(J06720615)  Source-Line:libMvUsb3vTL.so(StreamProcess.cpp-L1426)     Description:Delete one DataNode     Solution:Please confirm that there is a blocking operation when you grab frame
Warning 2025-11-15 19:21:13  DevID:MV-CA013-A0UC(J06720615)  Source-Line:libMvUsb3vTL.so(StreamProcess.cpp-L1426)     Description:Delete one DataNode     Solution:Please confirm that there is a blocking operation when you grab frame
Warning 2025-11-15 19:21:13  DevID:MV-CA013-A0UC(J06720615)  Source-Line:libMvUsb3vTL.so(StreamProcess.cpp-L1426)     Description:Delete one DataNode     Solution:Please confirm that there is a blocking operation when you grab frame
Warning 2025-11-15 19:21:13  DevID:MV-CA013-A0UC(J06720615)  Source-Line:libMvUsb3vTL.so(StreamProcess.cpp-L0844)     Description:[GetOneFrame] PreFrameNum[7833], CurFrameNum[7837]     Solution:
Warning 2025-11-15 19:21:13  DevID:MV-CA013-A0UC(J06720615)  Source-Line:libMvUsb3vTL.so(StreamProcess.cpp-L1426)     Description:Delete one DataNode     Solution:Please confirm that there is a blocking operation when you grab frame
Warning 2025-11-15 19:21:13  DevID:MV-CA013-A0UC(J06720615)  Source-Line:libMvUsb3vTL.so(StreamProcess.cpp-L1426)     Description:Delete one DataNode     Solution:Please confirm that there is a blocking operation when you grab frame
Warning 2025-11-15 19:21:13  DevID:MV-CA013-A0UC(J06720615)  Source-Line:libMvUsb3vTL.so(StreamProcess.cpp-L1426)     Description:Delete one DataNode     Solution:Please confirm that there is a blocking operation when you grab frame
Warning 2025-11-15 19:21:13  DevID:MV-CA013-A0UC(J06720615)  Source-Line:libMvUsb3vTL.so(StreamProcess.cpp-L0844)     Description:[GetOneFrame] PreFrameNum[7837], CurFrameNum[7841]     Solution:
Warning 2025-11-15 19:21:13  DevID:MV-CA013-A0UC(J06720615)  Source-Line:libMvUsb3vTL.so(StreamProcess.cpp-L1426)     Description:Delete one DataNode     Solution:Please confirm that there is a blocking operation when you grab frame
Warning 2025-11-15 19:21:13  DevID:MV-CA013-A0UC(J06720615)  Source-Line:libMvUsb3vTL.so(StreamProcess.cpp-L1426)     Description:Delete one DataNode     Solution:Please confirm that there is a blocking operation when you grab frame
Warning 2025-11-15 19:21:13  DevID:MV-CA013-A0UC(J06720615)  Source-Line:libMvUsb3vTL.so(StreamProcess.cpp-L1426)     Description:Delete one DataNode     Solution:Please confirm that there is a blocking operation when you grab frame
Warning 2025-11-15 19:21:13  DevID:MV-CA013-A0UC(J06720615)  Source-Line:libMvUsb3vTL.so(StreamProcess.cpp-L0844)     Description:[GetOneFrame] PreFrameNum[7841], CurFrameNum[7845]     Solution:
Warning 2025-11-15 19:21:13  DevID:MV-CA013-A0UC(J06720615)  Source-Line:libMvUsb3vTL.so(StreamProcess.cpp-L1426)     Description:Delete one DataNode     Solution:Please confirm that there is a blocking operation when you grab frame
Warning 2025-11-15 19:21:13  DevID:MV-CA013-A0UC(J06720615)  Source-Line:libMvUsb3vTL.so(StreamProcess.cpp-L1426)     Description:Delete one DataNode     Solution:Please confirm that there is a blocking operation when you grab frame
Warning 2025-11-15 19:21:13  DevID:MV-CA013-A0UC(J06720615)  Source-Line:libMvUsb3vTL.so(StreamProcess.cpp-L1426)     Description:Delete one DataNode     Solution:Please confirm that there is a blocking operation when you grab frame
Warning 2025-11-15 19:21:13  DevID:MV-CA013-A0UC(J06720615)  Source-Line:libMvUsb3vTL.so(StreamProcess.cpp-L0844)     Description:[GetOneFrame] PreFrameNum[7845], CurFrameNum[7849]     Solution:
Warning 2025-11-15 19:21:13  DevID:MV-CA013-A0UC(J06720615)  Source-Line:libMvUsb3vTL.so(StreamProcess.cpp-L1426)     Description:Delete one DataNode     Solution:Please confirm that there is a blocking operation when you grab frame
Warning 2025-11-15 19:21:13  DevID:MV-CA013-A0UC(J06720615)  Source-Line:libMvUsb3vTL.so(StreamProcess.cpp-L1426)     Description:Delete one DataNode     Solution:Please confirm that there is a blocking operation when you grab frame
Warning 2025-11-15 19:21:13  DevID:MV-CA013-A0UC(J06720615)  Source-Line:libMvUsb3vTL.so(StreamProcess.cpp-L1426)     Description:Delete one DataNode     Solution:Please confirm that there is a blocking operation when you grab frame
Warning 2025-11-15 19:21:13  DevID:MV-CA013-A0UC(J06720615)  Source-Line:libMvUsb3vTL.so(StreamProcess.cpp-L0844)     Description:[GetOneFrame] PreFrameNum[7849], CurFrameNum[7853]     Solution:
Warning 2025-11-15 19:21:13  DevID:MV-CA013-A0UC(J06720615)  Source-Line:libMvUsb3vTL.so(StreamProcess.cpp-L1426)     Description:Delete one DataNode     Solution:Please confirm that there is a blocking operation when you grab frame
Warning 2025-11-15 19:21:13  DevID:MV-CA013-A0UC(J06720615)  Source-Line:libMvUsb3vTL.so(StreamProcess.cpp-L1426)     Description:Delete one DataNode     Solution:Please confirm that there is a blocking operation when you grab frame
Warning 2025-11-15 19:21:13  DevID:MV-CA013-A0UC(J06720615)  Source-Line:libMvUsb3vTL.so(StreamProcess.cpp-L1426)     Description:Delete one DataNode     Solution:Please confirm that there is a blocking operation when you grab frame
Warning 2025-11-15 19:21:13  DevID:MV-CA013-A0UC(J06720615)  Source-Line:libMvUsb3vTL.so(StreamProcess.cpp-L0844)     Description:[GetOneFrame] PreFrameNum[7853], CurFrameNum[7857]     Solution:
Warning 2025-11-15 19:21:13  DevID:MV-CA013-A0UC(J06720615)  Source-Line:libMvUsb3vTL.so(StreamProcess.cpp-L1426)     Description:Delete one DataNode     Solution:Please confirm that there is a blocking operation when you grab frame
Warning 2025-11-15 19:21:13  DevID:MV-CA013-A0UC(J06720615)  Source-Line:libMvUsb3vTL.so(StreamProcess.cpp-L1426)     Description:Delete one DataNode     Solution:Please confirm that there is a blocking operation when you grab frame
Warning 2025-11-15 19:21:13  DevID:MV-CA013-A0UC(J06720615)  Source-Line:libMvUsb3vTL.so(StreamProcess.cpp-L1426)     Description:Delete one DataNode     Solution:Please confirm that there is a blocking operation when you grab frame
Warning 2025-11-15 19:21:13  DevID:MV-CA013-A0UC(J06720615)  Source-Line:libMvUsb3vTL.so(StreamProcess.cpp-L0844)     Description:[GetOneFrame] PreFrameNum[7857], CurFrameNum[7861]     Solution:
Warning 2025-11-15 19:21:13  DevID:MV-CA013-A0UC(J06720615)  Source-Line:libMvUsb3vTL.so(StreamProcess.cpp-L1426)     Description:Delete one DataNode     Solution:Please confirm that there is a blocking operation when you grab frame
Warning 2025-11-15 19:21:13  DevID:MV-CA013-A0UC(J06720615)  Source-Line:libMvUsb3vTL.so(StreamProcess.cpp-L1426)     Description:Delete one DataNode     Solution:Please confirm that there is a blocking operation when you grab frame
Warning 2025-11-15 19:21:13  DevID:MV-CA013-A0UC(J06720615)  Source-Line:libMvUsb3vTL.so(StreamProcess.cpp-L1426)     Description:Delete one DataNode     Solution:Please confirm that there is a blocking operation when you grab frame
Warning 2025-11-15 19:21:13  DevID:MV-CA013-A0UC(J06720615)  Source-Line:libMvUsb3vTL.so(StreamProcess.cpp-L0844)     Description:[GetOneFrame] PreFrameNum[7861], CurFrameNum[7865]     Solution:
Warning 2025-11-15 19:21:13  DevID:MV-CA013-A0UC(J06720615)  Source-Line:libMvUsb3vTL.so(StreamProcess.cpp-L1426)     Description:Delete one DataNode     Solution:Please confirm that there is a blocking operation when you grab frame
Warning 2025-11-15 19:21:13  DevID:MV-CA013-A0UC(J06720615)  Source-Line:libMvUsb3vTL.so(StreamProcess.cpp-L1426)     Description:Delete one DataNode     Solution:Please confirm that there is a blocking operation when you grab frame
Warning 2025-11-15 19:21:13  DevID:MV-CA013-A0UC(J06720615)  Source-Line:libMvUsb3vTL.so(StreamProcess.cpp-L1426)     Description:Delete one DataNode     Solution:Please confirm that there is a blocking operation when you grab frame
Warning 2025-11-15 19:21:13  DevID:MV-CA013-A0UC(J06720615)  Source-Line:libMvUsb3vTL.so(StreamProcess.cpp-L0844)     Description:[GetOneFrame] PreFrameNum[7865], CurFrameNum[7869]     Solution:
Warning 2025-11-15 19:21:13  DevID:MV-CA013-A0UC(J06720615)  Source-Line:libMvUsb3vTL.so(StreamProcess.cpp-L1426)     Description:Delete one DataNode     Solution:Please confirm that there is a blocking operation when you grab frame
Warning 2025-11-15 19:21:13  DevID:MV-CA013-A0UC(J06720615)  Source-Line:libMvUsb3vTL.so(StreamProcess.cpp-L1426)     Description:Delete one DataNode     Solution:Please confirm that there is a blocking operation when you grab frame
Warning 2025-11-15 19:21:13  DevID:MV-CA013-A0UC(J06720615)  Source-Line:libMvUsb3vTL.so(StreamProcess.cpp-L1426)     Description:Delete one DataNode     Solution:Please confirm that there is a blocking operation when you grab frame
Warning 2025-11-15 19:21:13  DevID:MV-CA013-A0UC(J06720615)  Source-Line:libMvUsb3vTL.so(StreamProcess.cpp-L0844)     Description:[GetOneFrame] PreFrameNum[7869], CurFrameNum[7873]     Solution:
Warning 2025-11-15 19:21:13  DevID:MV-CA013-A0UC(J06720615)  Source-Line:libMvUsb3vTL.so(StreamProcess.cpp-L1426)     Description:Delete one DataNode     Solution:Please confirm that there is a blocking operation when you grab frame
Warning 2025-11-15 19:21:13  DevID:MV-CA013-A0UC(J06720615)  Source-Line:libMvUsb3vTL.so(StreamProcess.cpp-L1426)     Description:Delete one DataNode     Solution:Please confirm that there is a blocking operation when you grab frame
Warning 2025-11-15 19:21:13  DevID:MV-CA013-A0UC(J06720615)  Source-Line:libMvUsb3vTL.so(StreamProcess.cpp-L1426)     Description:Delete one DataNode     Solution:Please confirm that there is a blocking operation when you grab frame
Warning 2025-11-15 19:21:13  DevID:MV-CA013-A0UC(J06720615)  Source-Line:libMvUsb3vTL.so(StreamProcess.cpp-L0844)     Description:[GetOneFrame] PreFrameNum[7873], CurFrameNum[7877]     Solution:
Warning 2025-11-15 19:21:13  DevID:MV-CA013-A0UC(J06720615)  Source-Line:libMvUsb3vTL.so(StreamProcess.cpp-L1426)     Description:Delete one DataNode     Solution:Please confirm that there is a blocking operation when you grab frame
Warning 2025-11-15 19:21:13  DevID:MV-CA013-A0UC(J06720615)  Source-Line:libMvUsb3vTL.so(StreamProcess.cpp-L1426)     Description:Delete one DataNode     Solution:Please confirm that there is a blocking operation when you grab frame
Warning 2025-11-15 19:21:13  DevID:MV-CA013-A0UC(J06720615)  Source-Line:libMvUsb3vTL.so(StreamProcess.cpp-L1426)     Description:Delete one DataNode     Solution:Please confirm that there is a blocking operation when you grab frame
Warning 2025-11-15 19:21:13  DevID:MV-CA013-A0UC(J06720615)  Source-Line:libMvUsb3vTL.so(StreamProcess.cpp-L0844)     Description:[GetOneFrame] PreFrameNum[7877], CurFrameNum[7881]     Solution:
Warning 2025-11-15 19:21:13  DevID:MV-CA013-A0UC(J06720615)  Source-Line:libMvUsb3vTL.so(StreamProcess.cpp-L1426)     Description:Delete one DataNode     Solution:Please confirm that there is a blocking operation when you grab frame
Warning 2025-11-15 19:21:13  DevID:MV-CA013-A0UC(J06720615)  Source-Line:libMvUsb3vTL.so(StreamProcess.cpp-L1426)     Description:Delete one DataNode     Solution:Please confirm that there is a blocking operation when you grab frame
Warning 2025-11-15 19:21:13  DevID:MV-CA013-A0UC(J06720615)  Source-Line:libMvUsb3vTL.so(StreamProcess.cpp-L1426)     Description:Delete one DataNode     Solution:Please confirm that there is a blocking operation when you grab frame
Warning 2025-11-15 19:21:13  DevID:MV-CA013-A0UC(J06720615)  Source-Line:libMvUsb3vTL.so(StreamProcess.cpp-L0844)     Description:[GetOneFrame] PreFrameNum[7881], CurFrameNum[7885]     Solution:
Warning 2025-11-15 19:21:13  DevID:MV-CA013-A0UC(J06720615)  Source-Line:libMvUsb3vTL.so(StreamProcess.cpp-L1426)     Description:Delete one DataNode     Solution:Please confirm that there is a blocking operation when you grab frame
Warning 2025-11-15 19:21:13  DevID:MV-CA013-A0UC(J06720615)  Source-Line:libMvUsb3vTL.so(StreamProcess.cpp-L1426)     Description:Delete one DataNode     Solution:Please confirm that there is a blocking operation when you grab frame
Warning 2025-11-15 19:21:13  DevID:MV-CA013-A0UC(J06720615)  Source-Line:libMvUsb3vTL.so(StreamProcess.cpp-L1426)     Description:Delete one DataNode     Solution:Please confirm that there is a blocking operation when you grab frame
Warning 2025-11-15 19:21:13  DevID:MV-CA013-A0UC(J06720615)  Source-Line:libMvUsb3vTL.so(StreamProcess.cpp-L0844)     Description:[GetOneFrame] PreFrameNum[7885], CurFrameNum[7889]     Solution:
Warning 2025-11-15 19:21:13  DevID:MV-CA013-A0UC(J06720615)  Source-Line:libMvUsb3vTL.so(StreamProcess.cpp-L1426)     Description:Delete one DataNode     Solution:Please confirm that there is a blocking operation when you grab frame
Warning 2025-11-15 19:21:13  DevID:MV-CA013-A0UC(J06720615)  Source-Line:libMvUsb3vTL.so(StreamProcess.cpp-L1426)     Description:Delete one DataNode     Solution:Please confirm that there is a blocking operation when you grab frame
Warning 2025-11-15 19:21:13  DevID:MV-CA013-A0UC(J06720615)  Source-Line:libMvUsb3vTL.so(StreamProcess.cpp-L1426)     Description:Delete one DataNode     Solution:Please confirm that there is a blocking operation when you grab frame
Warning 2025-11-15 19:21:13  DevID:MV-CA013-A0UC(J06720615)  Source-Line:libMvUsb3vTL.so(StreamProcess.cpp-L0844)     Description:[GetOneFrame] PreFrameNum[7889], CurFrameNum[7893]     Solution:
Warning 2025-11-15 19:21:13  DevID:MV-CA013-A0UC(J06720615)  Source-Line:libMvUsb3vTL.so(StreamProcess.cpp-L1426)     Description:Delete one DataNode     Solution:Please confirm that there is a blocking operation when you grab frame
Warning 2025-11-15 19:21:13  DevID:MV-CA013-A0UC(J06720615)  Source-Line:libMvUsb3vTL.so(StreamProcess.cpp-L1426)     Description:Delete one DataNode     Solution:Please confirm that there is a blocking operation when you grab frame
Warning 2025-11-15 19:21:13  DevID:MV-CA013-A0UC(J06720615)  Source-Line:libMvUsb3vTL.so(StreamProcess.cpp-L1426)     Description:Delete one DataNode     Solution:Please confirm that there is a blocking operation when you grab frame
Warning 2025-11-15 19:21:13  DevID:MV-CA013-A0UC(J06720615)  Source-Line:libMvUsb3vTL.so(StreamProcess.cpp-L0844)     Description:[GetOneFrame] PreFrameNum[7893], CurFrameNum[7897]     Solution:
Warning 2025-11-15 19:21:13  DevID:MV-CA013-A0UC(J06720615)  Source-Line:libMvUsb3vTL.so(StreamProcess.cpp-L1426)     Description:Delete one DataNode     Solution:Please confirm that there is a blocking operation when you grab frame
Warning 2025-11-15 19:21:13  DevID:MV-CA013-A0UC(J06720615)  Source-Line:libMvUsb3vTL.so(StreamProcess.cpp-L1426)     Description:Delete one DataNode     Solution:Please confirm that there is a blocking operation when you grab frame
Warning 2025-11-15 19:21:13  DevID:MV-CA013-A0UC(J06720615)  Source-Line:libMvUsb3vTL.so(StreamProcess.cpp-L1426)     Description:Delete one DataNode     Solution:Please confirm that there is a blocking operation when you grab frame
Warning 2025-11-15 19:21:13  DevID:MV-CA013-A0UC(J06720615)  Source-Line:libMvUsb3vTL.so(StreamProcess.cpp-L0844)     Description:[GetOneFrame] PreFrameNum[7897], CurFrameNum[7901]     Solution:
Warning 2025-11-15 19:21:13  DevID:MV-CA013-A0UC(J06720615)  Source-Line:libMvUsb3vTL.so(StreamProcess.cpp-L1426)     Description:Delete one DataNode     Solution:Please confirm that there is a blocking operation when you grab frame
Warning 2025-11-15 19:21:13  DevID:MV-CA013-A0UC(J06720615)  Source-Line:libMvUsb3vTL.so(StreamProcess.cpp-L1426)     Description:Delete one DataNode     Solution:Please confirm that there is a blocking operation when you grab frame
Warning 2025-11-15 19:21:13  DevID:MV-CA013-A0UC(J06720615)  Source-Line:libMvUsb3vTL.so(StreamProcess.cpp-L1426)     Description:Delete one DataNode     Solution:Please confirm that there is a blocking operation when you grab frame
Warning 2025-11-15 19:21:13  DevID:MV-CA013-A0UC(J06720615)  Source-Line:libMvUsb3vTL.so(StreamProcess.cpp-L0844)     Description:[GetOneFrame] PreFrameNum[7901], CurFrameNum[7905]     Solution:
Warning 2025-11-15 19:21:13  DevID:MV-CA013-A0UC(J06720615)  Source-Line:libMvUsb3vTL.so(StreamProcess.cpp-L1426)     Description:Delete one DataNode     Solution:Please confirm that there is a blocking operation when you grab frame
Warning 2025-11-15 19:21:13  DevID:MV-CA013-A0UC(J06720615)  Source-Line:libMvUsb3vTL.so(StreamProcess.cpp-L1426)     Description:Delete one DataNode     Solution:Please confirm that there is a blocking operation when you grab frame
Warning 2025-11-15 19:21:13  DevID:MV-CA013-A0UC(J06720615)  Source-Line:libMvUsb3vTL.so(StreamProcess.cpp-L1426)     Description:Delete one DataNode     Solution:Please confirm that there is a blocking operation when you grab frame
Warning 2025-11-15 19:21:13  DevID:MV-CA013-A0UC(J06720615)  Source-Line:libMvUsb3vTL.so(StreamProcess.cpp-L0844)     Description:[GetOneFrame] PreFrameNum[7905], CurFrameNum[7909]     Solution:
Warning 2025-11-15 19:21:13  DevID:MV-CA013-A0UC(J06720615)  Source-Line:libMvUsb3vTL.so(StreamProcess.cpp-L1426)     Description:Delete one DataNode     Solution:Please confirm that there is a blocking operation when you grab frame
Warning 2025-11-15 19:21:13  DevID:MV-CA013-A0UC(J06720615)  Source-Line:libMvUsb3vTL.so(StreamProcess.cpp-L1426)     Description:Delete one DataNode     Solution:Please confirm that there is a blocking operation when you grab frame
Warning 2025-11-15 19:21:13  DevID:MV-CA013-A0UC(J06720615)  Source-Line:libMvUsb3vTL.so(StreamProcess.cpp-L1426)     Description:Delete one DataNode     Solution:Please confirm that there is a blocking operation when you grab frame
Warning 2025-11-15 19:21:13  DevID:MV-CA013-A0UC(J06720615)  Source-Line:libMvUsb3vTL.so(StreamProcess.cpp-L1426)     Description:Delete one DataNode     Solution:Please confirm that there is a blocking operation when you grab frame
Warning 2025-11-15 19:21:13  DevID:MV-CA013-A0UC(J06720615)  Source-Line:libMvUsb3vTL.so(StreamProcess.cpp-L1426)     Description:Delete one DataNode     Solution:Please confirm that there is a blocking operation when you grab frame
Warning 2025-11-15 19:21:13  DevID:MV-CA013-A0UC(J06720615)  Source-Line:libMvUsb3vTL.so(StreamProcess.cpp-L0844)     Description:[GetOneFrame] PreFrameNum[7909], CurFrameNum[7915]     Solution:
Warning 2025-11-15 19:21:13  DevID:MV-CA013-A0UC(J06720615)  Source-Line:libMvUsb3vTL.so(StreamProcess.cpp-L1426)     Description:Delete one DataNode     Solution:Please confirm that there is a blocking operation when you grab frame
Warning 2025-11-15 19:21:13  DevID:MV-CA013-A0UC(J06720615)  Source-Line:libMvUsb3vTL.so(StreamProcess.cpp-L1426)     Description:Delete one DataNode     Solution:Please confirm that there is a blocking operation when you grab frame
Warning 2025-11-15 19:21:13  DevID:MV-CA013-A0UC(J06720615)  Source-Line:libMvUsb3vTL.so(StreamProcess.cpp-L1426)     Description:Delete one DataNode     Solution:Please confirm that there is a blocking operation when you grab frame
Warning 2025-11-15 19:21:13  DevID:MV-CA013-A0UC(J06720615)  Source-Line:libMvUsb3vTL.so(StreamProcess.cpp-L0844)     Description:[GetOneFrame] PreFrameNum[7915], CurFrameNum[7919]     Solution:
Warning 2025-11-15 19:21:13  DevID:MV-CA013-A0UC(J06720615)  Source-Line:libMvUsb3vTL.so(StreamProcess.cpp-L1426)     Description:Delete one DataNode     Solution:Please confirm that there is a blocking operation when you grab frame
Warning 2025-11-15 19:21:13  DevID:MV-CA013-A0UC(J06720615)  Source-Line:libMvUsb3vTL.so(StreamProcess.cpp-L1426)     Description:Delete one DataNode     Solution:Please confirm that there is a blocking operation when you grab frame
Warning 2025-11-15 19:21:13  DevID:MV-CA013-A0UC(J06720615)  Source-Line:libMvUsb3vTL.so(StreamProcess.cpp-L1426)     Description:Delete one DataNode     Solution:Please confirm that there is a blocking operation when you grab frame
Warning 2025-11-15 19:21:13  DevID:MV-CA013-A0UC(J06720615)  Source-Line:libMvUsb3vTL.so(StreamProcess.cpp-L0844)     Description:[GetOneFrame] PreFrameNum[7919], CurFrameNum[7923]     Solution:
Warning 2025-11-15 19:21:13  DevID:MV-CA013-A0UC(J06720615)  Source-Line:libMvUsb3vTL.so(StreamProcess.cpp-L1426)     Description:Delete one DataNode     Solution:Please confirm that there is a blocking operation when you grab frame
Warning 2025-11-15 19:21:13  DevID:MV-CA013-A0UC(J06720615)  Source-Line:libMvUsb3vTL.so(StreamProcess.cpp-L1426)     Description:Delete one DataNode     Solution:Please confirm that there is a blocking operation when you grab frame
Warning 2025-11-15 19:21:13  DevID:MV-CA013-A0UC(J06720615)  Source-Line:libMvUsb3vTL.so(StreamProcess.cpp-L1426)     Description:Delete one DataNode     Solution:Please confirm that there is a blocking operation when you grab frame
Warning 2025-11-15 19:21:13  DevID:MV-CA013-A0UC(J06720615)  Source-Line:libMvUsb3vTL.so(StreamProcess.cpp-L0844)     Description:[GetOneFrame] PreFrameNum[7923], CurFrameNum[7927]     Solution:
Warning 2025-11-15 19:21:13  DevID:MV-CA013-A0UC(J06720615)  Source-Line:libMvUsb3vTL.so(StreamProcess.cpp-L1426)     Description:Delete one DataNode     Solution:Please confirm that there is a blocking operation when you grab frame
Warning 2025-11-15 19:21:13  DevID:MV-CA013-A0UC(J06720615)  Source-Line:libMvUsb3vTL.so(StreamProcess.cpp-L1426)     Description:Delete one DataNode     Solution:Please confirm that there is a blocking operation when you grab frame
Warning 2025-11-15 19:21:13  DevID:MV-CA013-A0UC(J06720615)  Source-Line:libMvUsb3vTL.so(StreamProcess.cpp-L1426)     Description:Delete one DataNode     Solution:Please confirm that there is a blocking operation when you grab frame
Warning 2025-11-15 19:21:13  DevID:MV-CA013-A0UC(J06720615)  Source-Line:libMvUsb3vTL.so(StreamProcess.cpp-L0844)     Description:[GetOneFrame] PreFrameNum[7927], CurFrameNum[7931]     Solution:
Warning 2025-11-15 19:21:13  DevID:MV-CA013-A0UC(J06720615)  Source-Line:libMvUsb3vTL.so(StreamProcess.cpp-L1426)     Description:Delete one DataNode     Solution:Please confirm that there is a blocking operation when you grab frame
Warning 2025-11-15 19:21:13  DevID:MV-CA013-A0UC(J06720615)  Source-Line:libMvUsb3vTL.so(StreamProcess.cpp-L1426)     Description:Delete one DataNode     Solution:Please confirm that there is a blocking operation when you grab frame
Warning 2025-11-15 19:21:13  DevID:MV-CA013-A0UC(J06720615)  Source-Line:libMvUsb3vTL.so(StreamProcess.cpp-L1426)     Description:Delete one DataNode     Solution:Please confirm that there is a blocking operation when you grab frame
Warning 2025-11-15 19:21:13  DevID:MV-CA013-A0UC(J06720615)  Source-Line:libMvUsb3vTL.so(StreamProcess.cpp-L0844)     Description:[GetOneFrame] PreFrameNum[7931], CurFrameNum[7935]     Solution:
Warning 2025-11-15 19:21:13  DevID:MV-CA013-A0UC(J06720615)  Source-Line:libMvUsb3vTL.so(StreamProcess.cpp-L1426)     Description:Delete one DataNode     Solution:Please confirm that there is a blocking operation when you grab frame
Warning 2025-11-15 19:21:13  DevID:MV-CA013-A0UC(J06720615)  Source-Line:libMvUsb3vTL.so(StreamProcess.cpp-L1426)     Description:Delete one DataNode     Solution:Please confirm that there is a blocking operation when you grab frame
Warning 2025-11-15 19:21:13  DevID:MV-CA013-A0UC(J06720615)  Source-Line:libMvUsb3vTL.so(StreamProcess.cpp-L1426)     Description:Delete one DataNode     Solution:Please confirm that there is a blocking operation when you grab frame
Warning 2025-11-15 19:21:13  DevID:MV-CA013-A0UC(J06720615)  Source-Line:libMvUsb3vTL.so(StreamProcess.cpp-L0844)     Description:[GetOneFrame] PreFrameNum[7935], CurFrameNum[7939]     Solution:
Warning 2025-11-15 19:21:13  DevID:MV-CA013-A0UC(J06720615)  Source-Line:libMvUsb3vTL.so(StreamProcess.cpp-L1426)     Description:Delete one DataNode     Solution:Please confirm that there is a blocking operation when you grab frame
Warning 2025-11-15 19:21:13  DevID:MV-CA013-A0UC(J06720615)  Source-Line:libMvUsb3vTL.so(StreamProcess.cpp-L1426)     Description:Delete one DataNode     Solution:Please confirm that there is a blocking operation when you grab frame
Warning 2025-11-15 19:21:13  DevID:MV-CA013-A0UC(J06720615)  Source-Line:libMvUsb3vTL.so(StreamProcess.cpp-L1426)     Description:Delete one DataNode     Solution:Please confirm that there is a blocking operation when you grab frame
Warning 2025-11-15 19:21:13  DevID:MV-CA013-A0UC(J06720615)  Source-Line:libMvUsb3vTL.so(StreamProcess.cpp-L0844)     Description:[GetOneFrame] PreFrameNum[7939], CurFrameNum[7943]     Solution:
Warning 2025-11-15 19:21:13  DevID:MV-CA013-A0UC(J06720615)  Source-Line:libMvUsb3vTL.so(StreamProcess.cpp-L1426)     Description:Delete one DataNode     Solution:Please confirm that there is a blocking operation when you grab frame
Warning 2025-11-15 19:21:13  DevID:MV-CA013-A0UC(J06720615)  Source-Line:libMvUsb3vTL.so(StreamProcess.cpp-L1426)     Description:Delete one DataNode     Solution:Please confirm that there is a blocking operation when you grab frame
Warning 2025-11-15 19:21:13  DevID:MV-CA013-A0UC(J06720615)  Source-Line:libMvUsb3vTL.so(StreamProcess.cpp-L1426)     Description:Delete one DataNode     Solution:Please confirm that there is a blocking operation when you grab frame
Warning 2025-11-15 19:21:13  DevID:MV-CA013-A0UC(J06720615)  Source-Line:libMvUsb3vTL.so(StreamProcess.cpp-L0844)     Description:[GetOneFrame] PreFrameNum[7943], CurFrameNum[7947]     Solution:
Warning 2025-11-15 19:21:13  DevID:MV-CA013-A0UC(J06720615)  Source-Line:libMvUsb3vTL.so(StreamProcess.cpp-L1426)     Description:Delete one DataNode     Solution:Please confirm that there is a blocking operation when you grab frame
Warning 2025-11-15 19:21:13  DevID:MV-CA013-A0UC(J06720615)  Source-Line:libMvUsb3vTL.so(StreamProcess.cpp-L1426)     Description:Delete one DataNode     Solution:Please confirm that there is a blocking operation when you grab frame
Warning 2025-11-15 19:21:13  DevID:MV-CA013-A0UC(J06720615)  Source-Line:libMvUsb3vTL.so(StreamProcess.cpp-L1426)     Description:Delete one DataNode     Solution:Please confirm that there is a blocking operation when you grab frame
Warning 2025-11-15 19:21:13  DevID:MV-CA013-A0UC(J06720615)  Source-Line:libMvUsb3vTL.so(StreamProcess.cpp-L0844)     Description:[GetOneFrame] PreFrameNum[7947], CurFrameNum[7951]     Solution:
Warning 2025-11-15 19:21:13  DevID:MV-CA013-A0UC(J06720615)  Source-Line:libMvUsb3vTL.so(StreamProcess.cpp-L1426)     Description:Delete one DataNode     Solution:Please confirm that there is a blocking operation when you grab frame
Warning 2025-11-15 19:21:13  DevID:MV-CA013-A0UC(J06720615)  Source-Line:libMvUsb3vTL.so(StreamProcess.cpp-L1426)     Description:Delete one DataNode     Solution:Please confirm that there is a blocking operation when you grab frame
Warning 2025-11-15 19:21:13  DevID:MV-CA013-A0UC(J06720615)  Source-Line:libMvUsb3vTL.so(StreamProcess.cpp-L1426)     Description:Delete one DataNode     Solution:Please confirm that there is a blocking operation when you grab frame
Warning 2025-11-15 19:21:13  DevID:MV-CA013-A0UC(J06720615)  Source-Line:libMvUsb3vTL.so(StreamProcess.cpp-L0844)     Description:[GetOneFrame] PreFrameNum[7951], CurFrameNum[7955]     Solution:
Warning 2025-11-15 19:21:13  DevID:MV-CA013-A0UC(J06720615)  Source-Line:libMvUsb3vTL.so(StreamProcess.cpp-L1426)     Description:Delete one DataNode     Solution:Please confirm that there is a blocking operation when you grab frame
Warning 2025-11-15 19:21:13  DevID:MV-CA013-A0UC(J06720615)  Source-Line:libMvUsb3vTL.so(StreamProcess.cpp-L1426)     Description:Delete one DataNode     Solution:Please confirm that there is a blocking operation when you grab frame
Warning 2025-11-15 19:21:13  DevID:MV-CA013-A0UC(J06720615)  Source-Line:libMvUsb3vTL.so(StreamProcess.cpp-L1426)     Description:Delete one DataNode     Solution:Please confirm that there is a blocking operation when you grab frame
Warning 2025-11-15 19:21:13  DevID:MV-CA013-A0UC(J06720615)  Source-Line:libMvUsb3vTL.so(StreamProcess.cpp-L0844)     Description:[GetOneFrame] PreFrameNum[7955], CurFrameNum[7959]     Solution:
Warning 2025-11-15 19:21:13  DevID:MV-CA013-A0UC(J06720615)  Source-Line:libMvUsb3vTL.so(StreamProcess.cpp-L1426)     Description:Delete one DataNode     Solution:Please confirm that there is a blocking operation when you grab frame
Warning 2025-11-15 19:21:13  DevID:MV-CA013-A0UC(J06720615)  Source-Line:libMvUsb3vTL.so(StreamProcess.cpp-L1426)     Description:Delete one DataNode     Solution:Please confirm that there is a blocking operation when you grab frame
Warning 2025-11-15 19:21:13  DevID:MV-CA013-A0UC(J06720615)  Source-Line:libMvUsb3vTL.so(StreamProcess.cpp-L1426)     Description:Delete one DataNode     Solution:Please confirm that there is a blocking operation when you grab frame
Warning 2025-11-15 19:21:13  DevID:MV-CA013-A0UC(J06720615)  Source-Line:libMvUsb3vTL.so(StreamProcess.cpp-L0844)     Description:[GetOneFrame] PreFrameNum[7959], CurFrameNum[7963]     Solution:
Warning 2025-11-15 19:21:13  DevID:MV-CA013-A0UC(J06720615)  Source-Line:libMvUsb3vTL.so(StreamProcess.cpp-L1426)     Description:Delete one DataNode     Solution:Please confirm that there is a blocking operation when you grab frame
Warning 2025-11-15 19:21:13  DevID:MV-CA013-A0UC(J06720615)  Source-Line:libMvUsb3vTL.so(StreamProcess.cpp-L1426)     Description:Delete one DataNode     Solution:Please confirm that there is a blocking operation when you grab frame
Warning 2025-11-15 19:21:13  DevID:MV-CA013-A0UC(J06720615)  Source-Line:libMvUsb3vTL.so(StreamProcess.cpp-L1426)     Description:Delete one DataNode     Solution:Please confirm that there is a blocking operation when you grab frame
Warning 2025-11-15 19:21:13  DevID:MV-CA013-A0UC(J06720615)  Source-Line:libMvUsb3vTL.so(StreamProcess.cpp-L0844)     Description:[GetOneFrame] PreFrameNum[7963], CurFrameNum[7967]     Solution:
Warning 2025-11-15 19:21:13  DevID:MV-CA013-A0UC(J06720615)  Source-Line:libMvUsb3vTL.so(StreamProcess.cpp-L1426)     Description:Delete one DataNode     Solution:Please confirm that there is a blocking operation when you grab frame
Warning 2025-11-15 19:21:13  DevID:MV-CA013-A0UC(J06720615)  Source-Line:libMvUsb3vTL.so(StreamProcess.cpp-L1426)     Description:Delete one DataNode     Solution:Please confirm that there is a blocking operation when you grab frame
Warning 2025-11-15 19:21:13  DevID:MV-CA013-A0UC(J06720615)  Source-Line:libMvUsb3vTL.so(StreamProcess.cpp-L1426)     Description:Delete one DataNode     Solution:Please confirm that there is a blocking operation when you grab frame
Warning 2025-11-15 19:21:13  DevID:MV-CA013-A0UC(J06720615)  Source-Line:libMvUsb3vTL.so(StreamProcess.cpp-L0844)     Description:[GetOneFrame] PreFrameNum[7967], CurFrameNum[7971]     Solution:
Warning 2025-11-15 19:21:13  DevID:MV-CA013-A0UC(J06720615)  Source-Line:libMvUsb3vTL.so(StreamProcess.cpp-L1426)     Description:Delete one DataNode     Solution:Please confirm that there is a blocking operation when you grab frame
Warning 2025-11-15 19:21:13  DevID:MV-CA013-A0UC(J06720615)  Source-Line:libMvUsb3vTL.so(StreamProcess.cpp-L1426)     Description:Delete one DataNode     Solution:Please confirm that there is a blocking operation when you grab frame
Warning 2025-11-15 19:21:13  DevID:MV-CA013-A0UC(J06720615)  Source-Line:libMvUsb3vTL.so(StreamProcess.cpp-L1426)     Description:Delete one DataNode     Solution:Please confirm that there is a blocking operation when you grab frame
Warning 2025-11-15 19:21:13  DevID:MV-CA013-A0UC(J06720615)  Source-Line:libMvUsb3vTL.so(StreamProcess.cpp-L0844)     Description:[GetOneFrame] PreFrameNum[7971], CurFrameNum[7975]     Solution:
Warning 2025-11-15 19:21:13  DevID:MV-CA013-A0UC(J06720615)  Source-Line:libMvUsb3vTL.so(StreamProcess.cpp-L1426)     Description:Delete one DataNode     Solution:Please confirm that there is a blocking operation when you grab frame
Warning 2025-11-15 19:21:13  DevID:MV-CA013-A0UC(J06720615)  Source-Line:libMvUsb3vTL.so(StreamProcess.cpp-L1426)     Description:Delete one DataNode     Solution:Please confirm that there is a blocking operation when you grab frame
Warning 2025-11-15 19:21:13  DevID:MV-CA013-A0UC(J06720615)  Source-Line:libMvUsb3vTL.so(StreamProcess.cpp-L1426)     Description:Delete one DataNode     Solution:Please confirm that there is a blocking operation when you grab frame
Warning 2025-11-15 19:21:13  DevID:MV-CA013-A0UC(J06720615)  Source-Line:libMvUsb3vTL.so(StreamProcess.cpp-L0844)     Description:[GetOneFrame] PreFrameNum[7975], CurFrameNum[7979]     Solution:
Warning 2025-11-15 19:21:13  DevID:MV-CA013-A0UC(J06720615)  Source-Line:libMvUsb3vTL.so(StreamProcess.cpp-L1426)     Description:Delete one DataNode     Solution:Please confirm that there is a blocking operation when you grab frame
Warning 2025-11-15 19:21:13  DevID:MV-CA013-A0UC(J06720615)  Source-Line:libMvUsb3vTL.so(StreamProcess.cpp-L1426)     Description:Delete one DataNode     Solution:Please confirm that there is a blocking operation when you grab frame
Warning 2025-11-15 19:21:13  DevID:MV-CA013-A0UC(J06720615)  Source-Line:libMvUsb3vTL.so(StreamProcess.cpp-L1426)     Description:Delete one DataNode     Solution:Please confirm that there is a blocking operation when you grab frame
Warning 2025-11-15 19:21:13  DevID:MV-CA013-A0UC(J06720615)  Source-Line:libMvUsb3vTL.so(StreamProcess.cpp-L0844)     Description:[GetOneFrame] PreFrameNum[7979], CurFrameNum[7983]     Solution:
Warning 2025-11-15 19:21:13  DevID:MV-CA013-A0UC(J06720615)  Source-Line:libMvUsb3vTL.so(StreamProcess.cpp-L1426)     Description:Delete one DataNode     Solution:Please confirm that there is a blocking operation when you grab frame
Warning 2025-11-15 19:21:13  DevID:MV-CA013-A0UC(J06720615)  Source-Line:libMvUsb3vTL.so(StreamProcess.cpp-L1426)     Description:Delete one DataNode     Solution:Please confirm that there is a blocking operation when you grab frame
Warning 2025-11-15 19:21:13  DevID:MV-CA013-A0UC(J06720615)  Source-Line:libMvUsb3vTL.so(StreamProcess.cpp-L1426)     Description:Delete one DataNode     Solution:Please confirm that there is a blocking operation when you grab frame
Warning 2025-11-15 19:21:13  DevID:MV-CA013-A0UC(J06720615)  Source-Line:libMvUsb3vTL.so(StreamProcess.cpp-L0844)     Description:[GetOneFrame] PreFrameNum[7983], CurFrameNum[7987]     Solution:
Warning 2025-11-15 19:21:13  DevID:MV-CA013-A0UC(J06720615)  Source-Line:libMvUsb3vTL.so(StreamProcess.cpp-L1426)     Description:Delete one DataNode     Solution:Please confirm that there is a blocking operation when you grab frame
Warning 2025-11-15 19:21:13  DevID:MV-CA013-A0UC(J06720615)  Source-Line:libMvUsb3vTL.so(StreamProcess.cpp-L1426)     Description:Delete one DataNode     Solution:Please confirm that there is a blocking operation when you grab frame
Warning 2025-11-15 19:21:13  DevID:MV-CA013-A0UC(J06720615)  Source-Line:libMvUsb3vTL.so(StreamProcess.cpp-L1426)     Description:Delete one DataNode     Solution:Please confirm that there is a blocking operation when you grab frame
Warning 2025-11-15 19:21:13  DevID:MV-CA013-A0UC(J06720615)  Source-Line:libMvUsb3vTL.so(StreamProcess.cpp-L0844)     Description:[GetOneFrame] PreFrameNum[7987], CurFrameNum[7991]     Solution:
Warning 2025-11-15 19:21:13  DevID:MV-CA013-A0UC(J06720615)  Source-Line:libMvUsb3vTL.so(StreamProcess.cpp-L1426)     Description:Delete one DataNode     Solution:Please confirm that there is a blocking operation when you grab frame
Warning 2025-11-15 19:21:13  DevID:MV-CA013-A0UC(J06720615)  Source-Line:libMvUsb3vTL.so(StreamProcess.cpp-L1426)     Description:Delete one DataNode     Solution:Please confirm that there is a blocking operation when you grab frame
Warning 2025-11-15 19:21:13  DevID:MV-CA013-A0UC(J06720615)  Source-Line:libMvUsb3vTL.so(StreamProcess.cpp-L1426)     Description:Delete one DataNode     Solution:Please confirm that there is a blocking operation when you grab frame
Warning 2025-11-15 19:21:13  DevID:MV-CA013-A0UC(J06720615)  Source-Line:libMvUsb3vTL.so(StreamProcess.cpp-L0844)     Description:[GetOneFrame] PreFrameNum[7991], CurFrameNum[7995]     Solution:
Warning 2025-11-15 19:21:13  DevID:MV-CA013-A0UC(J06720615)  Source-Line:libMvUsb3vTL.so(StreamProcess.cpp-L1426)     Description:Delete one DataNode     Solution:Please confirm that there is a blocking operation when you grab frame
Warning 2025-11-15 19:21:13  DevID:MV-CA013-A0UC(J06720615)  Source-Line:libMvUsb3vTL.so(StreamProcess.cpp-L1426)     Description:Delete one DataNode     Solution:Please confirm that there is a blocking operation when you grab frame
Warning 2025-11-15 19:21:13  DevID:MV-CA013-A0UC(J06720615)  Source-Line:libMvUsb3vTL.so(StreamProcess.cpp-L0844)     Description:[GetOneFrame] PreFrameNum[7995], CurFrameNum[7998]     Solution:
Warning 2025-11-15 19:21:13  DevID:MV-CA013-A0UC(J06720615)  Source-Line:libMvUsb3vTL.so(StreamProcess.cpp-L1426)     Description:Delete one DataNode     Solution:Please confirm that there is a blocking operation when you grab frame
Warning 2025-11-15 19:21:13  DevID:MV-CA013-A0UC(J06720615)  Source-Line:libMvUsb3vTL.so(StreamProcess.cpp-L1426)     Description:Delete one DataNode     Solution:Please confirm that there is a blocking operation when you grab frame
Warning 2025-11-15 19:21:13  DevID:MV-CA013-A0UC(J06720615)  Source-Line:libMvUsb3vTL.so(StreamProcess.cpp-L1426)     Description:Delete one DataNode     Solution:Please confirm that there is a blocking operation when you grab frame
Warning 2025-11-15 19:21:13  DevID:MV-CA013-A0UC(J06720615)  Source-Line:libMvUsb3vTL.so(StreamProcess.cpp-L0844)     Description:[GetOneFrame] PreFrameNum[7998], CurFrameNum[8002]     Solution:
Warning 2025-11-15 19:21:13  DevID:MV-CA013-A0UC(J06720615)  Source-Line:libMvUsb3vTL.so(StreamProcess.cpp-L1426)     Description:Delete one DataNode     Solution:Please confirm that there is a blocking operation when you grab frame
Warning 2025-11-15 19:21:13  DevID:MV-CA013-A0UC(J06720615)  Source-Line:libMvUsb3vTL.so(StreamProcess.cpp-L1426)     Description:Delete one DataNode     Solution:Please confirm that there is a blocking operation when you grab frame
Warning 2025-11-15 19:21:13  DevID:MV-CA013-A0UC(J06720615)  Source-Line:libMvUsb3vTL.so(StreamProcess.cpp-L1426)     Description:Delete one DataNode     Solution:Please confirm that there is a blocking operation when you grab frame
Warning 2025-11-15 19:21:13  DevID:MV-CA013-A0UC(J06720615)  Source-Line:libMvUsb3vTL.so(StreamProcess.cpp-L0844)     Description:[GetOneFrame] PreFrameNum[8002], CurFrameNum[8006]     Solution:
Warning 2025-11-15 19:21:13  DevID:MV-CA013-A0UC(J06720615)  Source-Line:libMvUsb3vTL.so(StreamProcess.cpp-L1426)     Description:Delete one DataNode     Solution:Please confirm that there is a blocking operation when you grab frame
Warning 2025-11-15 19:21:13  DevID:MV-CA013-A0UC(J06720615)  Source-Line:libMvUsb3vTL.so(StreamProcess.cpp-L1426)     Description:Delete one DataNode     Solution:Please confirm that there is a blocking operation when you grab frame
Warning 2025-11-15 19:21:13  DevID:MV-CA013-A0UC(J06720615)  Source-Line:libMvUsb3vTL.so(StreamProcess.cpp-L1426)     Description:Delete one DataNode     Solution:Please confirm that there is a blocking operation when you grab frame
Warning 2025-11-15 19:21:13  DevID:MV-CA013-A0UC(J06720615)  Source-Line:libMvUsb3vTL.so(StreamProcess.cpp-L0844)     Description:[GetOneFrame] PreFrameNum[8006], CurFrameNum[8010]     Solution:
Warning 2025-11-15 19:21:13  DevID:MV-CA013-A0UC(J06720615)  Source-Line:libMvUsb3vTL.so(StreamProcess.cpp-L1426)     Description:Delete one DataNode     Solution:Please confirm that there is a blocking operation when you grab frame
Warning 2025-11-15 19:21:13  DevID:MV-CA013-A0UC(J06720615)  Source-Line:libMvUsb3vTL.so(StreamProcess.cpp-L1426)     Description:Delete one DataNode     Solution:Please confirm that there is a blocking operation when you grab frame
Warning 2025-11-15 19:21:13  DevID:MV-CA013-A0UC(J06720615)  Source-Line:libMvUsb3vTL.so(StreamProcess.cpp-L1426)     Description:Delete one DataNode     Solution:Please confirm that there is a blocking operation when you grab frame
Warning 2025-11-15 19:21:13  DevID:MV-CA013-A0UC(J06720615)  Source-Line:libMvUsb3vTL.so(StreamProcess.cpp-L0844)     Description:[GetOneFrame] PreFrameNum[8010], CurFrameNum[8014]     Solution:
Warning 2025-11-15 19:21:13  DevID:MV-CA013-A0UC(J06720615)  Source-Line:libMvUsb3vTL.so(StreamProcess.cpp-L1426)     Description:Delete one DataNode     Solution:Please confirm that there is a blocking operation when you grab frame
Warning 2025-11-15 19:21:13  DevID:MV-CA013-A0UC(J06720615)  Source-Line:libMvUsb3vTL.so(StreamProcess.cpp-L1426)     Description:Delete one DataNode     Solution:Please confirm that there is a blocking operation when you grab frame
Warning 2025-11-15 19:21:13  DevID:MV-CA013-A0UC(J06720615)  Source-Line:libMvUsb3vTL.so(StreamProcess.cpp-L1426)     Description:Delete one DataNode     Solution:Please confirm that there is a blocking operation when you grab frame
Warning 2025-11-15 19:21:13  DevID:MV-CA013-A0UC(J06720615)  Source-Line:libMvUsb3vTL.so(StreamProcess.cpp-L0844)     Description:[GetOneFrame] PreFrameNum[8014], CurFrameNum[8018]     Solution:
Warning 2025-11-15 19:21:13  DevID:MV-CA013-A0UC(J06720615)  Source-Line:libMvUsb3vTL.so(StreamProcess.cpp-L1426)     Description:Delete one DataNode     Solution:Please confirm that there is a blocking operation when you grab frame
Warning 2025-11-15 19:21:13  DevID:MV-CA013-A0UC(J06720615)  Source-Line:libMvUsb3vTL.so(StreamProcess.cpp-L1426)     Description:Delete one DataNode     Solution:Please confirm that there is a blocking operation when you grab frame
Warning 2025-11-15 19:21:13  DevID:MV-CA013-A0UC(J06720615)  Source-Line:libMvUsb3vTL.so(StreamProcess.cpp-L1426)     Description:Delete one DataNode     Solution:Please confirm that there is a blocking operation when you grab frame
Warning 2025-11-15 19:21:13  DevID:MV-CA013-A0UC(J06720615)  Source-Line:libMvUsb3vTL.so(StreamProcess.cpp-L0844)     Description:[GetOneFrame] PreFrameNum[8018], CurFrameNum[8022]     Solution:
Warning 2025-11-15 19:21:13  DevID:MV-CA013-A0UC(J06720615)  Source-Line:libMvUsb3vTL.so(StreamProcess.cpp-L1426)     Description:Delete one DataNode     Solution:Please confirm that there is a blocking operation when you grab frame
Warning 2025-11-15 19:21:13  DevID:MV-CA013-A0UC(J06720615)  Source-Line:libMvUsb3vTL.so(StreamProcess.cpp-L1426)     Description:Delete one DataNode     Solution:Please confirm that there is a blocking operation when you grab frame
Warning 2025-11-15 19:21:13  DevID:MV-CA013-A0UC(J06720615)  Source-Line:libMvUsb3vTL.so(StreamProcess.cpp-L1426)     Description:Delete one DataNode     Solution:Please confirm that there is a blocking operation when you grab frame
Warning 2025-11-15 19:21:13  DevID:MV-CA013-A0UC(J06720615)  Source-Line:libMvUsb3vTL.so(StreamProcess.cpp-L0844)     Description:[GetOneFrame] PreFrameNum[8022], CurFrameNum[8026]     Solution:
Warning 2025-11-15 19:21:13  DevID:MV-CA013-A0UC(J06720615)  Source-Line:libMvUsb3vTL.so(StreamProcess.cpp-L1426)     Description:Delete one DataNode     Solution:Please confirm that there is a blocking operation when you grab frame
Warning 2025-11-15 19:21:13  DevID:MV-CA013-A0UC(J06720615)  Source-Line:libMvUsb3vTL.so(StreamProcess.cpp-L1426)     Description:Delete one DataNode     Solution:Please confirm that there is a blocking operation when you grab frame
Warning 2025-11-15 19:21:13  DevID:MV-CA013-A0UC(J06720615)  Source-Line:libMvUsb3vTL.so(StreamProcess.cpp-L1426)     Description:Delete one DataNode     Solution:Please confirm that there is a blocking operation when you grab frame
Warning 2025-11-15 19:21:13  DevID:MV-CA013-A0UC(J06720615)  Source-Line:libMvUsb3vTL.so(StreamProcess.cpp-L0844)     Description:[GetOneFrame] PreFrameNum[8026], CurFrameNum[8030]     Solution:
Warning 2025-11-15 19:21:13  DevID:MV-CA013-A0UC(J06720615)  Source-Line:libMvUsb3vTL.so(StreamProcess.cpp-L1426)     Description:Delete one DataNode     Solution:Please confirm that there is a blocking operation when you grab frame
Warning 2025-11-15 19:21:13  DevID:MV-CA013-A0UC(J06720615)  Source-Line:libMvUsb3vTL.so(StreamProcess.cpp-L1426)     Description:Delete one DataNode     Solution:Please confirm that there is a blocking operation when you grab frame
Warning 2025-11-15 19:21:13  DevID:MV-CA013-A0UC(J06720615)  Source-Line:libMvUsb3vTL.so(StreamProcess.cpp-L0844)     Description:[GetOneFrame] PreFrameNum[8030], CurFrameNum[8033]     Solution:
Warning 2025-11-15 19:21:14  DevID:MV-CA013-A0UC(J06720615)  Source-Line:libMvUsb3vTL.so(StreamProcess.cpp-L1426)     Description:Delete one DataNode     Solution:Please confirm that there is a blocking operation when you grab frame
Warning 2025-11-15 19:21:14  DevID:MV-CA013-A0UC(J06720615)  Source-Line:libMvUsb3vTL.so(StreamProcess.cpp-L1426)     Description:Delete one DataNode     Solution:Please confirm that there is a blocking operation when you grab frame
Warning 2025-11-15 19:21:14  DevID:MV-CA013-A0UC(J06720615)  Source-Line:libMvUsb3vTL.so(StreamProcess.cpp-L1426)     Description:Delete one DataNode     Solution:Please confirm that there is a blocking operation when you grab frame
Warning 2025-11-15 19:21:14  DevID:MV-CA013-A0UC(J06720615)  Source-Line:libMvUsb3vTL.so(StreamProcess.cpp-L0844)     Description:[GetOneFrame] PreFrameNum[8033], CurFrameNum[8037]     Solution:
Warning 2025-11-15 19:21:14  DevID:MV-CA013-A0UC(J06720615)  Source-Line:libMvUsb3vTL.so(StreamProcess.cpp-L1426)     Description:Delete one DataNode     Solution:Please confirm that there is a blocking operation when you grab frame
Warning 2025-11-15 19:21:14  DevID:MV-CA013-A0UC(J06720615)  Source-Line:libMvUsb3vTL.so(StreamProcess.cpp-L1426)     Description:Delete one DataNode     Solution:Please confirm that there is a blocking operation when you grab frame
Warning 2025-11-15 19:21:14  DevID:MV-CA013-A0UC(J06720615)  Source-Line:libMvUsb3vTL.so(StreamProcess.cpp-L1426)     Description:Delete one DataNode     Solution:Please confirm that there is a blocking operation when you grab frame
Warning 2025-11-15 19:21:14  DevID:MV-CA013-A0UC(J06720615)  Source-Line:libMvUsb3vTL.so(StreamProcess.cpp-L0844)     Description:[GetOneFrame] PreFrameNum[8037], CurFrameNum[8041]     Solution:
Warning 2025-11-15 19:21:14  DevID:MV-CA013-A0UC(J06720615)  Source-Line:libMvUsb3vTL.so(StreamProcess.cpp-L1426)     Description:Delete one DataNode     Solution:Please confirm that there is a blocking operation when you grab frame
Warning 2025-11-15 19:21:14  DevID:MV-CA013-A0UC(J06720615)  Source-Line:libMvUsb3vTL.so(StreamProcess.cpp-L1426)     Description:Delete one DataNode     Solution:Please confirm that there is a blocking operation when you grab frame
Warning 2025-11-15 19:21:14  DevID:MV-CA013-A0UC(J06720615)  Source-Line:libMvUsb3vTL.so(StreamProcess.cpp-L1426)     Description:Delete one DataNode     Solution:Please confirm that there is a blocking operation when you grab frame
Warning 2025-11-15 19:21:14  DevID:MV-CA013-A0UC(J06720615)  Source-Line:libMvUsb3vTL.so(StreamProcess.cpp-L0844)     Description:[GetOneFrame] PreFrameNum[8041], CurFrameNum[8045]     Solution:
Warning 2025-11-15 19:21:14  DevID:MV-CA013-A0UC(J06720615)  Source-Line:libMvUsb3vTL.so(StreamProcess.cpp-L1426)     Description:Delete one DataNode     Solution:Please confirm that there is a blocking operation when you grab frame
Warning 2025-11-15 19:21:14  DevID:MV-CA013-A0UC(J06720615)  Source-Line:libMvUsb3vTL.so(StreamProcess.cpp-L1426)     Description:Delete one DataNode     Solution:Please confirm that there is a blocking operation when you grab frame
Warning 2025-11-15 19:21:14  DevID:MV-CA013-A0UC(J06720615)  Source-Line:libMvUsb3vTL.so(StreamProcess.cpp-L1426)     Description:Delete one DataNode     Solution:Please confirm that there is a blocking operation when you grab frame
Warning 2025-11-15 19:21:14  DevID:MV-CA013-A0UC(J06720615)  Source-Line:libMvUsb3vTL.so(StreamProcess.cpp-L0844)     Description:[GetOneFrame] PreFrameNum[8045], CurFrameNum[8049]     Solution:
Warning 2025-11-15 19:21:14  DevID:MV-CA013-A0UC(J06720615)  Source-Line:libMvUsb3vTL.so(StreamProcess.cpp-L1426)     Description:Delete one DataNode     Solution:Please confirm that there is a blocking operation when you grab frame
Warning 2025-11-15 19:21:14  DevID:MV-CA013-A0UC(J06720615)  Source-Line:libMvUsb3vTL.so(StreamProcess.cpp-L1426)     Description:Delete one DataNode     Solution:Please confirm that there is a blocking operation when you grab frame
Warning 2025-11-15 19:21:14  DevID:MV-CA013-A0UC(J06720615)  Source-Line:libMvUsb3vTL.so(StreamProcess.cpp-L1426)     Description:Delete one DataNode     Solution:Please confirm that there is a blocking operation when you grab frame
Warning 2025-11-15 19:21:14  DevID:MV-CA013-A0UC(J06720615)  Source-Line:libMvUsb3vTL.so(StreamProcess.cpp-L0844)     Description:[GetOneFrame] PreFrameNum[8049], CurFrameNum[8053]     Solution:
Warning 2025-11-15 19:21:14  DevID:MV-CA013-A0UC(J06720615)  Source-Line:libMvUsb3vTL.so(StreamProcess.cpp-L1426)     Description:Delete one DataNode     Solution:Please confirm that there is a blocking operation when you grab frame
Warning 2025-11-15 19:21:14  DevID:MV-CA013-A0UC(J06720615)  Source-Line:libMvUsb3vTL.so(StreamProcess.cpp-L1426)     Description:Delete one DataNode     Solution:Please confirm that there is a blocking operation when you grab frame
Warning 2025-11-15 19:21:14  DevID:MV-CA013-A0UC(J06720615)  Source-Line:libMvUsb3vTL.so(StreamProcess.cpp-L1426)     Description:Delete one DataNode     Solution:Please confirm that there is a blocking operation when you grab frame
Warning 2025-11-15 19:21:14  DevID:MV-CA013-A0UC(J06720615)  Source-Line:libMvUsb3vTL.so(StreamProcess.cpp-L0844)     Description:[GetOneFrame] PreFrameNum[8053], CurFrameNum[8057]     Solution:
Warning 2025-11-15 19:21:14  DevID:MV-CA013-A0UC(J06720615)  Source-Line:libMvUsb3vTL.so(StreamProcess.cpp-L1426)     Description:Delete one DataNode     Solution:Please confirm that there is a blocking operation when you grab frame
Warning 2025-11-15 19:21:14  DevID:MV-CA013-A0UC(J06720615)  Source-Line:libMvUsb3vTL.so(StreamProcess.cpp-L1426)     Description:Delete one DataNode     Solution:Please confirm that there is a blocking operation when you grab frame
Warning 2025-11-15 19:21:14  DevID:MV-CA013-A0UC(J06720615)  Source-Line:libMvUsb3vTL.so(StreamProcess.cpp-L1426)     Description:Delete one DataNode     Solution:Please confirm that there is a blocking operation when you grab frame
Warning 2025-11-15 19:21:14  DevID:MV-CA013-A0UC(J06720615)  Source-Line:libMvUsb3vTL.so(StreamProcess.cpp-L0844)     Description:[GetOneFrame] PreFrameNum[8057], CurFrameNum[8061]     Solution:
Warning 2025-11-15 19:21:14  DevID:MV-CA013-A0UC(J06720615)  Source-Line:libMvUsb3vTL.so(StreamProcess.cpp-L1426)     Description:Delete one DataNode     Solution:Please confirm that there is a blocking operation when you grab frame
Warning 2025-11-15 19:21:14  DevID:MV-CA013-A0UC(J06720615)  Source-Line:libMvUsb3vTL.so(StreamProcess.cpp-L1426)     Description:Delete one DataNode     Solution:Please confirm that there is a blocking operation when you grab frame
Warning 2025-11-15 19:21:14  DevID:MV-CA013-A0UC(J06720615)  Source-Line:libMvUsb3vTL.so(StreamProcess.cpp-L1426)     Description:Delete one DataNode     Solution:Please confirm that there is a blocking operation when you grab frame
Warning 2025-11-15 19:21:14  DevID:MV-CA013-A0UC(J06720615)  Source-Line:libMvUsb3vTL.so(StreamProcess.cpp-L0844)     Description:[GetOneFrame] PreFrameNum[8061], CurFrameNum[8065]     Solution:
Warning 2025-11-15 19:21:14  DevID:MV-CA013-A0UC(J06720615)  Source-Line:libMvUsb3vTL.so(StreamProcess.cpp-L1426)     Description:Delete one DataNode     Solution:Please confirm that there is a blocking operation when you grab frame
Warning 2025-11-15 19:21:14  DevID:MV-CA013-A0UC(J06720615)  Source-Line:libMvUsb3vTL.so(StreamProcess.cpp-L1426)     Description:Delete one DataNode     Solution:Please confirm that there is a blocking operation when you grab frame
Warning 2025-11-15 19:21:14  DevID:MV-CA013-A0UC(J06720615)  Source-Line:libMvUsb3vTL.so(StreamProcess.cpp-L1426)     Description:Delete one DataNode     Solution:Please confirm that there is a blocking operation when you grab frame
Warning 2025-11-15 19:21:14  DevID:MV-CA013-A0UC(J06720615)  Source-Line:libMvUsb3vTL.so(StreamProcess.cpp-L0844)     Description:[GetOneFrame] PreFrameNum[8065], CurFrameNum[8069]     Solution:
Warning 2025-11-15 19:21:14  DevID:MV-CA013-A0UC(J06720615)  Source-Line:libMvUsb3vTL.so(StreamProcess.cpp-L1426)     Description:Delete one DataNode     Solution:Please confirm that there is a blocking operation when you grab frame
Warning 2025-11-15 19:21:14  DevID:MV-CA013-A0UC(J06720615)  Source-Line:libMvUsb3vTL.so(StreamProcess.cpp-L1426)     Description:Delete one DataNode     Solution:Please confirm that there is a blocking operation when you grab frame
Warning 2025-11-15 19:21:14  DevID:MV-CA013-A0UC(J06720615)  Source-Line:libMvUsb3vTL.so(StreamProcess.cpp-L1426)     Description:Delete one DataNode     Solution:Please confirm that there is a blocking operation when you grab frame
Warning 2025-11-15 19:21:14  DevID:MV-CA013-A0UC(J06720615)  Source-Line:libMvUsb3vTL.so(StreamProcess.cpp-L0844)     Description:[GetOneFrame] PreFrameNum[8069], CurFrameNum[8073]     Solution:
Warning 2025-11-15 19:21:14  DevID:MV-CA013-A0UC(J06720615)  Source-Line:libMvUsb3vTL.so(StreamProcess.cpp-L1426)     Description:Delete one DataNode     Solution:Please confirm that there is a blocking operation when you grab frame
Warning 2025-11-15 19:21:14  DevID:MV-CA013-A0UC(J06720615)  Source-Line:libMvUsb3vTL.so(StreamProcess.cpp-L1426)     Description:Delete one DataNode     Solution:Please confirm that there is a blocking operation when you grab frame
Warning 2025-11-15 19:21:14  DevID:MV-CA013-A0UC(J06720615)  Source-Line:libMvUsb3vTL.so(StreamProcess.cpp-L1426)     Description:Delete one DataNode     Solution:Please confirm that there is a blocking operation when you grab frame
Warning 2025-11-15 19:21:14  DevID:MV-CA013-A0UC(J06720615)  Source-Line:libMvUsb3vTL.so(StreamProcess.cpp-L0844)     Description:[GetOneFrame] PreFrameNum[8073], CurFrameNum[8077]     Solution:
Warning 2025-11-15 19:21:14  DevID:MV-CA013-A0UC(J06720615)  Source-Line:libMvUsb3vTL.so(StreamProcess.cpp-L1426)     Description:Delete one DataNode     Solution:Please confirm that there is a blocking operation when you grab frame
Warning 2025-11-15 19:21:14  DevID:MV-CA013-A0UC(J06720615)  Source-Line:libMvUsb3vTL.so(StreamProcess.cpp-L1426)     Description:Delete one DataNode     Solution:Please confirm that there is a blocking operation when you grab frame
Warning 2025-11-15 19:21:14  DevID:MV-CA013-A0UC(J06720615)  Source-Line:libMvUsb3vTL.so(StreamProcess.cpp-L1426)     Description:Delete one DataNode     Solution:Please confirm that there is a blocking operation when you grab frame
Warning 2025-11-15 19:21:14  DevID:MV-CA013-A0UC(J06720615)  Source-Line:libMvUsb3vTL.so(StreamProcess.cpp-L0844)     Description:[GetOneFrame] PreFrameNum[8077], CurFrameNum[8081]     Solution:
Warning 2025-11-15 19:21:14  DevID:MV-CA013-A0UC(J06720615)  Source-Line:libMvUsb3vTL.so(StreamProcess.cpp-L1426)     Description:Delete one DataNode     Solution:Please confirm that there is a blocking operation when you grab frame
Warning 2025-11-15 19:21:14  DevID:MV-CA013-A0UC(J06720615)  Source-Line:libMvUsb3vTL.so(StreamProcess.cpp-L1426)     Description:Delete one DataNode     Solution:Please confirm that there is a blocking operation when you grab frame
Warning 2025-11-15 19:21:14  DevID:MV-CA013-A0UC(J06720615)  Source-Line:libMvUsb3vTL.so(StreamProcess.cpp-L1426)     Description:Delete one DataNode     Solution:Please confirm that there is a blocking operation when you grab frame
Warning 2025-11-15 19:21:14  DevID:MV-CA013-A0UC(J06720615)  Source-Line:libMvUsb3vTL.so(StreamProcess.cpp-L0844)     Description:[GetOneFrame] PreFrameNum[8081], CurFrameNum[8085]     Solution:
Warning 2025-11-15 19:21:14  DevID:MV-CA013-A0UC(J06720615)  Source-Line:libMvUsb3vTL.so(StreamProcess.cpp-L1426)     Description:Delete one DataNode     Solution:Please confirm that there is a blocking operation when you grab frame
Warning 2025-11-15 19:21:14  DevID:MV-CA013-A0UC(J06720615)  Source-Line:libMvUsb3vTL.so(StreamProcess.cpp-L1426)     Description:Delete one DataNode     Solution:Please confirm that there is a blocking operation when you grab frame
Warning 2025-11-15 19:21:14  DevID:MV-CA013-A0UC(J06720615)  Source-Line:libMvUsb3vTL.so(StreamProcess.cpp-L0844)     Description:[GetOneFrame] PreFrameNum[8085], CurFrameNum[8088]     Solution:
Warning 2025-11-15 19:21:14  DevID:MV-CA013-A0UC(J06720615)  Source-Line:libMvUsb3vTL.so(StreamProcess.cpp-L1426)     Description:Delete one DataNode     Solution:Please confirm that there is a blocking operation when you grab frame
Warning 2025-11-15 19:21:14  DevID:MV-CA013-A0UC(J06720615)  Source-Line:libMvUsb3vTL.so(StreamProcess.cpp-L1426)     Description:Delete one DataNode     Solution:Please confirm that there is a blocking operation when you grab frame
Warning 2025-11-15 19:21:14  DevID:MV-CA013-A0UC(J06720615)  Source-Line:libMvUsb3vTL.so(StreamProcess.cpp-L0844)     Description:[GetOneFrame] PreFrameNum[8088], CurFrameNum[8091]     Solution:
Warning 2025-11-15 19:21:14  DevID:MV-CA013-A0UC(J06720615)  Source-Line:libMvUsb3vTL.so(StreamProcess.cpp-L1426)     Description:Delete one DataNode     Solution:Please confirm that there is a blocking operation when you grab frame
Warning 2025-11-15 19:21:14  DevID:MV-CA013-A0UC(J06720615)  Source-Line:libMvUsb3vTL.so(StreamProcess.cpp-L1426)     Description:Delete one DataNode     Solution:Please confirm that there is a blocking operation when you grab frame
Warning 2025-11-15 19:21:14  DevID:MV-CA013-A0UC(J06720615)  Source-Line:libMvUsb3vTL.so(StreamProcess.cpp-L1426)     Description:Delete one DataNode     Solution:Please confirm that there is a blocking operation when you grab frame
Warning 2025-11-15 19:21:14  DevID:MV-CA013-A0UC(J06720615)  Source-Line:libMvUsb3vTL.so(StreamProcess.cpp-L0844)     Description:[GetOneFrame] PreFrameNum[8091], CurFrameNum[8095]     Solution:
Warning 2025-11-15 19:21:14  DevID:MV-CA013-A0UC(J06720615)  Source-Line:libMvUsb3vTL.so(StreamProcess.cpp-L1426)     Description:Delete one DataNode     Solution:Please confirm that there is a blocking operation when you grab frame
Warning 2025-11-15 19:21:14  DevID:MV-CA013-A0UC(J06720615)  Source-Line:libMvUsb3vTL.so(StreamProcess.cpp-L1426)     Description:Delete one DataNode     Solution:Please confirm that there is a blocking operation when you grab frame
Warning 2025-11-15 19:21:14  DevID:MV-CA013-A0UC(J06720615)  Source-Line:libMvUsb3vTL.so(StreamProcess.cpp-L1426)     Description:Delete one DataNode     Solution:Please confirm that there is a blocking operation when you grab frame
Warning 2025-11-15 19:21:14  DevID:MV-CA013-A0UC(J06720615)  Source-Line:libMvUsb3vTL.so(StreamProcess.cpp-L0844)     Description:[GetOneFrame] PreFrameNum[8095], CurFrameNum[8099]     Solution:
Warning 2025-11-15 19:21:14  DevID:MV-CA013-A0UC(J06720615)  Source-Line:libMvUsb3vTL.so(StreamProcess.cpp-L1426)     Description:Delete one DataNode     Solution:Please confirm that there is a blocking operation when you grab frame
Warning 2025-11-15 19:21:14  DevID:MV-CA013-A0UC(J06720615)  Source-Line:libMvUsb3vTL.so(StreamProcess.cpp-L1426)     Description:Delete one DataNode     Solution:Please confirm that there is a blocking operation when you grab frame
Warning 2025-11-15 19:21:14  DevID:MV-CA013-A0UC(J06720615)  Source-Line:libMvUsb3vTL.so(StreamProcess.cpp-L1426)     Description:Delete one DataNode     Solution:Please confirm that there is a blocking operation when you grab frame
Warning 2025-11-15 19:21:14  DevID:MV-CA013-A0UC(J06720615)  Source-Line:libMvUsb3vTL.so(StreamProcess.cpp-L0844)     Description:[GetOneFrame] PreFrameNum[8099], CurFrameNum[8103]     Solution:
Error   2025-11-15 19:21:14  DevID:MV-CA013-A0UC(J06720615)  Source-Line:libMvUsb3vTL.so(DriverLayer.cpp-L0769)     Description:timesOut, num_iso_packets: ff     Solution:
Info    2025-11-15 19:21:14  DevID:MV-CA013-A0UC(J06720615)  Source-Line:libMvUsb3vTL.so(EventProcess.cpp-L0311)     Description:[Event]Read Async, Ret[0xff]     Solution:
Warning 2025-11-15 19:21:14  DevID:MV-CA013-A0UC(J06720615)  Source-Line:libMvUsb3vTL.so(StreamProcess.cpp-L1426)     Description:Delete one DataNode     Solution:Please confirm that there is a blocking operation when you grab frame
Warning 2025-11-15 19:21:14  DevID:MV-CA013-A0UC(J06720615)  Source-Line:libMvUsb3vTL.so(StreamProcess.cpp-L1426)     Description:Delete one DataNode     Solution:Please confirm that there is a blocking operation when you grab frame
Warning 2025-11-15 19:21:14  DevID:MV-CA013-A0UC(J06720615)  Source-Line:libMvUsb3vTL.so(StreamProcess.cpp-L1426)     Description:Delete one DataNode     Solution:Please confirm that there is a blocking operation when you grab frame
Warning 2025-11-15 19:21:14  DevID:MV-CA013-A0UC(J06720615)  Source-Line:libMvUsb3vTL.so(StreamProcess.cpp-L0844)     Description:[GetOneFrame] PreFrameNum[8103], CurFrameNum[8107]     Solution:
Warning 2025-11-15 19:21:14  DevID:MV-CA013-A0UC(J06720615)  Source-Line:libMvUsb3vTL.so(StreamProcess.cpp-L1426)     Description:Delete one DataNode     Solution:Please confirm that there is a blocking operation when you grab frame
Warning 2025-11-15 19:21:14  DevID:MV-CA013-A0UC(J06720615)  Source-Line:libMvUsb3vTL.so(StreamProcess.cpp-L1426)     Description:Delete one DataNode     Solution:Please confirm that there is a blocking operation when you grab frame
Warning 2025-11-15 19:21:14  DevID:MV-CA013-A0UC(J06720615)  Source-Line:libMvUsb3vTL.so(StreamProcess.cpp-L1426)     Description:Delete one DataNode     Solution:Please confirm that there is a blocking operation when you grab frame
Warning 2025-11-15 19:21:14  DevID:MV-CA013-A0UC(J06720615)  Source-Line:libMvUsb3vTL.so(StreamProcess.cpp-L0844)     Description:[GetOneFrame] PreFrameNum[8107], CurFrameNum[8111]     Solution:
Warning 2025-11-15 19:21:14  DevID:MV-CA013-A0UC(J06720615)  Source-Line:libMvUsb3vTL.so(StreamProcess.cpp-L1426)     Description:Delete one DataNode     Solution:Please confirm that there is a blocking operation when you grab frame
Warning 2025-11-15 19:21:14  DevID:MV-CA013-A0UC(J06720615)  Source-Line:libMvUsb3vTL.so(StreamProcess.cpp-L1426)     Description:Delete one DataNode     Solution:Please confirm that there is a blocking operation when you grab frame
Warning 2025-11-15 19:21:14  DevID:MV-CA013-A0UC(J06720615)  Source-Line:libMvUsb3vTL.so(StreamProcess.cpp-L1426)     Description:Delete one DataNode     Solution:Please confirm that there is a blocking operation when you grab frame
Warning 2025-11-15 19:21:14  DevID:MV-CA013-A0UC(J06720615)  Source-Line:libMvUsb3vTL.so(StreamProcess.cpp-L0844)     Description:[GetOneFrame] PreFrameNum[8111], CurFrameNum[8115]     Solution:
Warning 2025-11-15 19:21:14  DevID:MV-CA013-A0UC(J06720615)  Source-Line:libMvUsb3vTL.so(StreamProcess.cpp-L1426)     Description:Delete one DataNode     Solution:Please confirm that there is a blocking operation when you grab frame
Warning 2025-11-15 19:21:14  DevID:MV-CA013-A0UC(J06720615)  Source-Line:libMvUsb3vTL.so(StreamProcess.cpp-L1426)     Description:Delete one DataNode     Solution:Please confirm that there is a blocking operation when you grab frame
Warning 2025-11-15 19:21:14  DevID:MV-CA013-A0UC(J06720615)  Source-Line:libMvUsb3vTL.so(StreamProcess.cpp-L1426)     Description:Delete one DataNode     Solution:Please confirm that there is a blocking operation when you grab frame
Warning 2025-11-15 19:21:14  DevID:MV-CA013-A0UC(J06720615)  Source-Line:libMvUsb3vTL.so(StreamProcess.cpp-L0844)     Description:[GetOneFrame] PreFrameNum[8115], CurFrameNum[8119]     Solution:
Warning 2025-11-15 19:21:14  DevID:MV-CA013-A0UC(J06720615)  Source-Line:libMvUsb3vTL.so(StreamProcess.cpp-L1426)     Description:Delete one DataNode     Solution:Please confirm that there is a blocking operation when you grab frame
Warning 2025-11-15 19:21:14  DevID:MV-CA013-A0UC(J06720615)  Source-Line:libMvUsb3vTL.so(StreamProcess.cpp-L1426)     Description:Delete one DataNode     Solution:Please confirm that there is a blocking operation when you grab frame
Warning 2025-11-15 19:21:14  DevID:MV-CA013-A0UC(J06720615)  Source-Line:libMvUsb3vTL.so(StreamProcess.cpp-L1426)     Description:Delete one DataNode     Solution:Please confirm that there is a blocking operation when you grab frame
Warning 2025-11-15 19:21:14  DevID:MV-CA013-A0UC(J06720615)  Source-Line:libMvUsb3vTL.so(StreamProcess.cpp-L0844)     Description:[GetOneFrame] PreFrameNum[8119], CurFrameNum[8123]     Solution:
Warning 2025-11-15 19:21:14  DevID:MV-CA013-A0UC(J06720615)  Source-Line:libMvUsb3vTL.so(StreamProcess.cpp-L1426)     Description:Delete one DataNode     Solution:Please confirm that there is a blocking operation when you grab frame
Warning 2025-11-15 19:21:14  DevID:MV-CA013-A0UC(J06720615)  Source-Line:libMvUsb3vTL.so(StreamProcess.cpp-L1426)     Description:Delete one DataNode     Solution:Please confirm that there is a blocking operation when you grab frame
Warning 2025-11-15 19:21:14  DevID:MV-CA013-A0UC(J06720615)  Source-Line:libMvUsb3vTL.so(StreamProcess.cpp-L1426)     Description:Delete one DataNode     Solution:Please confirm that there is a blocking operation when you grab frame
Warning 2025-11-15 19:21:14  DevID:MV-CA013-A0UC(J06720615)  Source-Line:libMvUsb3vTL.so(StreamProcess.cpp-L0844)     Description:[GetOneFrame] PreFrameNum[8123], CurFrameNum[8127]     Solution:
Warning 2025-11-15 19:21:14  DevID:MV-CA013-A0UC(J06720615)  Source-Line:libMvUsb3vTL.so(StreamProcess.cpp-L1426)     Description:Delete one DataNode     Solution:Please confirm that there is a blocking operation when you grab frame
Warning 2025-11-15 19:21:14  DevID:MV-CA013-A0UC(J06720615)  Source-Line:libMvUsb3vTL.so(StreamProcess.cpp-L1426)     Description:Delete one DataNode     Solution:Please confirm that there is a blocking operation when you grab frame
Warning 2025-11-15 19:21:14  DevID:MV-CA013-A0UC(J06720615)  Source-Line:libMvUsb3vTL.so(StreamProcess.cpp-L1426)     Description:Delete one DataNode     Solution:Please confirm that there is a blocking operation when you grab frame
Warning 2025-11-15 19:21:14  DevID:MV-CA013-A0UC(J06720615)  Source-Line:libMvUsb3vTL.so(StreamProcess.cpp-L0844)     Description:[GetOneFrame] PreFrameNum[8127], CurFrameNum[8131]     Solution:
Warning 2025-11-15 19:21:14  DevID:MV-CA013-A0UC(J06720615)  Source-Line:libMvUsb3vTL.so(StreamProcess.cpp-L1426)     Description:Delete one DataNode     Solution:Please confirm that there is a blocking operation when you grab frame
Warning 2025-11-15 19:21:14  DevID:MV-CA013-A0UC(J06720615)  Source-Line:libMvUsb3vTL.so(StreamProcess.cpp-L1426)     Description:Delete one DataNode     Solution:Please confirm that there is a blocking operation when you grab frame
Warning 2025-11-15 19:21:14  DevID:MV-CA013-A0UC(J06720615)  Source-Line:libMvUsb3vTL.so(StreamProcess.cpp-L1426)     Description:Delete one DataNode     Solution:Please confirm that there is a blocking operation when you grab frame
Warning 2025-11-15 19:21:14  DevID:MV-CA013-A0UC(J06720615)  Source-Line:libMvUsb3vTL.so(StreamProcess.cpp-L0844)     Description:[GetOneFrame] PreFrameNum[8131], CurFrameNum[8135]     Solution:
Warning 2025-11-15 19:21:14  DevID:MV-CA013-A0UC(J06720615)  Source-Line:libMvUsb3vTL.so(StreamProcess.cpp-L1426)     Description:Delete one DataNode     Solution:Please confirm that there is a blocking operation when you grab frame
Warning 2025-11-15 19:21:14  DevID:MV-CA013-A0UC(J06720615)  Source-Line:libMvUsb3vTL.so(StreamProcess.cpp-L1426)     Description:Delete one DataNode     Solution:Please confirm that there is a blocking operation when you grab frame
Warning 2025-11-15 19:21:14  DevID:MV-CA013-A0UC(J06720615)  Source-Line:libMvUsb3vTL.so(StreamProcess.cpp-L1426)     Description:Delete one DataNode     Solution:Please confirm that there is a blocking operation when you grab frame
Warning 2025-11-15 19:21:14  DevID:MV-CA013-A0UC(J06720615)  Source-Line:libMvUsb3vTL.so(StreamProcess.cpp-L0844)     Description:[GetOneFrame] PreFrameNum[8135], CurFrameNum[8139]     Solution:
Warning 2025-11-15 19:21:14  DevID:MV-CA013-A0UC(J06720615)  Source-Line:libMvUsb3vTL.so(StreamProcess.cpp-L1426)     Description:Delete one DataNode     Solution:Please confirm that there is a blocking operation when you grab frame
Warning 2025-11-15 19:21:14  DevID:MV-CA013-A0UC(J06720615)  Source-Line:libMvUsb3vTL.so(StreamProcess.cpp-L1426)     Description:Delete one DataNode     Solution:Please confirm that there is a blocking operation when you grab frame
Warning 2025-11-15 19:21:14  DevID:MV-CA013-A0UC(J06720615)  Source-Line:libMvUsb3vTL.so(StreamProcess.cpp-L1426)     Description:Delete one DataNode     Solution:Please confirm that there is a blocking operation when you grab frame
Warning 2025-11-15 19:21:14  DevID:MV-CA013-A0UC(J06720615)  Source-Line:libMvUsb3vTL.so(StreamProcess.cpp-L0844)     Description:[GetOneFrame] PreFrameNum[8139], CurFrameNum[8143]     Solution:
Warning 2025-11-15 19:21:14  DevID:MV-CA013-A0UC(J06720615)  Source-Line:libMvUsb3vTL.so(StreamProcess.cpp-L1426)     Description:Delete one DataNode     Solution:Please confirm that there is a blocking operation when you grab frame
Warning 2025-11-15 19:21:14  DevID:MV-CA013-A0UC(J06720615)  Source-Line:libMvUsb3vTL.so(StreamProcess.cpp-L1426)     Description:Delete one DataNode     Solution:Please confirm that there is a blocking operation when you grab frame
Warning 2025-11-15 19:21:14  DevID:MV-CA013-A0UC(J06720615)  Source-Line:libMvUsb3vTL.so(StreamProcess.cpp-L1426)     Description:Delete one DataNode     Solution:Please confirm that there is a blocking operation when you grab frame
Warning 2025-11-15 19:21:14  DevID:MV-CA013-A0UC(J06720615)  Source-Line:libMvUsb3vTL.so(StreamProcess.cpp-L0844)     Description:[GetOneFrame] PreFrameNum[8143], CurFrameNum[8147]     Solution:
Warning 2025-11-15 19:21:14  DevID:MV-CA013-A0UC(J06720615)  Source-Line:libMvUsb3vTL.so(StreamProcess.cpp-L1426)     Description:Delete one DataNode     Solution:Please confirm that there is a blocking operation when you grab frame
Warning 2025-11-15 19:21:14  DevID:MV-CA013-A0UC(J06720615)  Source-Line:libMvUsb3vTL.so(StreamProcess.cpp-L1426)     Description:Delete one DataNode     Solution:Please confirm that there is a blocking operation when you grab frame
Warning 2025-11-15 19:21:14  DevID:MV-CA013-A0UC(J06720615)  Source-Line:libMvUsb3vTL.so(StreamProcess.cpp-L1426)     Description:Delete one DataNode     Solution:Please confirm that there is a blocking operation when you grab frame
Warning 2025-11-15 19:21:14  DevID:MV-CA013-A0UC(J06720615)  Source-Line:libMvUsb3vTL.so(StreamProcess.cpp-L0844)     Description:[GetOneFrame] PreFrameNum[8147], CurFrameNum[8151]     Solution:
Warning 2025-11-15 19:21:14  DevID:MV-CA013-A0UC(J06720615)  Source-Line:libMvUsb3vTL.so(StreamProcess.cpp-L1426)     Description:Delete one DataNode     Solution:Please confirm that there is a blocking operation when you grab frame
Warning 2025-11-15 19:21:14  DevID:MV-CA013-A0UC(J06720615)  Source-Line:libMvUsb3vTL.so(StreamProcess.cpp-L1426)     Description:Delete one DataNode     Solution:Please confirm that there is a blocking operation when you grab frame
Warning 2025-11-15 19:21:14  DevID:MV-CA013-A0UC(J06720615)  Source-Line:libMvUsb3vTL.so(StreamProcess.cpp-L1426)     Description:Delete one DataNode     Solution:Please confirm that there is a blocking operation when you grab frame
Warning 2025-11-15 19:21:14  DevID:MV-CA013-A0UC(J06720615)  Source-Line:libMvUsb3vTL.so(StreamProcess.cpp-L0844)     Description:[GetOneFrame] PreFrameNum[8151], CurFrameNum[8155]     Solution:
Warning 2025-11-15 19:21:14  DevID:MV-CA013-A0UC(J06720615)  Source-Line:libMvUsb3vTL.so(StreamProcess.cpp-L1426)     Description:Delete one DataNode     Solution:Please confirm that there is a blocking operation when you grab frame
Warning 2025-11-15 19:21:14  DevID:MV-CA013-A0UC(J06720615)  Source-Line:libMvUsb3vTL.so(StreamProcess.cpp-L1426)     Description:Delete one DataNode     Solution:Please confirm that there is a blocking operation when you grab frame
Warning 2025-11-15 19:21:14  DevID:MV-CA013-A0UC(J06720615)  Source-Line:libMvUsb3vTL.so(StreamProcess.cpp-L1426)     Description:Delete one DataNode     Solution:Please confirm that there is a blocking operation when you grab frame
Warning 2025-11-15 19:21:14  DevID:MV-CA013-A0UC(J06720615)  Source-Line:libMvUsb3vTL.so(StreamProcess.cpp-L0844)     Description:[GetOneFrame] PreFrameNum[8155], CurFrameNum[8159]     Solution:
Warning 2025-11-15 19:21:14  DevID:MV-CA013-A0UC(J06720615)  Source-Line:libMvUsb3vTL.so(StreamProcess.cpp-L1426)     Description:Delete one DataNode     Solution:Please confirm that there is a blocking operation when you grab frame
Warning 2025-11-15 19:21:14  DevID:MV-CA013-A0UC(J06720615)  Source-Line:libMvUsb3vTL.so(StreamProcess.cpp-L1426)     Description:Delete one DataNode     Solution:Please confirm that there is a blocking operation when you grab frame
Warning 2025-11-15 19:21:14  DevID:MV-CA013-A0UC(J06720615)  Source-Line:libMvUsb3vTL.so(StreamProcess.cpp-L1426)     Description:Delete one DataNode     Solution:Please confirm that there is a blocking operation when you grab frame
Warning 2025-11-15 19:21:14  DevID:MV-CA013-A0UC(J06720615)  Source-Line:libMvUsb3vTL.so(StreamProcess.cpp-L0844)     Description:[GetOneFrame] PreFrameNum[8159], CurFrameNum[8163]     Solution:
Warning 2025-11-15 19:21:14  DevID:MV-CA013-A0UC(J06720615)  Source-Line:libMvUsb3vTL.so(StreamProcess.cpp-L1426)     Description:Delete one DataNode     Solution:Please confirm that there is a blocking operation when you grab frame
Warning 2025-11-15 19:21:14  DevID:MV-CA013-A0UC(J06720615)  Source-Line:libMvUsb3vTL.so(StreamProcess.cpp-L1426)     Description:Delete one DataNode     Solution:Please confirm that there is a blocking operation when you grab frame
Warning 2025-11-15 19:21:14  DevID:MV-CA013-A0UC(J06720615)  Source-Line:libMvUsb3vTL.so(StreamProcess.cpp-L1426)     Description:Delete one DataNode     Solution:Please confirm that there is a blocking operation when you grab frame
Warning 2025-11-15 19:21:14  DevID:MV-CA013-A0UC(J06720615)  Source-Line:libMvUsb3vTL.so(StreamProcess.cpp-L0844)     Description:[GetOneFrame] PreFrameNum[8163], CurFrameNum[8167]     Solution:
Warning 2025-11-15 19:21:14  DevID:MV-CA013-A0UC(J06720615)  Source-Line:libMvUsb3vTL.so(StreamProcess.cpp-L1426)     Description:Delete one DataNode     Solution:Please confirm that there is a blocking operation when you grab frame
Warning 2025-11-15 19:21:14  DevID:MV-CA013-A0UC(J06720615)  Source-Line:libMvUsb3vTL.so(StreamProcess.cpp-L1426)     Description:Delete one DataNode     Solution:Please confirm that there is a blocking operation when you grab frame
Warning 2025-11-15 19:21:14  DevID:MV-CA013-A0UC(J06720615)  Source-Line:libMvUsb3vTL.so(StreamProcess.cpp-L1426)     Description:Delete one DataNode     Solution:Please confirm that there is a blocking operation when you grab frame
Warning 2025-11-15 19:21:14  DevID:MV-CA013-A0UC(J06720615)  Source-Line:libMvUsb3vTL.so(StreamProcess.cpp-L0844)     Description:[GetOneFrame] PreFrameNum[8167], CurFrameNum[8171]     Solution:
Warning 2025-11-15 19:21:14  DevID:MV-CA013-A0UC(J06720615)  Source-Line:libMvUsb3vTL.so(StreamProcess.cpp-L1426)     Description:Delete one DataNode     Solution:Please confirm that there is a blocking operation when you grab frame
Warning 2025-11-15 19:21:14  DevID:MV-CA013-A0UC(J06720615)  Source-Line:libMvUsb3vTL.so(StreamProcess.cpp-L1426)     Description:Delete one DataNode     Solution:Please confirm that there is a blocking operation when you grab frame
Warning 2025-11-15 19:21:14  DevID:MV-CA013-A0UC(J06720615)  Source-Line:libMvUsb3vTL.so(StreamProcess.cpp-L1426)     Description:Delete one DataNode     Solution:Please confirm that there is a blocking operation when you grab frame
Warning 2025-11-15 19:21:14  DevID:MV-CA013-A0UC(J06720615)  Source-Line:libMvUsb3vTL.so(StreamProcess.cpp-L0844)     Description:[GetOneFrame] PreFrameNum[8171], CurFrameNum[8175]     Solution:
Warning 2025-11-15 19:21:14  DevID:MV-CA013-A0UC(J06720615)  Source-Line:libMvUsb3vTL.so(StreamProcess.cpp-L1426)     Description:Delete one DataNode     Solution:Please confirm that there is a blocking operation when you grab frame
Warning 2025-11-15 19:21:14  DevID:MV-CA013-A0UC(J06720615)  Source-Line:libMvUsb3vTL.so(StreamProcess.cpp-L1426)     Description:Delete one DataNode     Solution:Please confirm that there is a blocking operation when you grab frame
Warning 2025-11-15 19:21:14  DevID:MV-CA013-A0UC(J06720615)  Source-Line:libMvUsb3vTL.so(StreamProcess.cpp-L1426)     Description:Delete one DataNode     Solution:Please confirm that there is a blocking operation when you grab frame
Warning 2025-11-15 19:21:14  DevID:MV-CA013-A0UC(J06720615)  Source-Line:libMvUsb3vTL.so(StreamProcess.cpp-L0844)     Description:[GetOneFrame] PreFrameNum[8175], CurFrameNum[8179]     Solution:
Warning 2025-11-15 19:21:14  DevID:MV-CA013-A0UC(J06720615)  Source-Line:libMvUsb3vTL.so(StreamProcess.cpp-L1426)     Description:Delete one DataNode     Solution:Please confirm that there is a blocking operation when you grab frame
Warning 2025-11-15 19:21:14  DevID:MV-CA013-A0UC(J06720615)  Source-Line:libMvUsb3vTL.so(StreamProcess.cpp-L1426)     Description:Delete one DataNode     Solution:Please confirm that there is a blocking operation when you grab frame
Warning 2025-11-15 19:21:14  DevID:MV-CA013-A0UC(J06720615)  Source-Line:libMvUsb3vTL.so(StreamProcess.cpp-L1426)     Description:Delete one DataNode     Solution:Please confirm that there is a blocking operation when you grab frame
Warning 2025-11-15 19:21:14  DevID:MV-CA013-A0UC(J06720615)  Source-Line:libMvUsb3vTL.so(StreamProcess.cpp-L0844)     Description:[GetOneFrame] PreFrameNum[8179], CurFrameNum[8183]     Solution:
Warning 2025-11-15 19:21:14  DevID:MV-CA013-A0UC(J06720615)  Source-Line:libMvUsb3vTL.so(StreamProcess.cpp-L1426)     Description:Delete one DataNode     Solution:Please confirm that there is a blocking operation when you grab frame
Warning 2025-11-15 19:21:14  DevID:MV-CA013-A0UC(J06720615)  Source-Line:libMvUsb3vTL.so(StreamProcess.cpp-L1426)     Description:Delete one DataNode     Solution:Please confirm that there is a blocking operation when you grab frame
Warning 2025-11-15 19:21:14  DevID:MV-CA013-A0UC(J06720615)  Source-Line:libMvUsb3vTL.so(StreamProcess.cpp-L1426)     Description:Delete one DataNode     Solution:Please confirm that there is a blocking operation when you grab frame
Warning 2025-11-15 19:21:14  DevID:MV-CA013-A0UC(J06720615)  Source-Line:libMvUsb3vTL.so(StreamProcess.cpp-L0844)     Description:[GetOneFrame] PreFrameNum[8183], CurFrameNum[8187]     Solution:
Warning 2025-11-15 19:21:14  DevID:MV-CA013-A0UC(J06720615)  Source-Line:libMvUsb3vTL.so(StreamProcess.cpp-L1426)     Description:Delete one DataNode     Solution:Please confirm that there is a blocking operation when you grab frame
Warning 2025-11-15 19:21:14  DevID:MV-CA013-A0UC(J06720615)  Source-Line:libMvUsb3vTL.so(StreamProcess.cpp-L1426)     Description:Delete one DataNode     Solution:Please confirm that there is a blocking operation when you grab frame
Warning 2025-11-15 19:21:14  DevID:MV-CA013-A0UC(J06720615)  Source-Line:libMvUsb3vTL.so(StreamProcess.cpp-L1426)     Description:Delete one DataNode     Solution:Please confirm that there is a blocking operation when you grab frame
Warning 2025-11-15 19:21:14  DevID:MV-CA013-A0UC(J06720615)  Source-Line:libMvUsb3vTL.so(StreamProcess.cpp-L0844)     Description:[GetOneFrame] PreFrameNum[8187], CurFrameNum[8191]     Solution:
Warning 2025-11-15 19:21:14  DevID:MV-CA013-A0UC(J06720615)  Source-Line:libMvUsb3vTL.so(StreamProcess.cpp-L1426)     Description:Delete one DataNode     Solution:Please confirm that there is a blocking operation when you grab frame
Warning 2025-11-15 19:21:14  DevID:MV-CA013-A0UC(J06720615)  Source-Line:libMvUsb3vTL.so(StreamProcess.cpp-L1426)     Description:Delete one DataNode     Solution:Please confirm that there is a blocking operation when you grab frame
Warning 2025-11-15 19:21:14  DevID:MV-CA013-A0UC(J06720615)  Source-Line:libMvUsb3vTL.so(StreamProcess.cpp-L1426)     Description:Delete one DataNode     Solution:Please confirm that there is a blocking operation when you grab frame
Warning 2025-11-15 19:21:14  DevID:MV-CA013-A0UC(J06720615)  Source-Line:libMvUsb3vTL.so(StreamProcess.cpp-L0844)     Description:[GetOneFrame] PreFrameNum[8191], CurFrameNum[8195]     Solution:
Warning 2025-11-15 19:21:14  DevID:MV-CA013-A0UC(J06720615)  Source-Line:libMvUsb3vTL.so(StreamProcess.cpp-L1426)     Description:Delete one DataNode     Solution:Please confirm that there is a blocking operation when you grab frame
Warning 2025-11-15 19:21:14  DevID:MV-CA013-A0UC(J06720615)  Source-Line:libMvUsb3vTL.so(StreamProcess.cpp-L1426)     Description:Delete one DataNode     Solution:Please confirm that there is a blocking operation when you grab frame
Warning 2025-11-15 19:21:14  DevID:MV-CA013-A0UC(J06720615)  Source-Line:libMvUsb3vTL.so(StreamProcess.cpp-L1426)     Description:Delete one DataNode     Solution:Please confirm that there is a blocking operation when you grab frame
Warning 2025-11-15 19:21:14  DevID:MV-CA013-A0UC(J06720615)  Source-Line:libMvUsb3vTL.so(StreamProcess.cpp-L0844)     Description:[GetOneFrame] PreFrameNum[8195], CurFrameNum[8199]     Solution:
Warning 2025-11-15 19:21:14  DevID:MV-CA013-A0UC(J06720615)  Source-Line:libMvUsb3vTL.so(StreamProcess.cpp-L1426)     Description:Delete one DataNode     Solution:Please confirm that there is a blocking operation when you grab frame
Warning 2025-11-15 19:21:14  DevID:MV-CA013-A0UC(J06720615)  Source-Line:libMvUsb3vTL.so(StreamProcess.cpp-L1426)     Description:Delete one DataNode     Solution:Please confirm that there is a blocking operation when you grab frame
Warning 2025-11-15 19:21:14  DevID:MV-CA013-A0UC(J06720615)  Source-Line:libMvUsb3vTL.so(StreamProcess.cpp-L1426)     Description:Delete one DataNode     Solution:Please confirm that there is a blocking operation when you grab frame
Warning 2025-11-15 19:21:14  DevID:MV-CA013-A0UC(J06720615)  Source-Line:libMvUsb3vTL.so(StreamProcess.cpp-L0844)     Description:[GetOneFrame] PreFrameNum[8199], CurFrameNum[8203]     Solution:
Warning 2025-11-15 19:21:14  DevID:MV-CA013-A0UC(J06720615)  Source-Line:libMvUsb3vTL.so(StreamProcess.cpp-L1426)     Description:Delete one DataNode     Solution:Please confirm that there is a blocking operation when you grab frame
Warning 2025-11-15 19:21:14  DevID:MV-CA013-A0UC(J06720615)  Source-Line:libMvUsb3vTL.so(StreamProcess.cpp-L1426)     Description:Delete one DataNode     Solution:Please confirm that there is a blocking operation when you grab frame
Warning 2025-11-15 19:21:14  DevID:MV-CA013-A0UC(J06720615)  Source-Line:libMvUsb3vTL.so(StreamProcess.cpp-L1426)     Description:Delete one DataNode     Solution:Please confirm that there is a blocking operation when you grab frame
Warning 2025-11-15 19:21:14  DevID:MV-CA013-A0UC(J06720615)  Source-Line:libMvUsb3vTL.so(StreamProcess.cpp-L0844)     Description:[GetOneFrame] PreFrameNum[8203], CurFrameNum[8207]     Solution:
Warning 2025-11-15 19:21:14  DevID:MV-CA013-A0UC(J06720615)  Source-Line:libMvUsb3vTL.so(StreamProcess.cpp-L1426)     Description:Delete one DataNode     Solution:Please confirm that there is a blocking operation when you grab frame
Warning 2025-11-15 19:21:14  DevID:MV-CA013-A0UC(J06720615)  Source-Line:libMvUsb3vTL.so(StreamProcess.cpp-L1426)     Description:Delete one DataNode     Solution:Please confirm that there is a blocking operation when you grab frame
Warning 2025-11-15 19:21:14  DevID:MV-CA013-A0UC(J06720615)  Source-Line:libMvUsb3vTL.so(StreamProcess.cpp-L1426)     Description:Delete one DataNode     Solution:Please confirm that there is a blocking operation when you grab frame
Warning 2025-11-15 19:21:14  DevID:MV-CA013-A0UC(J06720615)  Source-Line:libMvUsb3vTL.so(StreamProcess.cpp-L0844)     Description:[GetOneFrame] PreFrameNum[8207], CurFrameNum[8211]     Solution:
Warning 2025-11-15 19:21:14  DevID:MV-CA013-A0UC(J06720615)  Source-Line:libMvUsb3vTL.so(StreamProcess.cpp-L1426)     Description:Delete one DataNode     Solution:Please confirm that there is a blocking operation when you grab frame
Warning 2025-11-15 19:21:14  DevID:MV-CA013-A0UC(J06720615)  Source-Line:libMvUsb3vTL.so(StreamProcess.cpp-L1426)     Description:Delete one DataNode     Solution:Please confirm that there is a blocking operation when you grab frame
Warning 2025-11-15 19:21:14  DevID:MV-CA013-A0UC(J06720615)  Source-Line:libMvUsb3vTL.so(StreamProcess.cpp-L1426)     Description:Delete one DataNode     Solution:Please confirm that there is a blocking operation when you grab frame
Warning 2025-11-15 19:21:14  DevID:MV-CA013-A0UC(J06720615)  Source-Line:libMvUsb3vTL.so(StreamProcess.cpp-L0844)     Description:[GetOneFrame] PreFrameNum[8211], CurFrameNum[8215]     Solution:
Warning 2025-11-15 19:21:14  DevID:MV-CA013-A0UC(J06720615)  Source-Line:libMvUsb3vTL.so(StreamProcess.cpp-L1426)     Description:Delete one DataNode     Solution:Please confirm that there is a blocking operation when you grab frame
Warning 2025-11-15 19:21:14  DevID:MV-CA013-A0UC(J06720615)  Source-Line:libMvUsb3vTL.so(StreamProcess.cpp-L1426)     Description:Delete one DataNode     Solution:Please confirm that there is a blocking operation when you grab frame
Warning 2025-11-15 19:21:14  DevID:MV-CA013-A0UC(J06720615)  Source-Line:libMvUsb3vTL.so(StreamProcess.cpp-L1426)     Description:Delete one DataNode     Solution:Please confirm that there is a blocking operation when you grab frame
Warning 2025-11-15 19:21:14  DevID:MV-CA013-A0UC(J06720615)  Source-Line:libMvUsb3vTL.so(StreamProcess.cpp-L0844)     Description:[GetOneFrame] PreFrameNum[8215], CurFrameNum[8219]     Solution:
Warning 2025-11-15 19:21:14  DevID:MV-CA013-A0UC(J06720615)  Source-Line:libMvUsb3vTL.so(StreamProcess.cpp-L1426)     Description:Delete one DataNode     Solution:Please confirm that there is a blocking operation when you grab frame
Warning 2025-11-15 19:21:14  DevID:MV-CA013-A0UC(J06720615)  Source-Line:libMvUsb3vTL.so(StreamProcess.cpp-L1426)     Description:Delete one DataNode     Solution:Please confirm that there is a blocking operation when you grab frame
Warning 2025-11-15 19:21:14  DevID:MV-CA013-A0UC(J06720615)  Source-Line:libMvUsb3vTL.so(StreamProcess.cpp-L1426)     Description:Delete one DataNode     Solution:Please confirm that there is a blocking operation when you grab frame
Warning 2025-11-15 19:21:14  DevID:MV-CA013-A0UC(J06720615)  Source-Line:libMvUsb3vTL.so(StreamProcess.cpp-L0844)     Description:[GetOneFrame] PreFrameNum[8219], CurFrameNum[8223]     Solution:
Warning 2025-11-15 19:21:14  DevID:MV-CA013-A0UC(J06720615)  Source-Line:libMvUsb3vTL.so(StreamProcess.cpp-L1426)     Description:Delete one DataNode     Solution:Please confirm that there is a blocking operation when you grab frame
Warning 2025-11-15 19:21:14  DevID:MV-CA013-A0UC(J06720615)  Source-Line:libMvUsb3vTL.so(StreamProcess.cpp-L1426)     Description:Delete one DataNode     Solution:Please confirm that there is a blocking operation when you grab frame
Warning 2025-11-15 19:21:14  DevID:MV-CA013-A0UC(J06720615)  Source-Line:libMvUsb3vTL.so(StreamProcess.cpp-L1426)     Description:Delete one DataNode     Solution:Please confirm that there is a blocking operation when you grab frame
Warning 2025-11-15 19:21:14  DevID:MV-CA013-A0UC(J06720615)  Source-Line:libMvUsb3vTL.so(StreamProcess.cpp-L0844)     Description:[GetOneFrame] PreFrameNum[8223], CurFrameNum[8227]     Solution:
Warning 2025-11-15 19:21:14  DevID:MV-CA013-A0UC(J06720615)  Source-Line:libMvUsb3vTL.so(StreamProcess.cpp-L1426)     Description:Delete one DataNode     Solution:Please confirm that there is a blocking operation when you grab frame
Warning 2025-11-15 19:21:14  DevID:MV-CA013-A0UC(J06720615)  Source-Line:libMvUsb3vTL.so(StreamProcess.cpp-L1426)     Description:Delete one DataNode     Solution:Please confirm that there is a blocking operation when you grab frame
Warning 2025-11-15 19:21:14  DevID:MV-CA013-A0UC(J06720615)  Source-Line:libMvUsb3vTL.so(StreamProcess.cpp-L1426)     Description:Delete one DataNode     Solution:Please confirm that there is a blocking operation when you grab frame
Warning 2025-11-15 19:21:14  DevID:MV-CA013-A0UC(J06720615)  Source-Line:libMvUsb3vTL.so(StreamProcess.cpp-L0844)     Description:[GetOneFrame] PreFrameNum[8227], CurFrameNum[8231]     Solution:
Warning 2025-11-15 19:21:14  DevID:MV-CA013-A0UC(J06720615)  Source-Line:libMvUsb3vTL.so(StreamProcess.cpp-L1426)     Description:Delete one DataNode     Solution:Please confirm that there is a blocking operation when you grab frame
Warning 2025-11-15 19:21:14  DevID:MV-CA013-A0UC(J06720615)  Source-Line:libMvUsb3vTL.so(StreamProcess.cpp-L1426)     Description:Delete one DataNode     Solution:Please confirm that there is a blocking operation when you grab frame
Warning 2025-11-15 19:21:14  DevID:MV-CA013-A0UC(J06720615)  Source-Line:libMvUsb3vTL.so(StreamProcess.cpp-L1426)     Description:Delete one DataNode     Solution:Please confirm that there is a blocking operation when you grab frame
Warning 2025-11-15 19:21:14  DevID:MV-CA013-A0UC(J06720615)  Source-Line:libMvUsb3vTL.so(StreamProcess.cpp-L0844)     Description:[GetOneFrame] PreFrameNum[8231], CurFrameNum[8235]     Solution:
Warning 2025-11-15 19:21:14  DevID:MV-CA013-A0UC(J06720615)  Source-Line:libMvUsb3vTL.so(StreamProcess.cpp-L1426)     Description:Delete one DataNode     Solution:Please confirm that there is a blocking operation when you grab frame
Warning 2025-11-15 19:21:14  DevID:MV-CA013-A0UC(J06720615)  Source-Line:libMvUsb3vTL.so(StreamProcess.cpp-L1426)     Description:Delete one DataNode     Solution:Please confirm that there is a blocking operation when you grab frame
Warning 2025-11-15 19:21:14  DevID:MV-CA013-A0UC(J06720615)  Source-Line:libMvUsb3vTL.so(StreamProcess.cpp-L1426)     Description:Delete one DataNode     Solution:Please confirm that there is a blocking operation when you grab frame
Warning 2025-11-15 19:21:14  DevID:MV-CA013-A0UC(J06720615)  Source-Line:libMvUsb3vTL.so(StreamProcess.cpp-L0844)     Description:[GetOneFrame] PreFrameNum[8235], CurFrameNum[8239]     Solution:
Warning 2025-11-15 19:21:14  DevID:MV-CA013-A0UC(J06720615)  Source-Line:libMvUsb3vTL.so(StreamProcess.cpp-L1426)     Description:Delete one DataNode     Solution:Please confirm that there is a blocking operation when you grab frame
Warning 2025-11-15 19:21:14  DevID:MV-CA013-A0UC(J06720615)  Source-Line:libMvUsb3vTL.so(StreamProcess.cpp-L1426)     Description:Delete one DataNode     Solution:Please confirm that there is a blocking operation when you grab frame
Warning 2025-11-15 19:21:14  DevID:MV-CA013-A0UC(J06720615)  Source-Line:libMvUsb3vTL.so(StreamProcess.cpp-L1426)     Description:Delete one DataNode     Solution:Please confirm that there is a blocking operation when you grab frame
Warning 2025-11-15 19:21:14  DevID:MV-CA013-A0UC(J06720615)  Source-Line:libMvUsb3vTL.so(StreamProcess.cpp-L0844)     Description:[GetOneFrame] PreFrameNum[8239], CurFrameNum[8243]     Solution:
Warning 2025-11-15 19:21:14  DevID:MV-CA013-A0UC(J06720615)  Source-Line:libMvUsb3vTL.so(StreamProcess.cpp-L1426)     Description:Delete one DataNode     Solution:Please confirm that there is a blocking operation when you grab frame
Warning 2025-11-15 19:21:14  DevID:MV-CA013-A0UC(J06720615)  Source-Line:libMvUsb3vTL.so(StreamProcess.cpp-L1426)     Description:Delete one DataNode     Solution:Please confirm that there is a blocking operation when you grab frame
Warning 2025-11-15 19:21:14  DevID:MV-CA013-A0UC(J06720615)  Source-Line:libMvUsb3vTL.so(StreamProcess.cpp-L1426)     Description:Delete one DataNode     Solution:Please confirm that there is a blocking operation when you grab frame
Warning 2025-11-15 19:21:14  DevID:MV-CA013-A0UC(J06720615)  Source-Line:libMvUsb3vTL.so(StreamProcess.cpp-L0844)     Description:[GetOneFrame] PreFrameNum[8243], CurFrameNum[8247]     Solution:
Warning 2025-11-15 19:21:14  DevID:MV-CA013-A0UC(J06720615)  Source-Line:libMvUsb3vTL.so(StreamProcess.cpp-L1426)     Description:Delete one DataNode     Solution:Please confirm that there is a blocking operation when you grab frame
Warning 2025-11-15 19:21:14  DevID:MV-CA013-A0UC(J06720615)  Source-Line:libMvUsb3vTL.so(StreamProcess.cpp-L1426)     Description:Delete one DataNode     Solution:Please confirm that there is a blocking operation when you grab frame
Warning 2025-11-15 19:21:14  DevID:MV-CA013-A0UC(J06720615)  Source-Line:libMvUsb3vTL.so(StreamProcess.cpp-L1426)     Description:Delete one DataNode     Solution:Please confirm that there is a blocking operation when you grab frame
Warning 2025-11-15 19:21:14  DevID:MV-CA013-A0UC(J06720615)  Source-Line:libMvUsb3vTL.so(StreamProcess.cpp-L1426)     Description:Delete one DataNode     Solution:Please confirm that there is a blocking operation when you grab frame
Warning 2025-11-15 19:21:14  DevID:MV-CA013-A0UC(J06720615)  Source-Line:libMvUsb3vTL.so(StreamProcess.cpp-L1426)     Description:Delete one DataNode     Solution:Please confirm that there is a blocking operation when you grab frame
Warning 2025-11-15 19:21:14  DevID:MV-CA013-A0UC(J06720615)  Source-Line:libMvUsb3vTL.so(StreamProcess.cpp-L0844)     Description:[GetOneFrame] PreFrameNum[8247], CurFrameNum[8253]     Solution:
Warning 2025-11-15 19:21:14  DevID:MV-CA013-A0UC(J06720615)  Source-Line:libMvUsb3vTL.so(StreamProcess.cpp-L1426)     Description:Delete one DataNode     Solution:Please confirm that there is a blocking operation when you grab frame
Warning 2025-11-15 19:21:14  DevID:MV-CA013-A0UC(J06720615)  Source-Line:libMvUsb3vTL.so(StreamProcess.cpp-L1426)     Description:Delete one DataNode     Solution:Please confirm that there is a blocking operation when you grab frame
Warning 2025-11-15 19:21:14  DevID:MV-CA013-A0UC(J06720615)  Source-Line:libMvUsb3vTL.so(StreamProcess.cpp-L1426)     Description:Delete one DataNode     Solution:Please confirm that there is a blocking operation when you grab frame
Warning 2025-11-15 19:21:14  DevID:MV-CA013-A0UC(J06720615)  Source-Line:libMvUsb3vTL.so(StreamProcess.cpp-L0844)     Description:[GetOneFrame] PreFrameNum[8253], CurFrameNum[8257]     Solution:
Warning 2025-11-15 19:21:14  DevID:MV-CA013-A0UC(J06720615)  Source-Line:libMvUsb3vTL.so(StreamProcess.cpp-L1426)     Description:Delete one DataNode     Solution:Please confirm that there is a blocking operation when you grab frame
Warning 2025-11-15 19:21:14  DevID:MV-CA013-A0UC(J06720615)  Source-Line:libMvUsb3vTL.so(StreamProcess.cpp-L1426)     Description:Delete one DataNode     Solution:Please confirm that there is a blocking operation when you grab frame
Warning 2025-11-15 19:21:14  DevID:MV-CA013-A0UC(J06720615)  Source-Line:libMvUsb3vTL.so(StreamProcess.cpp-L1426)     Description:Delete one DataNode     Solution:Please confirm that there is a blocking operation when you grab frame
Warning 2025-11-15 19:21:14  DevID:MV-CA013-A0UC(J06720615)  Source-Line:libMvUsb3vTL.so(StreamProcess.cpp-L0844)     Description:[GetOneFrame] PreFrameNum[8257], CurFrameNum[8261]     Solution:
Warning 2025-11-15 19:21:14  DevID:MV-CA013-A0UC(J06720615)  Source-Line:libMvUsb3vTL.so(StreamProcess.cpp-L1426)     Description:Delete one DataNode     Solution:Please confirm that there is a blocking operation when you grab frame
Warning 2025-11-15 19:21:14  DevID:MV-CA013-A0UC(J06720615)  Source-Line:libMvUsb3vTL.so(StreamProcess.cpp-L1426)     Description:Delete one DataNode     Solution:Please confirm that there is a blocking operation when you grab frame
Warning 2025-11-15 19:21:14  DevID:MV-CA013-A0UC(J06720615)  Source-Line:libMvUsb3vTL.so(StreamProcess.cpp-L1426)     Description:Delete one DataNode     Solution:Please confirm that there is a blocking operation when you grab frame
Warning 2025-11-15 19:21:14  DevID:MV-CA013-A0UC(J06720615)  Source-Line:libMvUsb3vTL.so(StreamProcess.cpp-L0844)     Description:[GetOneFrame] PreFrameNum[8261], CurFrameNum[8265]     Solution:
Warning 2025-11-15 19:21:14  DevID:MV-CA013-A0UC(J06720615)  Source-Line:libMvUsb3vTL.so(StreamProcess.cpp-L1426)     Description:Delete one DataNode     Solution:Please confirm that there is a blocking operation when you grab frame
Warning 2025-11-15 19:21:14  DevID:MV-CA013-A0UC(J06720615)  Source-Line:libMvUsb3vTL.so(StreamProcess.cpp-L1426)     Description:Delete one DataNode     Solution:Please confirm that there is a blocking operation when you grab frame
Warning 2025-11-15 19:21:14  DevID:MV-CA013-A0UC(J06720615)  Source-Line:libMvUsb3vTL.so(StreamProcess.cpp-L1426)     Description:Delete one DataNode     Solution:Please confirm that there is a blocking operation when you grab frame
Warning 2025-11-15 19:21:14  DevID:MV-CA013-A0UC(J06720615)  Source-Line:libMvUsb3vTL.so(StreamProcess.cpp-L0844)     Description:[GetOneFrame] PreFrameNum[8265], CurFrameNum[8269]     Solution:
Warning 2025-11-15 19:21:14  DevID:MV-CA013-A0UC(J06720615)  Source-Line:libMvUsb3vTL.so(StreamProcess.cpp-L1426)     Description:Delete one DataNode     Solution:Please confirm that there is a blocking operation when you grab frame
Warning 2025-11-15 19:21:14  DevID:MV-CA013-A0UC(J06720615)  Source-Line:libMvUsb3vTL.so(StreamProcess.cpp-L1426)     Description:Delete one DataNode     Solution:Please confirm that there is a blocking operation when you grab frame
Warning 2025-11-15 19:21:14  DevID:MV-CA013-A0UC(J06720615)  Source-Line:libMvUsb3vTL.so(StreamProcess.cpp-L1426)     Description:Delete one DataNode     Solution:Please confirm that there is a blocking operation when you grab frame
Warning 2025-11-15 19:21:14  DevID:MV-CA013-A0UC(J06720615)  Source-Line:libMvUsb3vTL.so(StreamProcess.cpp-L0844)     Description:[GetOneFrame] PreFrameNum[8269], CurFrameNum[8273]     Solution:
Warning 2025-11-15 19:21:14  DevID:MV-CA013-A0UC(J06720615)  Source-Line:libMvUsb3vTL.so(StreamProcess.cpp-L1426)     Description:Delete one DataNode     Solution:Please confirm that there is a blocking operation when you grab frame
Warning 2025-11-15 19:21:14  DevID:MV-CA013-A0UC(J06720615)  Source-Line:libMvUsb3vTL.so(StreamProcess.cpp-L1426)     Description:Delete one DataNode     Solution:Please confirm that there is a blocking operation when you grab frame
Warning 2025-11-15 19:21:14  DevID:MV-CA013-A0UC(J06720615)  Source-Line:libMvUsb3vTL.so(StreamProcess.cpp-L1426)     Description:Delete one DataNode     Solution:Please confirm that there is a blocking operation when you grab frame
Warning 2025-11-15 19:21:14  DevID:MV-CA013-A0UC(J06720615)  Source-Line:libMvUsb3vTL.so(StreamProcess.cpp-L0844)     Description:[GetOneFrame] PreFrameNum[8273], CurFrameNum[8277]     Solution:
Warning 2025-11-15 19:21:14  DevID:MV-CA013-A0UC(J06720615)  Source-Line:libMvUsb3vTL.so(StreamProcess.cpp-L1426)     Description:Delete one DataNode     Solution:Please confirm that there is a blocking operation when you grab frame
Warning 2025-11-15 19:21:14  DevID:MV-CA013-A0UC(J06720615)  Source-Line:libMvUsb3vTL.so(StreamProcess.cpp-L1426)     Description:Delete one DataNode     Solution:Please confirm that there is a blocking operation when you grab frame
Warning 2025-11-15 19:21:14  DevID:MV-CA013-A0UC(J06720615)  Source-Line:libMvUsb3vTL.so(StreamProcess.cpp-L1426)     Description:Delete one DataNode     Solution:Please confirm that there is a blocking operation when you grab frame
Warning 2025-11-15 19:21:14  DevID:MV-CA013-A0UC(J06720615)  Source-Line:libMvUsb3vTL.so(StreamProcess.cpp-L0844)     Description:[GetOneFrame] PreFrameNum[8277], CurFrameNum[8281]     Solution:
Warning 2025-11-15 19:21:14  DevID:MV-CA013-A0UC(J06720615)  Source-Line:libMvUsb3vTL.so(StreamProcess.cpp-L1426)     Description:Delete one DataNode     Solution:Please confirm that there is a blocking operation when you grab frame
Warning 2025-11-15 19:21:14  DevID:MV-CA013-A0UC(J06720615)  Source-Line:libMvUsb3vTL.so(StreamProcess.cpp-L1426)     Description:Delete one DataNode     Solution:Please confirm that there is a blocking operation when you grab frame
Warning 2025-11-15 19:21:14  DevID:MV-CA013-A0UC(J06720615)  Source-Line:libMvUsb3vTL.so(StreamProcess.cpp-L1426)     Description:Delete one DataNode     Solution:Please confirm that there is a blocking operation when you grab frame
Warning 2025-11-15 19:21:14  DevID:MV-CA013-A0UC(J06720615)  Source-Line:libMvUsb3vTL.so(StreamProcess.cpp-L0844)     Description:[GetOneFrame] PreFrameNum[8281], CurFrameNum[8285]     Solution:
Warning 2025-11-15 19:21:14  DevID:MV-CA013-A0UC(J06720615)  Source-Line:libMvUsb3vTL.so(StreamProcess.cpp-L1426)     Description:Delete one DataNode     Solution:Please confirm that there is a blocking operation when you grab frame
Warning 2025-11-15 19:21:14  DevID:MV-CA013-A0UC(J06720615)  Source-Line:libMvUsb3vTL.so(StreamProcess.cpp-L1426)     Description:Delete one DataNode     Solution:Please confirm that there is a blocking operation when you grab frame
Warning 2025-11-15 19:21:14  DevID:MV-CA013-A0UC(J06720615)  Source-Line:libMvUsb3vTL.so(StreamProcess.cpp-L1426)     Description:Delete one DataNode     Solution:Please confirm that there is a blocking operation when you grab frame
Warning 2025-11-15 19:21:14  DevID:MV-CA013-A0UC(J06720615)  Source-Line:libMvUsb3vTL.so(StreamProcess.cpp-L0844)     Description:[GetOneFrame] PreFrameNum[8285], CurFrameNum[8289]     Solution:
Warning 2025-11-15 19:21:14  DevID:MV-CA013-A0UC(J06720615)  Source-Line:libMvUsb3vTL.so(StreamProcess.cpp-L1426)     Description:Delete one DataNode     Solution:Please confirm that there is a blocking operation when you grab frame
Warning 2025-11-15 19:21:14  DevID:MV-CA013-A0UC(J06720615)  Source-Line:libMvUsb3vTL.so(StreamProcess.cpp-L1426)     Description:Delete one DataNode     Solution:Please confirm that there is a blocking operation when you grab frame
Warning 2025-11-15 19:21:14  DevID:MV-CA013-A0UC(J06720615)  Source-Line:libMvUsb3vTL.so(StreamProcess.cpp-L1426)     Description:Delete one DataNode     Solution:Please confirm that there is a blocking operation when you grab frame
Warning 2025-11-15 19:21:14  DevID:MV-CA013-A0UC(J06720615)  Source-Line:libMvUsb3vTL.so(StreamProcess.cpp-L0844)     Description:[GetOneFrame] PreFrameNum[8289], CurFrameNum[8293]     Solution:
Warning 2025-11-15 19:21:14  DevID:MV-CA013-A0UC(J06720615)  Source-Line:libMvUsb3vTL.so(StreamProcess.cpp-L1426)     Description:Delete one DataNode     Solution:Please confirm that there is a blocking operation when you grab frame
Warning 2025-11-15 19:21:14  DevID:MV-CA013-A0UC(J06720615)  Source-Line:libMvUsb3vTL.so(StreamProcess.cpp-L1426)     Description:Delete one DataNode     Solution:Please confirm that there is a blocking operation when you grab frame
Warning 2025-11-15 19:21:14  DevID:MV-CA013-A0UC(J06720615)  Source-Line:libMvUsb3vTL.so(StreamProcess.cpp-L1426)     Description:Delete one DataNode     Solution:Please confirm that there is a blocking operation when you grab frame
Warning 2025-11-15 19:21:14  DevID:MV-CA013-A0UC(J06720615)  Source-Line:libMvUsb3vTL.so(StreamProcess.cpp-L0844)     Description:[GetOneFrame] PreFrameNum[8293], CurFrameNum[8297]     Solution:
Warning 2025-11-15 19:21:14  DevID:MV-CA013-A0UC(J06720615)  Source-Line:libMvUsb3vTL.so(StreamProcess.cpp-L1426)     Description:Delete one DataNode     Solution:Please confirm that there is a blocking operation when you grab frame
Warning 2025-11-15 19:21:14  DevID:MV-CA013-A0UC(J06720615)  Source-Line:libMvUsb3vTL.so(StreamProcess.cpp-L1426)     Description:Delete one DataNode     Solution:Please confirm that there is a blocking operation when you grab frame
Warning 2025-11-15 19:21:14  DevID:MV-CA013-A0UC(J06720615)  Source-Line:libMvUsb3vTL.so(StreamProcess.cpp-L1426)     Description:Delete one DataNode     Solution:Please confirm that there is a blocking operation when you grab frame
Warning 2025-11-15 19:21:14  DevID:MV-CA013-A0UC(J06720615)  Source-Line:libMvUsb3vTL.so(StreamProcess.cpp-L0844)     Description:[GetOneFrame] PreFrameNum[8297], CurFrameNum[8301]     Solution:
Warning 2025-11-15 19:21:14  DevID:MV-CA013-A0UC(J06720615)  Source-Line:libMvUsb3vTL.so(StreamProcess.cpp-L1426)     Description:Delete one DataNode     Solution:Please confirm that there is a blocking operation when you grab frame
Warning 2025-11-15 19:21:14  DevID:MV-CA013-A0UC(J06720615)  Source-Line:libMvUsb3vTL.so(StreamProcess.cpp-L1426)     Description:Delete one DataNode     Solution:Please confirm that there is a blocking operation when you grab frame
Warning 2025-11-15 19:21:14  DevID:MV-CA013-A0UC(J06720615)  Source-Line:libMvUsb3vTL.so(StreamProcess.cpp-L1426)     Description:Delete one DataNode     Solution:Please confirm that there is a blocking operation when you grab frame
Warning 2025-11-15 19:21:14  DevID:MV-CA013-A0UC(J06720615)  Source-Line:libMvUsb3vTL.so(StreamProcess.cpp-L0844)     Description:[GetOneFrame] PreFrameNum[8301], CurFrameNum[8305]     Solution:
Warning 2025-11-15 19:21:14  DevID:MV-CA013-A0UC(J06720615)  Source-Line:libMvUsb3vTL.so(StreamProcess.cpp-L1426)     Description:Delete one DataNode     Solution:Please confirm that there is a blocking operation when you grab frame
Warning 2025-11-15 19:21:14  DevID:MV-CA013-A0UC(J06720615)  Source-Line:libMvUsb3vTL.so(StreamProcess.cpp-L1426)     Description:Delete one DataNode     Solution:Please confirm that there is a blocking operation when you grab frame
Warning 2025-11-15 19:21:14  DevID:MV-CA013-A0UC(J06720615)  Source-Line:libMvUsb3vTL.so(StreamProcess.cpp-L1426)     Description:Delete one DataNode     Solution:Please confirm that there is a blocking operation when you grab frame
Warning 2025-11-15 19:21:14  DevID:MV-CA013-A0UC(J06720615)  Source-Line:libMvUsb3vTL.so(StreamProcess.cpp-L0844)     Description:[GetOneFrame] PreFrameNum[8305], CurFrameNum[8309]     Solution:
Warning 2025-11-15 19:21:14  DevID:MV-CA013-A0UC(J06720615)  Source-Line:libMvUsb3vTL.so(StreamProcess.cpp-L1426)     Description:Delete one DataNode     Solution:Please confirm that there is a blocking operation when you grab frame
Warning 2025-11-15 19:21:14  DevID:MV-CA013-A0UC(J06720615)  Source-Line:libMvUsb3vTL.so(StreamProcess.cpp-L1426)     Description:Delete one DataNode     Solution:Please confirm that there is a blocking operation when you grab frame
Warning 2025-11-15 19:21:14  DevID:MV-CA013-A0UC(J06720615)  Source-Line:libMvUsb3vTL.so(StreamProcess.cpp-L1426)     Description:Delete one DataNode     Solution:Please confirm that there is a blocking operation when you grab frame
Warning 2025-11-15 19:21:14  DevID:MV-CA013-A0UC(J06720615)  Source-Line:libMvUsb3vTL.so(StreamProcess.cpp-L0844)     Description:[GetOneFrame] PreFrameNum[8309], CurFrameNum[8313]     Solution:
Warning 2025-11-15 19:21:14  DevID:MV-CA013-A0UC(J06720615)  Source-Line:libMvUsb3vTL.so(StreamProcess.cpp-L1426)     Description:Delete one DataNode     Solution:Please confirm that there is a blocking operation when you grab frame
Warning 2025-11-15 19:21:14  DevID:MV-CA013-A0UC(J06720615)  Source-Line:libMvUsb3vTL.so(StreamProcess.cpp-L1426)     Description:Delete one DataNode     Solution:Please confirm that there is a blocking operation when you grab frame
Warning 2025-11-15 19:21:14  DevID:MV-CA013-A0UC(J06720615)  Source-Line:libMvUsb3vTL.so(StreamProcess.cpp-L1426)     Description:Delete one DataNode     Solution:Please confirm that there is a blocking operation when you grab frame
Warning 2025-11-15 19:21:14  DevID:MV-CA013-A0UC(J06720615)  Source-Line:libMvUsb3vTL.so(StreamProcess.cpp-L0844)     Description:[GetOneFrame] PreFrameNum[8313], CurFrameNum[8317]     Solution:
Warning 2025-11-15 19:21:14  DevID:MV-CA013-A0UC(J06720615)  Source-Line:libMvUsb3vTL.so(StreamProcess.cpp-L1426)     Description:Delete one DataNode     Solution:Please confirm that there is a blocking operation when you grab frame
Warning 2025-11-15 19:21:14  DevID:MV-CA013-A0UC(J06720615)  Source-Line:libMvUsb3vTL.so(StreamProcess.cpp-L1426)     Description:Delete one DataNode     Solution:Please confirm that there is a blocking operation when you grab frame
Warning 2025-11-15 19:21:14  DevID:MV-CA013-A0UC(J06720615)  Source-Line:libMvUsb3vTL.so(StreamProcess.cpp-L1426)     Description:Delete one DataNode     Solution:Please confirm that there is a blocking operation when you grab frame
Warning 2025-11-15 19:21:14  DevID:MV-CA013-A0UC(J06720615)  Source-Line:libMvUsb3vTL.so(StreamProcess.cpp-L0844)     Description:[GetOneFrame] PreFrameNum[8317], CurFrameNum[8321]     Solution:
Warning 2025-11-15 19:21:14  DevID:MV-CA013-A0UC(J06720615)  Source-Line:libMvUsb3vTL.so(StreamProcess.cpp-L1426)     Description:Delete one DataNode     Solution:Please confirm that there is a blocking operation when you grab frame
Warning 2025-11-15 19:21:14  DevID:MV-CA013-A0UC(J06720615)  Source-Line:libMvUsb3vTL.so(StreamProcess.cpp-L1426)     Description:Delete one DataNode     Solution:Please confirm that there is a blocking operation when you grab frame
Warning 2025-11-15 19:21:14  DevID:MV-CA013-A0UC(J06720615)  Source-Line:libMvUsb3vTL.so(StreamProcess.cpp-L1426)     Description:Delete one DataNode     Solution:Please confirm that there is a blocking operation when you grab frame
Warning 2025-11-15 19:21:14  DevID:MV-CA013-A0UC(J06720615)  Source-Line:libMvUsb3vTL.so(StreamProcess.cpp-L0844)     Description:[GetOneFrame] PreFrameNum[8321], CurFrameNum[8325]     Solution:
Warning 2025-11-15 19:21:14  DevID:MV-CA013-A0UC(J06720615)  Source-Line:libMvUsb3vTL.so(StreamProcess.cpp-L1426)     Description:Delete one DataNode     Solution:Please confirm that there is a blocking operation when you grab frame
Warning 2025-11-15 19:21:14  DevID:MV-CA013-A0UC(J06720615)  Source-Line:libMvUsb3vTL.so(StreamProcess.cpp-L1426)     Description:Delete one DataNode     Solution:Please confirm that there is a blocking operation when you grab frame
Warning 2025-11-15 19:21:14  DevID:MV-CA013-A0UC(J06720615)  Source-Line:libMvUsb3vTL.so(StreamProcess.cpp-L1426)     Description:Delete one DataNode     Solution:Please confirm that there is a blocking operation when you grab frame
Warning 2025-11-15 19:21:14  DevID:MV-CA013-A0UC(J06720615)  Source-Line:libMvUsb3vTL.so(StreamProcess.cpp-L0844)     Description:[GetOneFrame] PreFrameNum[8325], CurFrameNum[8329]     Solution:
Warning 2025-11-15 19:21:14  DevID:MV-CA013-A0UC(J06720615)  Source-Line:libMvUsb3vTL.so(StreamProcess.cpp-L1426)     Description:Delete one DataNode     Solution:Please confirm that there is a blocking operation when you grab frame
Warning 2025-11-15 19:21:14  DevID:MV-CA013-A0UC(J06720615)  Source-Line:libMvUsb3vTL.so(StreamProcess.cpp-L1426)     Description:Delete one DataNode     Solution:Please confirm that there is a blocking operation when you grab frame
Warning 2025-11-15 19:21:15  DevID:MV-CA013-A0UC(J06720615)  Source-Line:libMvUsb3vTL.so(StreamProcess.cpp-L1426)     Description:Delete one DataNode     Solution:Please confirm that there is a blocking operation when you grab frame
Warning 2025-11-15 19:21:15  DevID:MV-CA013-A0UC(J06720615)  Source-Line:libMvUsb3vTL.so(StreamProcess.cpp-L0844)     Description:[GetOneFrame] PreFrameNum[8329], CurFrameNum[8333]     Solution:
Warning 2025-11-15 19:21:15  DevID:MV-CA013-A0UC(J06720615)  Source-Line:libMvUsb3vTL.so(StreamProcess.cpp-L1426)     Description:Delete one DataNode     Solution:Please confirm that there is a blocking operation when you grab frame
Warning 2025-11-15 19:21:15  DevID:MV-CA013-A0UC(J06720615)  Source-Line:libMvUsb3vTL.so(StreamProcess.cpp-L1426)     Description:Delete one DataNode     Solution:Please confirm that there is a blocking operation when you grab frame
Warning 2025-11-15 19:21:15  DevID:MV-CA013-A0UC(J06720615)  Source-Line:libMvUsb3vTL.so(StreamProcess.cpp-L1426)     Description:Delete one DataNode     Solution:Please confirm that there is a blocking operation when you grab frame
Warning 2025-11-15 19:21:15  DevID:MV-CA013-A0UC(J06720615)  Source-Line:libMvUsb3vTL.so(StreamProcess.cpp-L0844)     Description:[GetOneFrame] PreFrameNum[8333], CurFrameNum[8337]     Solution:
Warning 2025-11-15 19:21:15  DevID:MV-CA013-A0UC(J06720615)  Source-Line:libMvUsb3vTL.so(StreamProcess.cpp-L1426)     Description:Delete one DataNode     Solution:Please confirm that there is a blocking operation when you grab frame
Warning 2025-11-15 19:21:15  DevID:MV-CA013-A0UC(J06720615)  Source-Line:libMvUsb3vTL.so(StreamProcess.cpp-L1426)     Description:Delete one DataNode     Solution:Please confirm that there is a blocking operation when you grab frame
Warning 2025-11-15 19:21:15  DevID:MV-CA013-A0UC(J06720615)  Source-Line:libMvUsb3vTL.so(StreamProcess.cpp-L1426)     Description:Delete one DataNode     Solution:Please confirm that there is a blocking operation when you grab frame
Warning 2025-11-15 19:21:15  DevID:MV-CA013-A0UC(J06720615)  Source-Line:libMvUsb3vTL.so(StreamProcess.cpp-L0844)     Description:[GetOneFrame] PreFrameNum[8337], CurFrameNum[8341]     Solution:
Warning 2025-11-15 19:21:15  DevID:MV-CA013-A0UC(J06720615)  Source-Line:libMvUsb3vTL.so(StreamProcess.cpp-L1426)     Description:Delete one DataNode     Solution:Please confirm that there is a blocking operation when you grab frame
Warning 2025-11-15 19:21:15  DevID:MV-CA013-A0UC(J06720615)  Source-Line:libMvUsb3vTL.so(StreamProcess.cpp-L1426)     Description:Delete one DataNode     Solution:Please confirm that there is a blocking operation when you grab frame
Warning 2025-11-15 19:21:15  DevID:MV-CA013-A0UC(J06720615)  Source-Line:libMvUsb3vTL.so(StreamProcess.cpp-L1426)     Description:Delete one DataNode     Solution:Please confirm that there is a blocking operation when you grab frame
Warning 2025-11-15 19:21:15  DevID:MV-CA013-A0UC(J06720615)  Source-Line:libMvUsb3vTL.so(StreamProcess.cpp-L0844)     Description:[GetOneFrame] PreFrameNum[8341], CurFrameNum[8345]     Solution:
Warning 2025-11-15 19:21:15  DevID:MV-CA013-A0UC(J06720615)  Source-Line:libMvUsb3vTL.so(StreamProcess.cpp-L1426)     Description:Delete one DataNode     Solution:Please confirm that there is a blocking operation when you grab frame
Warning 2025-11-15 19:21:15  DevID:MV-CA013-A0UC(J06720615)  Source-Line:libMvUsb3vTL.so(StreamProcess.cpp-L1426)     Description:Delete one DataNode     Solution:Please confirm that there is a blocking operation when you grab frame
Warning 2025-11-15 19:21:15  DevID:MV-CA013-A0UC(J06720615)  Source-Line:libMvUsb3vTL.so(StreamProcess.cpp-L1426)     Description:Delete one DataNode     Solution:Please confirm that there is a blocking operation when you grab frame
Warning 2025-11-15 19:21:15  DevID:MV-CA013-A0UC(J06720615)  Source-Line:libMvUsb3vTL.so(StreamProcess.cpp-L0844)     Description:[GetOneFrame] PreFrameNum[8345], CurFrameNum[8349]     Solution:
Warning 2025-11-15 19:21:15  DevID:MV-CA013-A0UC(J06720615)  Source-Line:libMvUsb3vTL.so(StreamProcess.cpp-L1426)     Description:Delete one DataNode     Solution:Please confirm that there is a blocking operation when you grab frame
Warning 2025-11-15 19:21:15  DevID:MV-CA013-A0UC(J06720615)  Source-Line:libMvUsb3vTL.so(StreamProcess.cpp-L1426)     Description:Delete one DataNode     Solution:Please confirm that there is a blocking operation when you grab frame
Warning 2025-11-15 19:21:15  DevID:MV-CA013-A0UC(J06720615)  Source-Line:libMvUsb3vTL.so(StreamProcess.cpp-L1426)     Description:Delete one DataNode     Solution:Please confirm that there is a blocking operation when you grab frame
Warning 2025-11-15 19:21:15  DevID:MV-CA013-A0UC(J06720615)  Source-Line:libMvUsb3vTL.so(StreamProcess.cpp-L0844)     Description:[GetOneFrame] PreFrameNum[8349], CurFrameNum[8353]     Solution:
Warning 2025-11-15 19:21:15  DevID:MV-CA013-A0UC(J06720615)  Source-Line:libMvUsb3vTL.so(StreamProcess.cpp-L1426)     Description:Delete one DataNode     Solution:Please confirm that there is a blocking operation when you grab frame
Warning 2025-11-15 19:21:15  DevID:MV-CA013-A0UC(J06720615)  Source-Line:libMvUsb3vTL.so(StreamProcess.cpp-L1426)     Description:Delete one DataNode     Solution:Please confirm that there is a blocking operation when you grab frame
Warning 2025-11-15 19:21:15  DevID:MV-CA013-A0UC(J06720615)  Source-Line:libMvUsb3vTL.so(StreamProcess.cpp-L1426)     Description:Delete one DataNode     Solution:Please confirm that there is a blocking operation when you grab frame
Warning 2025-11-15 19:21:15  DevID:MV-CA013-A0UC(J06720615)  Source-Line:libMvUsb3vTL.so(StreamProcess.cpp-L0844)     Description:[GetOneFrame] PreFrameNum[8353], CurFrameNum[8357]     Solution:
Warning 2025-11-15 19:21:15  DevID:MV-CA013-A0UC(J06720615)  Source-Line:libMvUsb3vTL.so(StreamProcess.cpp-L1426)     Description:Delete one DataNode     Solution:Please confirm that there is a blocking operation when you grab frame
Warning 2025-11-15 19:21:15  DevID:MV-CA013-A0UC(J06720615)  Source-Line:libMvUsb3vTL.so(StreamProcess.cpp-L1426)     Description:Delete one DataNode     Solution:Please confirm that there is a blocking operation when you grab frame
Warning 2025-11-15 19:21:15  DevID:MV-CA013-A0UC(J06720615)  Source-Line:libMvUsb3vTL.so(StreamProcess.cpp-L1426)     Description:Delete one DataNode     Solution:Please confirm that there is a blocking operation when you grab frame
Warning 2025-11-15 19:21:15  DevID:MV-CA013-A0UC(J06720615)  Source-Line:libMvUsb3vTL.so(StreamProcess.cpp-L0844)     Description:[GetOneFrame] PreFrameNum[8357], CurFrameNum[8361]     Solution:
Warning 2025-11-15 19:21:15  DevID:MV-CA013-A0UC(J06720615)  Source-Line:libMvUsb3vTL.so(StreamProcess.cpp-L1426)     Description:Delete one DataNode     Solution:Please confirm that there is a blocking operation when you grab frame
Warning 2025-11-15 19:21:15  DevID:MV-CA013-A0UC(J06720615)  Source-Line:libMvUsb3vTL.so(StreamProcess.cpp-L1426)     Description:Delete one DataNode     Solution:Please confirm that there is a blocking operation when you grab frame
Warning 2025-11-15 19:21:15  DevID:MV-CA013-A0UC(J06720615)  Source-Line:libMvUsb3vTL.so(StreamProcess.cpp-L1426)     Description:Delete one DataNode     Solution:Please confirm that there is a blocking operation when you grab frame
Warning 2025-11-15 19:21:15  DevID:MV-CA013-A0UC(J06720615)  Source-Line:libMvUsb3vTL.so(StreamProcess.cpp-L0844)     Description:[GetOneFrame] PreFrameNum[8361], CurFrameNum[8365]     Solution:
Warning 2025-11-15 19:21:15  DevID:MV-CA013-A0UC(J06720615)  Source-Line:libMvUsb3vTL.so(StreamProcess.cpp-L1426)     Description:Delete one DataNode     Solution:Please confirm that there is a blocking operation when you grab frame
Warning 2025-11-15 19:21:15  DevID:MV-CA013-A0UC(J06720615)  Source-Line:libMvUsb3vTL.so(StreamProcess.cpp-L1426)     Description:Delete one DataNode     Solution:Please confirm that there is a blocking operation when you grab frame
Warning 2025-11-15 19:21:15  DevID:MV-CA013-A0UC(J06720615)  Source-Line:libMvUsb3vTL.so(StreamProcess.cpp-L1426)     Description:Delete one DataNode     Solution:Please confirm that there is a blocking operation when you grab frame
Warning 2025-11-15 19:21:15  DevID:MV-CA013-A0UC(J06720615)  Source-Line:libMvUsb3vTL.so(StreamProcess.cpp-L0844)     Description:[GetOneFrame] PreFrameNum[8365], CurFrameNum[8369]     Solution:
Warning 2025-11-15 19:21:15  DevID:MV-CA013-A0UC(J06720615)  Source-Line:libMvUsb3vTL.so(StreamProcess.cpp-L1426)     Description:Delete one DataNode     Solution:Please confirm that there is a blocking operation when you grab frame
Warning 2025-11-15 19:21:15  DevID:MV-CA013-A0UC(J06720615)  Source-Line:libMvUsb3vTL.so(StreamProcess.cpp-L1426)     Description:Delete one DataNode     Solution:Please confirm that there is a blocking operation when you grab frame
Warning 2025-11-15 19:21:15  DevID:MV-CA013-A0UC(J06720615)  Source-Line:libMvUsb3vTL.so(StreamProcess.cpp-L1426)     Description:Delete one DataNode     Solution:Please confirm that there is a blocking operation when you grab frame
Warning 2025-11-15 19:21:15  DevID:MV-CA013-A0UC(J06720615)  Source-Line:libMvUsb3vTL.so(StreamProcess.cpp-L0844)     Description:[GetOneFrame] PreFrameNum[8369], CurFrameNum[8373]     Solution:
Warning 2025-11-15 19:21:15  DevID:MV-CA013-A0UC(J06720615)  Source-Line:libMvUsb3vTL.so(StreamProcess.cpp-L1426)     Description:Delete one DataNode     Solution:Please confirm that there is a blocking operation when you grab frame
Warning 2025-11-15 19:21:15  DevID:MV-CA013-A0UC(J06720615)  Source-Line:libMvUsb3vTL.so(StreamProcess.cpp-L1426)     Description:Delete one DataNode     Solution:Please confirm that there is a blocking operation when you grab frame
Warning 2025-11-15 19:21:15  DevID:MV-CA013-A0UC(J06720615)  Source-Line:libMvUsb3vTL.so(StreamProcess.cpp-L1426)     Description:Delete one DataNode     Solution:Please confirm that there is a blocking operation when you grab frame
Warning 2025-11-15 19:21:15  DevID:MV-CA013-A0UC(J06720615)  Source-Line:libMvUsb3vTL.so(StreamProcess.cpp-L0844)     Description:[GetOneFrame] PreFrameNum[8373], CurFrameNum[8377]     Solution:
Warning 2025-11-15 19:21:15  DevID:MV-CA013-A0UC(J06720615)  Source-Line:libMvUsb3vTL.so(StreamProcess.cpp-L1426)     Description:Delete one DataNode     Solution:Please confirm that there is a blocking operation when you grab frame
Warning 2025-11-15 19:21:15  DevID:MV-CA013-A0UC(J06720615)  Source-Line:libMvUsb3vTL.so(StreamProcess.cpp-L1426)     Description:Delete one DataNode     Solution:Please confirm that there is a blocking operation when you grab frame
Warning 2025-11-15 19:21:15  DevID:MV-CA013-A0UC(J06720615)  Source-Line:libMvUsb3vTL.so(StreamProcess.cpp-L1426)     Description:Delete one DataNode     Solution:Please confirm that there is a blocking operation when you grab frame
Warning 2025-11-15 19:21:15  DevID:MV-CA013-A0UC(J06720615)  Source-Line:libMvUsb3vTL.so(StreamProcess.cpp-L0844)     Description:[GetOneFrame] PreFrameNum[8377], CurFrameNum[8381]     Solution:
Warning 2025-11-15 19:21:15  DevID:MV-CA013-A0UC(J06720615)  Source-Line:libMvUsb3vTL.so(StreamProcess.cpp-L1426)     Description:Delete one DataNode     Solution:Please confirm that there is a blocking operation when you grab frame
Warning 2025-11-15 19:21:15  DevID:MV-CA013-A0UC(J06720615)  Source-Line:libMvUsb3vTL.so(StreamProcess.cpp-L1426)     Description:Delete one DataNode     Solution:Please confirm that there is a blocking operation when you grab frame
Warning 2025-11-15 19:21:15  DevID:MV-CA013-A0UC(J06720615)  Source-Line:libMvUsb3vTL.so(StreamProcess.cpp-L1426)     Description:Delete one DataNode     Solution:Please confirm that there is a blocking operation when you grab frame
Warning 2025-11-15 19:21:15  DevID:MV-CA013-A0UC(J06720615)  Source-Line:libMvUsb3vTL.so(StreamProcess.cpp-L0844)     Description:[GetOneFrame] PreFrameNum[8381], CurFrameNum[8385]     Solution:
Warning 2025-11-15 19:21:15  DevID:MV-CA013-A0UC(J06720615)  Source-Line:libMvUsb3vTL.so(StreamProcess.cpp-L1426)     Description:Delete one DataNode     Solution:Please confirm that there is a blocking operation when you grab frame
Warning 2025-11-15 19:21:15  DevID:MV-CA013-A0UC(J06720615)  Source-Line:libMvUsb3vTL.so(StreamProcess.cpp-L1426)     Description:Delete one DataNode     Solution:Please confirm that there is a blocking operation when you grab frame
Warning 2025-11-15 19:21:15  DevID:MV-CA013-A0UC(J06720615)  Source-Line:libMvUsb3vTL.so(StreamProcess.cpp-L1426)     Description:Delete one DataNode     Solution:Please confirm that there is a blocking operation when you grab frame
Warning 2025-11-15 19:21:15  DevID:MV-CA013-A0UC(J06720615)  Source-Line:libMvUsb3vTL.so(StreamProcess.cpp-L0844)     Description:[GetOneFrame] PreFrameNum[8385], CurFrameNum[8389]     Solution:
Warning 2025-11-15 19:21:15  DevID:MV-CA013-A0UC(J06720615)  Source-Line:libMvUsb3vTL.so(StreamProcess.cpp-L1426)     Description:Delete one DataNode     Solution:Please confirm that there is a blocking operation when you grab frame
Warning 2025-11-15 19:21:15  DevID:MV-CA013-A0UC(J06720615)  Source-Line:libMvUsb3vTL.so(StreamProcess.cpp-L1426)     Description:Delete one DataNode     Solution:Please confirm that there is a blocking operation when you grab frame
Warning 2025-11-15 19:21:15  DevID:MV-CA013-A0UC(J06720615)  Source-Line:libMvUsb3vTL.so(StreamProcess.cpp-L1426)     Description:Delete one DataNode     Solution:Please confirm that there is a blocking operation when you grab frame
Warning 2025-11-15 19:21:15  DevID:MV-CA013-A0UC(J06720615)  Source-Line:libMvUsb3vTL.so(StreamProcess.cpp-L0844)     Description:[GetOneFrame] PreFrameNum[8389], CurFrameNum[8393]     Solution:
Warning 2025-11-15 19:21:15  DevID:MV-CA013-A0UC(J06720615)  Source-Line:libMvUsb3vTL.so(StreamProcess.cpp-L1426)     Description:Delete one DataNode     Solution:Please confirm that there is a blocking operation when you grab frame
Warning 2025-11-15 19:21:15  DevID:MV-CA013-A0UC(J06720615)  Source-Line:libMvUsb3vTL.so(StreamProcess.cpp-L1426)     Description:Delete one DataNode     Solution:Please confirm that there is a blocking operation when you grab frame
Warning 2025-11-15 19:21:15  DevID:MV-CA013-A0UC(J06720615)  Source-Line:libMvUsb3vTL.so(StreamProcess.cpp-L1426)     Description:Delete one DataNode     Solution:Please confirm that there is a blocking operation when you grab frame
Warning 2025-11-15 19:21:15  DevID:MV-CA013-A0UC(J06720615)  Source-Line:libMvUsb3vTL.so(StreamProcess.cpp-L0844)     Description:[GetOneFrame] PreFrameNum[8393], CurFrameNum[8397]     Solution:
Warning 2025-11-15 19:21:15  DevID:MV-CA013-A0UC(J06720615)  Source-Line:libMvUsb3vTL.so(StreamProcess.cpp-L1426)     Description:Delete one DataNode     Solution:Please confirm that there is a blocking operation when you grab frame
Warning 2025-11-15 19:21:15  DevID:MV-CA013-A0UC(J06720615)  Source-Line:libMvUsb3vTL.so(StreamProcess.cpp-L1426)     Description:Delete one DataNode     Solution:Please confirm that there is a blocking operation when you grab frame
Warning 2025-11-15 19:21:15  DevID:MV-CA013-A0UC(J06720615)  Source-Line:libMvUsb3vTL.so(StreamProcess.cpp-L1426)     Description:Delete one DataNode     Solution:Please confirm that there is a blocking operation when you grab frame
Warning 2025-11-15 19:21:15  DevID:MV-CA013-A0UC(J06720615)  Source-Line:libMvUsb3vTL.so(StreamProcess.cpp-L0844)     Description:[GetOneFrame] PreFrameNum[8397], CurFrameNum[8401]     Solution:
Warning 2025-11-15 19:21:15  DevID:MV-CA013-A0UC(J06720615)  Source-Line:libMvUsb3vTL.so(StreamProcess.cpp-L1426)     Description:Delete one DataNode     Solution:Please confirm that there is a blocking operation when you grab frame
Error   2025-11-15 19:21:15  DevID:MV-CA013-A0UC(J06720615)  Source-Line:libMvUsb3vTL.so(DriverLayer.cpp-L0769)     Description:timesOut, num_iso_packets: ff     Solution:
Info    2025-11-15 19:21:15  DevID:MV-CA013-A0UC(J06720615)  Source-Line:libMvUsb3vTL.so(EventProcess.cpp-L0311)     Description:[Event]Read Async, Ret[0xff]     Solution:
Warning 2025-11-15 19:21:15  DevID:MV-CA013-A0UC(J06720615)  Source-Line:libMvUsb3vTL.so(StreamProcess.cpp-L1426)     Description:Delete one DataNode     Solution:Please confirm that there is a blocking operation when you grab frame
Warning 2025-11-15 19:21:15  DevID:MV-CA013-A0UC(J06720615)  Source-Line:libMvUsb3vTL.so(StreamProcess.cpp-L1426)     Description:Delete one DataNode     Solution:Please confirm that there is a blocking operation when you grab frame
Warning 2025-11-15 19:21:15  DevID:MV-CA013-A0UC(J06720615)  Source-Line:libMvUsb3vTL.so(StreamProcess.cpp-L0844)     Description:[GetOneFrame] PreFrameNum[8401], CurFrameNum[8405]     Solution:
Warning 2025-11-15 19:21:15  DevID:MV-CA013-A0UC(J06720615)  Source-Line:libMvUsb3vTL.so(StreamProcess.cpp-L1426)     Description:Delete one DataNode     Solution:Please confirm that there is a blocking operation when you grab frame
Warning 2025-11-15 19:21:15  DevID:MV-CA013-A0UC(J06720615)  Source-Line:libMvUsb3vTL.so(StreamProcess.cpp-L1426)     Description:Delete one DataNode     Solution:Please confirm that there is a blocking operation when you grab frame
Warning 2025-11-15 19:21:15  DevID:MV-CA013-A0UC(J06720615)  Source-Line:libMvUsb3vTL.so(StreamProcess.cpp-L0844)     Description:[GetOneFrame] PreFrameNum[8405], CurFrameNum[8408]     Solution:
Warning 2025-11-15 19:21:15  DevID:MV-CA013-A0UC(J06720615)  Source-Line:libMvUsb3vTL.so(StreamProcess.cpp-L1426)     Description:Delete one DataNode     Solution:Please confirm that there is a blocking operation when you grab frame
Warning 2025-11-15 19:21:15  DevID:MV-CA013-A0UC(J06720615)  Source-Line:libMvUsb3vTL.so(StreamProcess.cpp-L1426)     Description:Delete one DataNode     Solution:Please confirm that there is a blocking operation when you grab frame
Warning 2025-11-15 19:21:15  DevID:MV-CA013-A0UC(J06720615)  Source-Line:libMvUsb3vTL.so(StreamProcess.cpp-L1426)     Description:Delete one DataNode     Solution:Please confirm that there is a blocking operation when you grab frame
Warning 2025-11-15 19:21:15  DevID:MV-CA013-A0UC(J06720615)  Source-Line:libMvUsb3vTL.so(StreamProcess.cpp-L0844)     Description:[GetOneFrame] PreFrameNum[8408], CurFrameNum[8412]     Solution:
Warning 2025-11-15 19:21:15  DevID:MV-CA013-A0UC(J06720615)  Source-Line:libMvUsb3vTL.so(StreamProcess.cpp-L1426)     Description:Delete one DataNode     Solution:Please confirm that there is a blocking operation when you grab frame
Warning 2025-11-15 19:21:15  DevID:MV-CA013-A0UC(J06720615)  Source-Line:libMvUsb3vTL.so(StreamProcess.cpp-L1426)     Description:Delete one DataNode     Solution:Please confirm that there is a blocking operation when you grab frame
Warning 2025-11-15 19:21:15  DevID:MV-CA013-A0UC(J06720615)  Source-Line:libMvUsb3vTL.so(StreamProcess.cpp-L1426)     Description:Delete one DataNode     Solution:Please confirm that there is a blocking operation when you grab frame
Warning 2025-11-15 19:21:15  DevID:MV-CA013-A0UC(J06720615)  Source-Line:libMvUsb3vTL.so(StreamProcess.cpp-L0844)     Description:[GetOneFrame] PreFrameNum[8412], CurFrameNum[8416]     Solution:
Warning 2025-11-15 19:21:15  DevID:MV-CA013-A0UC(J06720615)  Source-Line:libMvUsb3vTL.so(StreamProcess.cpp-L1426)     Description:Delete one DataNode     Solution:Please confirm that there is a blocking operation when you grab frame
Warning 2025-11-15 19:21:15  DevID:MV-CA013-A0UC(J06720615)  Source-Line:libMvUsb3vTL.so(StreamProcess.cpp-L1426)     Description:Delete one DataNode     Solution:Please confirm that there is a blocking operation when you grab frame
Warning 2025-11-15 19:21:15  DevID:MV-CA013-A0UC(J06720615)  Source-Line:libMvUsb3vTL.so(StreamProcess.cpp-L1426)     Description:Delete one DataNode     Solution:Please confirm that there is a blocking operation when you grab frame
Warning 2025-11-15 19:21:15  DevID:MV-CA013-A0UC(J06720615)  Source-Line:libMvUsb3vTL.so(StreamProcess.cpp-L0844)     Description:[GetOneFrame] PreFrameNum[8416], CurFrameNum[8420]     Solution:
Warning 2025-11-15 19:21:15  DevID:MV-CA013-A0UC(J06720615)  Source-Line:libMvUsb3vTL.so(StreamProcess.cpp-L1426)     Description:Delete one DataNode     Solution:Please confirm that there is a blocking operation when you grab frame
Warning 2025-11-15 19:21:15  DevID:MV-CA013-A0UC(J06720615)  Source-Line:libMvUsb3vTL.so(StreamProcess.cpp-L1426)     Description:Delete one DataNode     Solution:Please confirm that there is a blocking operation when you grab frame
Warning 2025-11-15 19:21:15  DevID:MV-CA013-A0UC(J06720615)  Source-Line:libMvUsb3vTL.so(StreamProcess.cpp-L1426)     Description:Delete one DataNode     Solution:Please confirm that there is a blocking operation when you grab frame
Warning 2025-11-15 19:21:15  DevID:MV-CA013-A0UC(J06720615)  Source-Line:libMvUsb3vTL.so(StreamProcess.cpp-L0844)     Description:[GetOneFrame] PreFrameNum[8420], CurFrameNum[8424]     Solution:
Warning 2025-11-15 19:21:15  DevID:MV-CA013-A0UC(J06720615)  Source-Line:libMvUsb3vTL.so(StreamProcess.cpp-L1426)     Description:Delete one DataNode     Solution:Please confirm that there is a blocking operation when you grab frame
Warning 2025-11-15 19:21:15  DevID:MV-CA013-A0UC(J06720615)  Source-Line:libMvUsb3vTL.so(StreamProcess.cpp-L1426)     Description:Delete one DataNode     Solution:Please confirm that there is a blocking operation when you grab frame
Warning 2025-11-15 19:21:15  DevID:MV-CA013-A0UC(J06720615)  Source-Line:libMvUsb3vTL.so(StreamProcess.cpp-L1426)     Description:Delete one DataNode     Solution:Please confirm that there is a blocking operation when you grab frame
Warning 2025-11-15 19:21:15  DevID:MV-CA013-A0UC(J06720615)  Source-Line:libMvUsb3vTL.so(StreamProcess.cpp-L0844)     Description:[GetOneFrame] PreFrameNum[8424], CurFrameNum[8428]     Solution:
Warning 2025-11-15 19:21:15  DevID:MV-CA013-A0UC(J06720615)  Source-Line:libMvUsb3vTL.so(StreamProcess.cpp-L1426)     Description:Delete one DataNode     Solution:Please confirm that there is a blocking operation when you grab frame
Warning 2025-11-15 19:21:15  DevID:MV-CA013-A0UC(J06720615)  Source-Line:libMvUsb3vTL.so(StreamProcess.cpp-L1426)     Description:Delete one DataNode     Solution:Please confirm that there is a blocking operation when you grab frame
Warning 2025-11-15 19:21:15  DevID:MV-CA013-A0UC(J06720615)  Source-Line:libMvUsb3vTL.so(StreamProcess.cpp-L1426)     Description:Delete one DataNode     Solution:Please confirm that there is a blocking operation when you grab frame
Warning 2025-11-15 19:21:15  DevID:MV-CA013-A0UC(J06720615)  Source-Line:libMvUsb3vTL.so(StreamProcess.cpp-L0844)     Description:[GetOneFrame] PreFrameNum[8428], CurFrameNum[8432]     Solution:
Warning 2025-11-15 19:21:15  DevID:MV-CA013-A0UC(J06720615)  Source-Line:libMvUsb3vTL.so(StreamProcess.cpp-L1426)     Description:Delete one DataNode     Solution:Please confirm that there is a blocking operation when you grab frame
Warning 2025-11-15 19:21:15  DevID:MV-CA013-A0UC(J06720615)  Source-Line:libMvUsb3vTL.so(StreamProcess.cpp-L1426)     Description:Delete one DataNode     Solution:Please confirm that there is a blocking operation when you grab frame
Warning 2025-11-15 19:21:15  DevID:MV-CA013-A0UC(J06720615)  Source-Line:libMvUsb3vTL.so(StreamProcess.cpp-L1426)     Description:Delete one DataNode     Solution:Please confirm that there is a blocking operation when you grab frame
Warning 2025-11-15 19:21:15  DevID:MV-CA013-A0UC(J06720615)  Source-Line:libMvUsb3vTL.so(StreamProcess.cpp-L0844)     Description:[GetOneFrame] PreFrameNum[8432], CurFrameNum[8436]     Solution:
Warning 2025-11-15 19:21:15  DevID:MV-CA013-A0UC(J06720615)  Source-Line:libMvUsb3vTL.so(StreamProcess.cpp-L1426)     Description:Delete one DataNode     Solution:Please confirm that there is a blocking operation when you grab frame
Warning 2025-11-15 19:21:15  DevID:MV-CA013-A0UC(J06720615)  Source-Line:libMvUsb3vTL.so(StreamProcess.cpp-L1426)     Description:Delete one DataNode     Solution:Please confirm that there is a blocking operation when you grab frame
Warning 2025-11-15 19:21:15  DevID:MV-CA013-A0UC(J06720615)  Source-Line:libMvUsb3vTL.so(StreamProcess.cpp-L1426)     Description:Delete one DataNode     Solution:Please confirm that there is a blocking operation when you grab frame
Warning 2025-11-15 19:21:15  DevID:MV-CA013-A0UC(J06720615)  Source-Line:libMvUsb3vTL.so(StreamProcess.cpp-L0844)     Description:[GetOneFrame] PreFrameNum[8436], CurFrameNum[8440]     Solution:
Warning 2025-11-15 19:21:15  DevID:MV-CA013-A0UC(J06720615)  Source-Line:libMvUsb3vTL.so(StreamProcess.cpp-L1426)     Description:Delete one DataNode     Solution:Please confirm that there is a blocking operation when you grab frame
Warning 2025-11-15 19:21:15  DevID:MV-CA013-A0UC(J06720615)  Source-Line:libMvUsb3vTL.so(StreamProcess.cpp-L1426)     Description:Delete one DataNode     Solution:Please confirm that there is a blocking operation when you grab frame
Warning 2025-11-15 19:21:15  DevID:MV-CA013-A0UC(J06720615)  Source-Line:libMvUsb3vTL.so(StreamProcess.cpp-L1426)     Description:Delete one DataNode     Solution:Please confirm that there is a blocking operation when you grab frame
Warning 2025-11-15 19:21:15  DevID:MV-CA013-A0UC(J06720615)  Source-Line:libMvUsb3vTL.so(StreamProcess.cpp-L0844)     Description:[GetOneFrame] PreFrameNum[8440], CurFrameNum[8444]     Solution:
Warning 2025-11-15 19:21:15  DevID:MV-CA013-A0UC(J06720615)  Source-Line:libMvUsb3vTL.so(StreamProcess.cpp-L1426)     Description:Delete one DataNode     Solution:Please confirm that there is a blocking operation when you grab frame
Warning 2025-11-15 19:21:15  DevID:MV-CA013-A0UC(J06720615)  Source-Line:libMvUsb3vTL.so(StreamProcess.cpp-L1426)     Description:Delete one DataNode     Solution:Please confirm that there is a blocking operation when you grab frame
Warning 2025-11-15 19:21:15  DevID:MV-CA013-A0UC(J06720615)  Source-Line:libMvUsb3vTL.so(StreamProcess.cpp-L1426)     Description:Delete one DataNode     Solution:Please confirm that there is a blocking operation when you grab frame
Warning 2025-11-15 19:21:15  DevID:MV-CA013-A0UC(J06720615)  Source-Line:libMvUsb3vTL.so(StreamProcess.cpp-L0844)     Description:[GetOneFrame] PreFrameNum[8444], CurFrameNum[8448]     Solution:
Warning 2025-11-15 19:21:15  DevID:MV-CA013-A0UC(J06720615)  Source-Line:libMvUsb3vTL.so(StreamProcess.cpp-L1426)     Description:Delete one DataNode     Solution:Please confirm that there is a blocking operation when you grab frame
Warning 2025-11-15 19:21:15  DevID:MV-CA013-A0UC(J06720615)  Source-Line:libMvUsb3vTL.so(StreamProcess.cpp-L1426)     Description:Delete one DataNode     Solution:Please confirm that there is a blocking operation when you grab frame
Warning 2025-11-15 19:21:15  DevID:MV-CA013-A0UC(J06720615)  Source-Line:libMvUsb3vTL.so(StreamProcess.cpp-L1426)     Description:Delete one DataNode     Solution:Please confirm that there is a blocking operation when you grab frame
Warning 2025-11-15 19:21:15  DevID:MV-CA013-A0UC(J06720615)  Source-Line:libMvUsb3vTL.so(StreamProcess.cpp-L0844)     Description:[GetOneFrame] PreFrameNum[8448], CurFrameNum[8452]     Solution:
Warning 2025-11-15 19:21:15  DevID:MV-CA013-A0UC(J06720615)  Source-Line:libMvUsb3vTL.so(StreamProcess.cpp-L1426)     Description:Delete one DataNode     Solution:Please confirm that there is a blocking operation when you grab frame
Warning 2025-11-15 19:21:15  DevID:MV-CA013-A0UC(J06720615)  Source-Line:libMvUsb3vTL.so(StreamProcess.cpp-L1426)     Description:Delete one DataNode     Solution:Please confirm that there is a blocking operation when you grab frame
Warning 2025-11-15 19:21:15  DevID:MV-CA013-A0UC(J06720615)  Source-Line:libMvUsb3vTL.so(StreamProcess.cpp-L1426)     Description:Delete one DataNode     Solution:Please confirm that there is a blocking operation when you grab frame
Warning 2025-11-15 19:21:15  DevID:MV-CA013-A0UC(J06720615)  Source-Line:libMvUsb3vTL.so(StreamProcess.cpp-L0844)     Description:[GetOneFrame] PreFrameNum[8452], CurFrameNum[8456]     Solution:
Warning 2025-11-15 19:21:15  DevID:MV-CA013-A0UC(J06720615)  Source-Line:libMvUsb3vTL.so(StreamProcess.cpp-L1426)     Description:Delete one DataNode     Solution:Please confirm that there is a blocking operation when you grab frame
Warning 2025-11-15 19:21:15  DevID:MV-CA013-A0UC(J06720615)  Source-Line:libMvUsb3vTL.so(StreamProcess.cpp-L1426)     Description:Delete one DataNode     Solution:Please confirm that there is a blocking operation when you grab frame
Warning 2025-11-15 19:21:15  DevID:MV-CA013-A0UC(J06720615)  Source-Line:libMvUsb3vTL.so(StreamProcess.cpp-L1426)     Description:Delete one DataNode     Solution:Please confirm that there is a blocking operation when you grab frame
Warning 2025-11-15 19:21:15  DevID:MV-CA013-A0UC(J06720615)  Source-Line:libMvUsb3vTL.so(StreamProcess.cpp-L0844)     Description:[GetOneFrame] PreFrameNum[8456], CurFrameNum[8460]     Solution:
Warning 2025-11-15 19:21:15  DevID:MV-CA013-A0UC(J06720615)  Source-Line:libMvUsb3vTL.so(StreamProcess.cpp-L1426)     Description:Delete one DataNode     Solution:Please confirm that there is a blocking operation when you grab frame
Warning 2025-11-15 19:21:15  DevID:MV-CA013-A0UC(J06720615)  Source-Line:libMvUsb3vTL.so(StreamProcess.cpp-L1426)     Description:Delete one DataNode     Solution:Please confirm that there is a blocking operation when you grab frame
Warning 2025-11-15 19:21:15  DevID:MV-CA013-A0UC(J06720615)  Source-Line:libMvUsb3vTL.so(StreamProcess.cpp-L1426)     Description:Delete one DataNode     Solution:Please confirm that there is a blocking operation when you grab frame
Warning 2025-11-15 19:21:15  DevID:MV-CA013-A0UC(J06720615)  Source-Line:libMvUsb3vTL.so(StreamProcess.cpp-L0844)     Description:[GetOneFrame] PreFrameNum[8460], CurFrameNum[8464]     Solution:
Warning 2025-11-15 19:21:15  DevID:MV-CA013-A0UC(J06720615)  Source-Line:libMvUsb3vTL.so(StreamProcess.cpp-L1426)     Description:Delete one DataNode     Solution:Please confirm that there is a blocking operation when you grab frame
Warning 2025-11-15 19:21:15  DevID:MV-CA013-A0UC(J06720615)  Source-Line:libMvUsb3vTL.so(StreamProcess.cpp-L1426)     Description:Delete one DataNode     Solution:Please confirm that there is a blocking operation when you grab frame
Warning 2025-11-15 19:21:15  DevID:MV-CA013-A0UC(J06720615)  Source-Line:libMvUsb3vTL.so(StreamProcess.cpp-L1426)     Description:Delete one DataNode     Solution:Please confirm that there is a blocking operation when you grab frame
Warning 2025-11-15 19:21:15  DevID:MV-CA013-A0UC(J06720615)  Source-Line:libMvUsb3vTL.so(StreamProcess.cpp-L0844)     Description:[GetOneFrame] PreFrameNum[8464], CurFrameNum[8468]     Solution:
Warning 2025-11-15 19:21:15  DevID:MV-CA013-A0UC(J06720615)  Source-Line:libMvUsb3vTL.so(StreamProcess.cpp-L1426)     Description:Delete one DataNode     Solution:Please confirm that there is a blocking operation when you grab frame
Warning 2025-11-15 19:21:15  DevID:MV-CA013-A0UC(J06720615)  Source-Line:libMvUsb3vTL.so(StreamProcess.cpp-L1426)     Description:Delete one DataNode     Solution:Please confirm that there is a blocking operation when you grab frame
Warning 2025-11-15 19:21:15  DevID:MV-CA013-A0UC(J06720615)  Source-Line:libMvUsb3vTL.so(StreamProcess.cpp-L1426)     Description:Delete one DataNode     Solution:Please confirm that there is a blocking operation when you grab frame
Warning 2025-11-15 19:21:15  DevID:MV-CA013-A0UC(J06720615)  Source-Line:libMvUsb3vTL.so(StreamProcess.cpp-L0844)     Description:[GetOneFrame] PreFrameNum[8468], CurFrameNum[8472]     Solution:
Warning 2025-11-15 19:21:15  DevID:MV-CA013-A0UC(J06720615)  Source-Line:libMvUsb3vTL.so(StreamProcess.cpp-L1426)     Description:Delete one DataNode     Solution:Please confirm that there is a blocking operation when you grab frame
Warning 2025-11-15 19:21:15  DevID:MV-CA013-A0UC(J06720615)  Source-Line:libMvUsb3vTL.so(StreamProcess.cpp-L1426)     Description:Delete one DataNode     Solution:Please confirm that there is a blocking operation when you grab frame
Warning 2025-11-15 19:21:15  DevID:MV-CA013-A0UC(J06720615)  Source-Line:libMvUsb3vTL.so(StreamProcess.cpp-L1426)     Description:Delete one DataNode     Solution:Please confirm that there is a blocking operation when you grab frame
Warning 2025-11-15 19:21:15  DevID:MV-CA013-A0UC(J06720615)  Source-Line:libMvUsb3vTL.so(StreamProcess.cpp-L0844)     Description:[GetOneFrame] PreFrameNum[8472], CurFrameNum[8476]     Solution:
Warning 2025-11-15 19:21:15  DevID:MV-CA013-A0UC(J06720615)  Source-Line:libMvUsb3vTL.so(StreamProcess.cpp-L1426)     Description:Delete one DataNode     Solution:Please confirm that there is a blocking operation when you grab frame
Warning 2025-11-15 19:21:15  DevID:MV-CA013-A0UC(J06720615)  Source-Line:libMvUsb3vTL.so(StreamProcess.cpp-L1426)     Description:Delete one DataNode     Solution:Please confirm that there is a blocking operation when you grab frame
Warning 2025-11-15 19:21:15  DevID:MV-CA013-A0UC(J06720615)  Source-Line:libMvUsb3vTL.so(StreamProcess.cpp-L1426)     Description:Delete one DataNode     Solution:Please confirm that there is a blocking operation when you grab frame
Warning 2025-11-15 19:21:15  DevID:MV-CA013-A0UC(J06720615)  Source-Line:libMvUsb3vTL.so(StreamProcess.cpp-L0844)     Description:[GetOneFrame] PreFrameNum[8476], CurFrameNum[8480]     Solution:
Warning 2025-11-15 19:21:15  DevID:MV-CA013-A0UC(J06720615)  Source-Line:libMvUsb3vTL.so(StreamProcess.cpp-L1426)     Description:Delete one DataNode     Solution:Please confirm that there is a blocking operation when you grab frame
Warning 2025-11-15 19:21:15  DevID:MV-CA013-A0UC(J06720615)  Source-Line:libMvUsb3vTL.so(StreamProcess.cpp-L1426)     Description:Delete one DataNode     Solution:Please confirm that there is a blocking operation when you grab frame
Warning 2025-11-15 19:21:15  DevID:MV-CA013-A0UC(J06720615)  Source-Line:libMvUsb3vTL.so(StreamProcess.cpp-L1426)     Description:Delete one DataNode     Solution:Please confirm that there is a blocking operation when you grab frame
Warning 2025-11-15 19:21:15  DevID:MV-CA013-A0UC(J06720615)  Source-Line:libMvUsb3vTL.so(StreamProcess.cpp-L0844)     Description:[GetOneFrame] PreFrameNum[8480], CurFrameNum[8484]     Solution:
Warning 2025-11-15 19:21:15  DevID:MV-CA013-A0UC(J06720615)  Source-Line:libMvUsb3vTL.so(StreamProcess.cpp-L1426)     Description:Delete one DataNode     Solution:Please confirm that there is a blocking operation when you grab frame
Warning 2025-11-15 19:21:15  DevID:MV-CA013-A0UC(J06720615)  Source-Line:libMvUsb3vTL.so(StreamProcess.cpp-L1426)     Description:Delete one DataNode     Solution:Please confirm that there is a blocking operation when you grab frame
Warning 2025-11-15 19:21:15  DevID:MV-CA013-A0UC(J06720615)  Source-Line:libMvUsb3vTL.so(StreamProcess.cpp-L1426)     Description:Delete one DataNode     Solution:Please confirm that there is a blocking operation when you grab frame
Warning 2025-11-15 19:21:15  DevID:MV-CA013-A0UC(J06720615)  Source-Line:libMvUsb3vTL.so(StreamProcess.cpp-L0844)     Description:[GetOneFrame] PreFrameNum[8484], CurFrameNum[8488]     Solution:
Warning 2025-11-15 19:21:15  DevID:MV-CA013-A0UC(J06720615)  Source-Line:libMvUsb3vTL.so(StreamProcess.cpp-L1426)     Description:Delete one DataNode     Solution:Please confirm that there is a blocking operation when you grab frame
Warning 2025-11-15 19:21:15  DevID:MV-CA013-A0UC(J06720615)  Source-Line:libMvUsb3vTL.so(StreamProcess.cpp-L1426)     Description:Delete one DataNode     Solution:Please confirm that there is a blocking operation when you grab frame
Warning 2025-11-15 19:21:15  DevID:MV-CA013-A0UC(J06720615)  Source-Line:libMvUsb3vTL.so(StreamProcess.cpp-L1426)     Description:Delete one DataNode     Solution:Please confirm that there is a blocking operation when you grab frame
Warning 2025-11-15 19:21:15  DevID:MV-CA013-A0UC(J06720615)  Source-Line:libMvUsb3vTL.so(StreamProcess.cpp-L0844)     Description:[GetOneFrame] PreFrameNum[8488], CurFrameNum[8492]     Solution:
Warning 2025-11-15 19:21:15  DevID:MV-CA013-A0UC(J06720615)  Source-Line:libMvUsb3vTL.so(StreamProcess.cpp-L1426)     Description:Delete one DataNode     Solution:Please confirm that there is a blocking operation when you grab frame
Warning 2025-11-15 19:21:15  DevID:MV-CA013-A0UC(J06720615)  Source-Line:libMvUsb3vTL.so(StreamProcess.cpp-L1426)     Description:Delete one DataNode     Solution:Please confirm that there is a blocking operation when you grab frame
Warning 2025-11-15 19:21:15  DevID:MV-CA013-A0UC(J06720615)  Source-Line:libMvUsb3vTL.so(StreamProcess.cpp-L1426)     Description:Delete one DataNode     Solution:Please confirm that there is a blocking operation when you grab frame
Warning 2025-11-15 19:21:15  DevID:MV-CA013-A0UC(J06720615)  Source-Line:libMvUsb3vTL.so(StreamProcess.cpp-L0844)     Description:[GetOneFrame] PreFrameNum[8492], CurFrameNum[8496]     Solution:
Warning 2025-11-15 19:21:15  DevID:MV-CA013-A0UC(J06720615)  Source-Line:libMvUsb3vTL.so(StreamProcess.cpp-L1426)     Description:Delete one DataNode     Solution:Please confirm that there is a blocking operation when you grab frame
Warning 2025-11-15 19:21:15  DevID:MV-CA013-A0UC(J06720615)  Source-Line:libMvUsb3vTL.so(StreamProcess.cpp-L1426)     Description:Delete one DataNode     Solution:Please confirm that there is a blocking operation when you grab frame
Warning 2025-11-15 19:21:15  DevID:MV-CA013-A0UC(J06720615)  Source-Line:libMvUsb3vTL.so(StreamProcess.cpp-L1426)     Description:Delete one DataNode     Solution:Please confirm that there is a blocking operation when you grab frame
Warning 2025-11-15 19:21:15  DevID:MV-CA013-A0UC(J06720615)  Source-Line:libMvUsb3vTL.so(StreamProcess.cpp-L0844)     Description:[GetOneFrame] PreFrameNum[8496], CurFrameNum[8500]     Solution:
Warning 2025-11-15 19:21:15  DevID:MV-CA013-A0UC(J06720615)  Source-Line:libMvUsb3vTL.so(StreamProcess.cpp-L1426)     Description:Delete one DataNode     Solution:Please confirm that there is a blocking operation when you grab frame
Warning 2025-11-15 19:21:15  DevID:MV-CA013-A0UC(J06720615)  Source-Line:libMvUsb3vTL.so(StreamProcess.cpp-L1426)     Description:Delete one DataNode     Solution:Please confirm that there is a blocking operation when you grab frame
Warning 2025-11-15 19:21:15  DevID:MV-CA013-A0UC(J06720615)  Source-Line:libMvUsb3vTL.so(StreamProcess.cpp-L1426)     Description:Delete one DataNode     Solution:Please confirm that there is a blocking operation when you grab frame
Warning 2025-11-15 19:21:15  DevID:MV-CA013-A0UC(J06720615)  Source-Line:libMvUsb3vTL.so(StreamProcess.cpp-L0844)     Description:[GetOneFrame] PreFrameNum[8500], CurFrameNum[8504]     Solution:
Warning 2025-11-15 19:21:15  DevID:MV-CA013-A0UC(J06720615)  Source-Line:libMvUsb3vTL.so(StreamProcess.cpp-L1426)     Description:Delete one DataNode     Solution:Please confirm that there is a blocking operation when you grab frame
Warning 2025-11-15 19:21:15  DevID:MV-CA013-A0UC(J06720615)  Source-Line:libMvUsb3vTL.so(StreamProcess.cpp-L1426)     Description:Delete one DataNode     Solution:Please confirm that there is a blocking operation when you grab frame
Warning 2025-11-15 19:21:15  DevID:MV-CA013-A0UC(J06720615)  Source-Line:libMvUsb3vTL.so(StreamProcess.cpp-L1426)     Description:Delete one DataNode     Solution:Please confirm that there is a blocking operation when you grab frame
Warning 2025-11-15 19:21:15  DevID:MV-CA013-A0UC(J06720615)  Source-Line:libMvUsb3vTL.so(StreamProcess.cpp-L0844)     Description:[GetOneFrame] PreFrameNum[8504], CurFrameNum[8508]     Solution:
Warning 2025-11-15 19:21:15  DevID:MV-CA013-A0UC(J06720615)  Source-Line:libMvUsb3vTL.so(StreamProcess.cpp-L1426)     Description:Delete one DataNode     Solution:Please confirm that there is a blocking operation when you grab frame
Warning 2025-11-15 19:21:15  DevID:MV-CA013-A0UC(J06720615)  Source-Line:libMvUsb3vTL.so(StreamProcess.cpp-L1426)     Description:Delete one DataNode     Solution:Please confirm that there is a blocking operation when you grab frame
Warning 2025-11-15 19:21:15  DevID:MV-CA013-A0UC(J06720615)  Source-Line:libMvUsb3vTL.so(StreamProcess.cpp-L1426)     Description:Delete one DataNode     Solution:Please confirm that there is a blocking operation when you grab frame
Warning 2025-11-15 19:21:15  DevID:MV-CA013-A0UC(J06720615)  Source-Line:libMvUsb3vTL.so(StreamProcess.cpp-L0844)     Description:[GetOneFrame] PreFrameNum[8508], CurFrameNum[8512]     Solution:
Warning 2025-11-15 19:21:15  DevID:MV-CA013-A0UC(J06720615)  Source-Line:libMvUsb3vTL.so(StreamProcess.cpp-L1426)     Description:Delete one DataNode     Solution:Please confirm that there is a blocking operation when you grab frame
Warning 2025-11-15 19:21:15  DevID:MV-CA013-A0UC(J06720615)  Source-Line:libMvUsb3vTL.so(StreamProcess.cpp-L1426)     Description:Delete one DataNode     Solution:Please confirm that there is a blocking operation when you grab frame
Warning 2025-11-15 19:21:15  DevID:MV-CA013-A0UC(J06720615)  Source-Line:libMvUsb3vTL.so(StreamProcess.cpp-L1426)     Description:Delete one DataNode     Solution:Please confirm that there is a blocking operation when you grab frame
Warning 2025-11-15 19:21:15  DevID:MV-CA013-A0UC(J06720615)  Source-Line:libMvUsb3vTL.so(StreamProcess.cpp-L0844)     Description:[GetOneFrame] PreFrameNum[8512], CurFrameNum[8516]     Solution:
Warning 2025-11-15 19:21:15  DevID:MV-CA013-A0UC(J06720615)  Source-Line:libMvUsb3vTL.so(StreamProcess.cpp-L1426)     Description:Delete one DataNode     Solution:Please confirm that there is a blocking operation when you grab frame
Warning 2025-11-15 19:21:15  DevID:MV-CA013-A0UC(J06720615)  Source-Line:libMvUsb3vTL.so(StreamProcess.cpp-L1426)     Description:Delete one DataNode     Solution:Please confirm that there is a blocking operation when you grab frame
Warning 2025-11-15 19:21:15  DevID:MV-CA013-A0UC(J06720615)  Source-Line:libMvUsb3vTL.so(StreamProcess.cpp-L1426)     Description:Delete one DataNode     Solution:Please confirm that there is a blocking operation when you grab frame
Warning 2025-11-15 19:21:15  DevID:MV-CA013-A0UC(J06720615)  Source-Line:libMvUsb3vTL.so(StreamProcess.cpp-L0844)     Description:[GetOneFrame] PreFrameNum[8516], CurFrameNum[8520]     Solution:
Warning 2025-11-15 19:21:15  DevID:MV-CA013-A0UC(J06720615)  Source-Line:libMvUsb3vTL.so(StreamProcess.cpp-L1426)     Description:Delete one DataNode     Solution:Please confirm that there is a blocking operation when you grab frame
Warning 2025-11-15 19:21:15  DevID:MV-CA013-A0UC(J06720615)  Source-Line:libMvUsb3vTL.so(StreamProcess.cpp-L1426)     Description:Delete one DataNode     Solution:Please confirm that there is a blocking operation when you grab frame
Warning 2025-11-15 19:21:15  DevID:MV-CA013-A0UC(J06720615)  Source-Line:libMvUsb3vTL.so(StreamProcess.cpp-L1426)     Description:Delete one DataNode     Solution:Please confirm that there is a blocking operation when you grab frame
Warning 2025-11-15 19:21:15  DevID:MV-CA013-A0UC(J06720615)  Source-Line:libMvUsb3vTL.so(StreamProcess.cpp-L0844)     Description:[GetOneFrame] PreFrameNum[8520], CurFrameNum[8524]     Solution:
Warning 2025-11-15 19:21:15  DevID:MV-CA013-A0UC(J06720615)  Source-Line:libMvUsb3vTL.so(StreamProcess.cpp-L1426)     Description:Delete one DataNode     Solution:Please confirm that there is a blocking operation when you grab frame
Warning 2025-11-15 19:21:15  DevID:MV-CA013-A0UC(J06720615)  Source-Line:libMvUsb3vTL.so(StreamProcess.cpp-L1426)     Description:Delete one DataNode     Solution:Please confirm that there is a blocking operation when you grab frame
Warning 2025-11-15 19:21:15  DevID:MV-CA013-A0UC(J06720615)  Source-Line:libMvUsb3vTL.so(StreamProcess.cpp-L1426)     Description:Delete one DataNode     Solution:Please confirm that there is a blocking operation when you grab frame
Warning 2025-11-15 19:21:15  DevID:MV-CA013-A0UC(J06720615)  Source-Line:libMvUsb3vTL.so(StreamProcess.cpp-L0844)     Description:[GetOneFrame] PreFrameNum[8524], CurFrameNum[8528]     Solution:
Warning 2025-11-15 19:21:15  DevID:MV-CA013-A0UC(J06720615)  Source-Line:libMvUsb3vTL.so(StreamProcess.cpp-L1426)     Description:Delete one DataNode     Solution:Please confirm that there is a blocking operation when you grab frame
Warning 2025-11-15 19:21:15  DevID:MV-CA013-A0UC(J06720615)  Source-Line:libMvUsb3vTL.so(StreamProcess.cpp-L1426)     Description:Delete one DataNode     Solution:Please confirm that there is a blocking operation when you grab frame
Warning 2025-11-15 19:21:15  DevID:MV-CA013-A0UC(J06720615)  Source-Line:libMvUsb3vTL.so(StreamProcess.cpp-L1426)     Description:Delete one DataNode     Solution:Please confirm that there is a blocking operation when you grab frame
Warning 2025-11-15 19:21:15  DevID:MV-CA013-A0UC(J06720615)  Source-Line:libMvUsb3vTL.so(StreamProcess.cpp-L0844)     Description:[GetOneFrame] PreFrameNum[8528], CurFrameNum[8532]     Solution:
Warning 2025-11-15 19:21:15  DevID:MV-CA013-A0UC(J06720615)  Source-Line:libMvUsb3vTL.so(StreamProcess.cpp-L1426)     Description:Delete one DataNode     Solution:Please confirm that there is a blocking operation when you grab frame
Warning 2025-11-15 19:21:15  DevID:MV-CA013-A0UC(J06720615)  Source-Line:libMvUsb3vTL.so(StreamProcess.cpp-L1426)     Description:Delete one DataNode     Solution:Please confirm that there is a blocking operation when you grab frame
Warning 2025-11-15 19:21:15  DevID:MV-CA013-A0UC(J06720615)  Source-Line:libMvUsb3vTL.so(StreamProcess.cpp-L1426)     Description:Delete one DataNode     Solution:Please confirm that there is a blocking operation when you grab frame
Warning 2025-11-15 19:21:15  DevID:MV-CA013-A0UC(J06720615)  Source-Line:libMvUsb3vTL.so(StreamProcess.cpp-L1426)     Description:Delete one DataNode     Solution:Please confirm that there is a blocking operation when you grab frame
Warning 2025-11-15 19:21:15  DevID:MV-CA013-A0UC(J06720615)  Source-Line:libMvUsb3vTL.so(StreamProcess.cpp-L0844)     Description:[GetOneFrame] PreFrameNum[8532], CurFrameNum[8537]     Solution:
Warning 2025-11-15 19:21:15  DevID:MV-CA013-A0UC(J06720615)  Source-Line:libMvUsb3vTL.so(StreamProcess.cpp-L1426)     Description:Delete one DataNode     Solution:Please confirm that there is a blocking operation when you grab frame
Warning 2025-11-15 19:21:15  DevID:MV-CA013-A0UC(J06720615)  Source-Line:libMvUsb3vTL.so(StreamProcess.cpp-L1426)     Description:Delete one DataNode     Solution:Please confirm that there is a blocking operation when you grab frame
Warning 2025-11-15 19:21:15  DevID:MV-CA013-A0UC(J06720615)  Source-Line:libMvUsb3vTL.so(StreamProcess.cpp-L1426)     Description:Delete one DataNode     Solution:Please confirm that there is a blocking operation when you grab frame
Warning 2025-11-15 19:21:15  DevID:MV-CA013-A0UC(J06720615)  Source-Line:libMvUsb3vTL.so(StreamProcess.cpp-L0844)     Description:[GetOneFrame] PreFrameNum[8537], CurFrameNum[8541]     Solution:
Warning 2025-11-15 19:21:15  DevID:MV-CA013-A0UC(J06720615)  Source-Line:libMvUsb3vTL.so(StreamProcess.cpp-L1426)     Description:Delete one DataNode     Solution:Please confirm that there is a blocking operation when you grab frame
Warning 2025-11-15 19:21:15  DevID:MV-CA013-A0UC(J06720615)  Source-Line:libMvUsb3vTL.so(StreamProcess.cpp-L1426)     Description:Delete one DataNode     Solution:Please confirm that there is a blocking operation when you grab frame
Warning 2025-11-15 19:21:15  DevID:MV-CA013-A0UC(J06720615)  Source-Line:libMvUsb3vTL.so(StreamProcess.cpp-L1426)     Description:Delete one DataNode     Solution:Please confirm that there is a blocking operation when you grab frame
Warning 2025-11-15 19:21:15  DevID:MV-CA013-A0UC(J06720615)  Source-Line:libMvUsb3vTL.so(StreamProcess.cpp-L0844)     Description:[GetOneFrame] PreFrameNum[8541], CurFrameNum[8545]     Solution:
Warning 2025-11-15 19:21:15  DevID:MV-CA013-A0UC(J06720615)  Source-Line:libMvUsb3vTL.so(StreamProcess.cpp-L1426)     Description:Delete one DataNode     Solution:Please confirm that there is a blocking operation when you grab frame
Warning 2025-11-15 19:21:15  DevID:MV-CA013-A0UC(J06720615)  Source-Line:libMvUsb3vTL.so(StreamProcess.cpp-L1426)     Description:Delete one DataNode     Solution:Please confirm that there is a blocking operation when you grab frame
Warning 2025-11-15 19:21:15  DevID:MV-CA013-A0UC(J06720615)  Source-Line:libMvUsb3vTL.so(StreamProcess.cpp-L1426)     Description:Delete one DataNode     Solution:Please confirm that there is a blocking operation when you grab frame
Warning 2025-11-15 19:21:15  DevID:MV-CA013-A0UC(J06720615)  Source-Line:libMvUsb3vTL.so(StreamProcess.cpp-L0844)     Description:[GetOneFrame] PreFrameNum[8545], CurFrameNum[8549]     Solution:
Warning 2025-11-15 19:21:15  DevID:MV-CA013-A0UC(J06720615)  Source-Line:libMvUsb3vTL.so(StreamProcess.cpp-L1426)     Description:Delete one DataNode     Solution:Please confirm that there is a blocking operation when you grab frame
Warning 2025-11-15 19:21:15  DevID:MV-CA013-A0UC(J06720615)  Source-Line:libMvUsb3vTL.so(StreamProcess.cpp-L1426)     Description:Delete one DataNode     Solution:Please confirm that there is a blocking operation when you grab frame
Warning 2025-11-15 19:21:15  DevID:MV-CA013-A0UC(J06720615)  Source-Line:libMvUsb3vTL.so(StreamProcess.cpp-L1426)     Description:Delete one DataNode     Solution:Please confirm that there is a blocking operation when you grab frame
Warning 2025-11-15 19:21:15  DevID:MV-CA013-A0UC(J06720615)  Source-Line:libMvUsb3vTL.so(StreamProcess.cpp-L0844)     Description:[GetOneFrame] PreFrameNum[8549], CurFrameNum[8553]     Solution:
Warning 2025-11-15 19:21:15  DevID:MV-CA013-A0UC(J06720615)  Source-Line:libMvUsb3vTL.so(StreamProcess.cpp-L1426)     Description:Delete one DataNode     Solution:Please confirm that there is a blocking operation when you grab frame
Warning 2025-11-15 19:21:15  DevID:MV-CA013-A0UC(J06720615)  Source-Line:libMvUsb3vTL.so(StreamProcess.cpp-L1426)     Description:Delete one DataNode     Solution:Please confirm that there is a blocking operation when you grab frame
Warning 2025-11-15 19:21:15  DevID:MV-CA013-A0UC(J06720615)  Source-Line:libMvUsb3vTL.so(StreamProcess.cpp-L1426)     Description:Delete one DataNode     Solution:Please confirm that there is a blocking operation when you grab frame
Warning 2025-11-15 19:21:15  DevID:MV-CA013-A0UC(J06720615)  Source-Line:libMvUsb3vTL.so(StreamProcess.cpp-L0844)     Description:[GetOneFrame] PreFrameNum[8553], CurFrameNum[8557]     Solution:
Warning 2025-11-15 19:21:15  DevID:MV-CA013-A0UC(J06720615)  Source-Line:libMvUsb3vTL.so(StreamProcess.cpp-L1426)     Description:Delete one DataNode     Solution:Please confirm that there is a blocking operation when you grab frame
Warning 2025-11-15 19:21:15  DevID:MV-CA013-A0UC(J06720615)  Source-Line:libMvUsb3vTL.so(StreamProcess.cpp-L1426)     Description:Delete one DataNode     Solution:Please confirm that there is a blocking operation when you grab frame
Warning 2025-11-15 19:21:15  DevID:MV-CA013-A0UC(J06720615)  Source-Line:libMvUsb3vTL.so(StreamProcess.cpp-L1426)     Description:Delete one DataNode     Solution:Please confirm that there is a blocking operation when you grab frame
Warning 2025-11-15 19:21:15  DevID:MV-CA013-A0UC(J06720615)  Source-Line:libMvUsb3vTL.so(StreamProcess.cpp-L0844)     Description:[GetOneFrame] PreFrameNum[8557], CurFrameNum[8561]     Solution:
Warning 2025-11-15 19:21:15  DevID:MV-CA013-A0UC(J06720615)  Source-Line:libMvUsb3vTL.so(StreamProcess.cpp-L1426)     Description:Delete one DataNode     Solution:Please confirm that there is a blocking operation when you grab frame
Warning 2025-11-15 19:21:15  DevID:MV-CA013-A0UC(J06720615)  Source-Line:libMvUsb3vTL.so(StreamProcess.cpp-L1426)     Description:Delete one DataNode     Solution:Please confirm that there is a blocking operation when you grab frame
Warning 2025-11-15 19:21:15  DevID:MV-CA013-A0UC(J06720615)  Source-Line:libMvUsb3vTL.so(StreamProcess.cpp-L1426)     Description:Delete one DataNode     Solution:Please confirm that there is a blocking operation when you grab frame
Warning 2025-11-15 19:21:15  DevID:MV-CA013-A0UC(J06720615)  Source-Line:libMvUsb3vTL.so(StreamProcess.cpp-L0844)     Description:[GetOneFrame] PreFrameNum[8561], CurFrameNum[8565]     Solution:
Warning 2025-11-15 19:21:15  DevID:MV-CA013-A0UC(J06720615)  Source-Line:libMvUsb3vTL.so(StreamProcess.cpp-L1426)     Description:Delete one DataNode     Solution:Please confirm that there is a blocking operation when you grab frame
Warning 2025-11-15 19:21:15  DevID:MV-CA013-A0UC(J06720615)  Source-Line:libMvUsb3vTL.so(StreamProcess.cpp-L1426)     Description:Delete one DataNode     Solution:Please confirm that there is a blocking operation when you grab frame
Warning 2025-11-15 19:21:15  DevID:MV-CA013-A0UC(J06720615)  Source-Line:libMvUsb3vTL.so(StreamProcess.cpp-L1426)     Description:Delete one DataNode     Solution:Please confirm that there is a blocking operation when you grab frame
Warning 2025-11-15 19:21:15  DevID:MV-CA013-A0UC(J06720615)  Source-Line:libMvUsb3vTL.so(StreamProcess.cpp-L0844)     Description:[GetOneFrame] PreFrameNum[8565], CurFrameNum[8569]     Solution:
Warning 2025-11-15 19:21:15  DevID:MV-CA013-A0UC(J06720615)  Source-Line:libMvUsb3vTL.so(StreamProcess.cpp-L1426)     Description:Delete one DataNode     Solution:Please confirm that there is a blocking operation when you grab frame
Warning 2025-11-15 19:21:15  DevID:MV-CA013-A0UC(J06720615)  Source-Line:libMvUsb3vTL.so(StreamProcess.cpp-L1426)     Description:Delete one DataNode     Solution:Please confirm that there is a blocking operation when you grab frame
Warning 2025-11-15 19:21:15  DevID:MV-CA013-A0UC(J06720615)  Source-Line:libMvUsb3vTL.so(StreamProcess.cpp-L1426)     Description:Delete one DataNode     Solution:Please confirm that there is a blocking operation when you grab frame
Warning 2025-11-15 19:21:15  DevID:MV-CA013-A0UC(J06720615)  Source-Line:libMvUsb3vTL.so(StreamProcess.cpp-L0844)     Description:[GetOneFrame] PreFrameNum[8569], CurFrameNum[8573]     Solution:
Warning 2025-11-15 19:21:15  DevID:MV-CA013-A0UC(J06720615)  Source-Line:libMvUsb3vTL.so(StreamProcess.cpp-L1426)     Description:Delete one DataNode     Solution:Please confirm that there is a blocking operation when you grab frame
Warning 2025-11-15 19:21:15  DevID:MV-CA013-A0UC(J06720615)  Source-Line:libMvUsb3vTL.so(StreamProcess.cpp-L1426)     Description:Delete one DataNode     Solution:Please confirm that there is a blocking operation when you grab frame
Warning 2025-11-15 19:21:15  DevID:MV-CA013-A0UC(J06720615)  Source-Line:libMvUsb3vTL.so(StreamProcess.cpp-L1426)     Description:Delete one DataNode     Solution:Please confirm that there is a blocking operation when you grab frame
Warning 2025-11-15 19:21:15  DevID:MV-CA013-A0UC(J06720615)  Source-Line:libMvUsb3vTL.so(StreamProcess.cpp-L0844)     Description:[GetOneFrame] PreFrameNum[8573], CurFrameNum[8577]     Solution:
Warning 2025-11-15 19:21:15  DevID:MV-CA013-A0UC(J06720615)  Source-Line:libMvUsb3vTL.so(StreamProcess.cpp-L1426)     Description:Delete one DataNode     Solution:Please confirm that there is a blocking operation when you grab frame
Warning 2025-11-15 19:21:15  DevID:MV-CA013-A0UC(J06720615)  Source-Line:libMvUsb3vTL.so(StreamProcess.cpp-L1426)     Description:Delete one DataNode     Solution:Please confirm that there is a blocking operation when you grab frame
Warning 2025-11-15 19:21:15  DevID:MV-CA013-A0UC(J06720615)  Source-Line:libMvUsb3vTL.so(StreamProcess.cpp-L1426)     Description:Delete one DataNode     Solution:Please confirm that there is a blocking operation when you grab frame
Warning 2025-11-15 19:21:15  DevID:MV-CA013-A0UC(J06720615)  Source-Line:libMvUsb3vTL.so(StreamProcess.cpp-L0844)     Description:[GetOneFrame] PreFrameNum[8577], CurFrameNum[8581]     Solution:
Warning 2025-11-15 19:21:15  DevID:MV-CA013-A0UC(J06720615)  Source-Line:libMvUsb3vTL.so(StreamProcess.cpp-L1426)     Description:Delete one DataNode     Solution:Please confirm that there is a blocking operation when you grab frame
Warning 2025-11-15 19:21:15  DevID:MV-CA013-A0UC(J06720615)  Source-Line:libMvUsb3vTL.so(StreamProcess.cpp-L1426)     Description:Delete one DataNode     Solution:Please confirm that there is a blocking operation when you grab frame
Warning 2025-11-15 19:21:15  DevID:MV-CA013-A0UC(J06720615)  Source-Line:libMvUsb3vTL.so(StreamProcess.cpp-L1426)     Description:Delete one DataNode     Solution:Please confirm that there is a blocking operation when you grab frame
Warning 2025-11-15 19:21:15  DevID:MV-CA013-A0UC(J06720615)  Source-Line:libMvUsb3vTL.so(StreamProcess.cpp-L0844)     Description:[GetOneFrame] PreFrameNum[8581], CurFrameNum[8585]     Solution:
Warning 2025-11-15 19:21:15  DevID:MV-CA013-A0UC(J06720615)  Source-Line:libMvUsb3vTL.so(StreamProcess.cpp-L1426)     Description:Delete one DataNode     Solution:Please confirm that there is a blocking operation when you grab frame
Warning 2025-11-15 19:21:15  DevID:MV-CA013-A0UC(J06720615)  Source-Line:libMvUsb3vTL.so(StreamProcess.cpp-L1426)     Description:Delete one DataNode     Solution:Please confirm that there is a blocking operation when you grab frame
Warning 2025-11-15 19:21:15  DevID:MV-CA013-A0UC(J06720615)  Source-Line:libMvUsb3vTL.so(StreamProcess.cpp-L1426)     Description:Delete one DataNode     Solution:Please confirm that there is a blocking operation when you grab frame
Warning 2025-11-15 19:21:15  DevID:MV-CA013-A0UC(J06720615)  Source-Line:libMvUsb3vTL.so(StreamProcess.cpp-L0844)     Description:[GetOneFrame] PreFrameNum[8585], CurFrameNum[8589]     Solution:
Warning 2025-11-15 19:21:15  DevID:MV-CA013-A0UC(J06720615)  Source-Line:libMvUsb3vTL.so(StreamProcess.cpp-L1426)     Description:Delete one DataNode     Solution:Please confirm that there is a blocking operation when you grab frame
Warning 2025-11-15 19:21:15  DevID:MV-CA013-A0UC(J06720615)  Source-Line:libMvUsb3vTL.so(StreamProcess.cpp-L1426)     Description:Delete one DataNode     Solution:Please confirm that there is a blocking operation when you grab frame
Warning 2025-11-15 19:21:15  DevID:MV-CA013-A0UC(J06720615)  Source-Line:libMvUsb3vTL.so(StreamProcess.cpp-L1426)     Description:Delete one DataNode     Solution:Please confirm that there is a blocking operation when you grab frame
Warning 2025-11-15 19:21:15  DevID:MV-CA013-A0UC(J06720615)  Source-Line:libMvUsb3vTL.so(StreamProcess.cpp-L0844)     Description:[GetOneFrame] PreFrameNum[8589], CurFrameNum[8593]     Solution:
Warning 2025-11-15 19:21:15  DevID:MV-CA013-A0UC(J06720615)  Source-Line:libMvUsb3vTL.so(StreamProcess.cpp-L1426)     Description:Delete one DataNode     Solution:Please confirm that there is a blocking operation when you grab frame
Warning 2025-11-15 19:21:15  DevID:MV-CA013-A0UC(J06720615)  Source-Line:libMvUsb3vTL.so(StreamProcess.cpp-L1426)     Description:Delete one DataNode     Solution:Please confirm that there is a blocking operation when you grab frame
Warning 2025-11-15 19:21:15  DevID:MV-CA013-A0UC(J06720615)  Source-Line:libMvUsb3vTL.so(StreamProcess.cpp-L1426)     Description:Delete one DataNode     Solution:Please confirm that there is a blocking operation when you grab frame
Warning 2025-11-15 19:21:15  DevID:MV-CA013-A0UC(J06720615)  Source-Line:libMvUsb3vTL.so(StreamProcess.cpp-L0844)     Description:[GetOneFrame] PreFrameNum[8593], CurFrameNum[8597]     Solution:
Warning 2025-11-15 19:21:15  DevID:MV-CA013-A0UC(J06720615)  Source-Line:libMvUsb3vTL.so(StreamProcess.cpp-L1426)     Description:Delete one DataNode     Solution:Please confirm that there is a blocking operation when you grab frame
Warning 2025-11-15 19:21:15  DevID:MV-CA013-A0UC(J06720615)  Source-Line:libMvUsb3vTL.so(StreamProcess.cpp-L1426)     Description:Delete one DataNode     Solution:Please confirm that there is a blocking operation when you grab frame
Warning 2025-11-15 19:21:15  DevID:MV-CA013-A0UC(J06720615)  Source-Line:libMvUsb3vTL.so(StreamProcess.cpp-L1426)     Description:Delete one DataNode     Solution:Please confirm that there is a blocking operation when you grab frame
Warning 2025-11-15 19:21:15  DevID:MV-CA013-A0UC(J06720615)  Source-Line:libMvUsb3vTL.so(StreamProcess.cpp-L0844)     Description:[GetOneFrame] PreFrameNum[8597], CurFrameNum[8601]     Solution:
Warning 2025-11-15 19:21:15  DevID:MV-CA013-A0UC(J06720615)  Source-Line:libMvUsb3vTL.so(StreamProcess.cpp-L1426)     Description:Delete one DataNode     Solution:Please confirm that there is a blocking operation when you grab frame
Warning 2025-11-15 19:21:15  DevID:MV-CA013-A0UC(J06720615)  Source-Line:libMvUsb3vTL.so(StreamProcess.cpp-L1426)     Description:Delete one DataNode     Solution:Please confirm that there is a blocking operation when you grab frame
Warning 2025-11-15 19:21:15  DevID:MV-CA013-A0UC(J06720615)  Source-Line:libMvUsb3vTL.so(StreamProcess.cpp-L1426)     Description:Delete one DataNode     Solution:Please confirm that there is a blocking operation when you grab frame
Warning 2025-11-15 19:21:15  DevID:MV-CA013-A0UC(J06720615)  Source-Line:libMvUsb3vTL.so(StreamProcess.cpp-L0844)     Description:[GetOneFrame] PreFrameNum[8601], CurFrameNum[8605]     Solution:
Warning 2025-11-15 19:21:15  DevID:MV-CA013-A0UC(J06720615)  Source-Line:libMvUsb3vTL.so(StreamProcess.cpp-L1426)     Description:Delete one DataNode     Solution:Please confirm that there is a blocking operation when you grab frame
Warning 2025-11-15 19:21:15  DevID:MV-CA013-A0UC(J06720615)  Source-Line:libMvUsb3vTL.so(StreamProcess.cpp-L1426)     Description:Delete one DataNode     Solution:Please confirm that there is a blocking operation when you grab frame
Warning 2025-11-15 19:21:15  DevID:MV-CA013-A0UC(J06720615)  Source-Line:libMvUsb3vTL.so(StreamProcess.cpp-L1426)     Description:Delete one DataNode     Solution:Please confirm that there is a blocking operation when you grab frame
Warning 2025-11-15 19:21:15  DevID:MV-CA013-A0UC(J06720615)  Source-Line:libMvUsb3vTL.so(StreamProcess.cpp-L0844)     Description:[GetOneFrame] PreFrameNum[8605], CurFrameNum[8609]     Solution:
Warning 2025-11-15 19:21:15  DevID:MV-CA013-A0UC(J06720615)  Source-Line:libMvUsb3vTL.so(StreamProcess.cpp-L1426)     Description:Delete one DataNode     Solution:Please confirm that there is a blocking operation when you grab frame
Warning 2025-11-15 19:21:15  DevID:MV-CA013-A0UC(J06720615)  Source-Line:libMvUsb3vTL.so(StreamProcess.cpp-L1426)     Description:Delete one DataNode     Solution:Please confirm that there is a blocking operation when you grab frame
Warning 2025-11-15 19:21:15  DevID:MV-CA013-A0UC(J06720615)  Source-Line:libMvUsb3vTL.so(StreamProcess.cpp-L1426)     Description:Delete one DataNode     Solution:Please confirm that there is a blocking operation when you grab frame
Warning 2025-11-15 19:21:15  DevID:MV-CA013-A0UC(J06720615)  Source-Line:libMvUsb3vTL.so(StreamProcess.cpp-L0844)     Description:[GetOneFrame] PreFrameNum[8609], CurFrameNum[8613]     Solution:
Warning 2025-11-15 19:21:15  DevID:MV-CA013-A0UC(J06720615)  Source-Line:libMvUsb3vTL.so(StreamProcess.cpp-L1426)     Description:Delete one DataNode     Solution:Please confirm that there is a blocking operation when you grab frame
Warning 2025-11-15 19:21:15  DevID:MV-CA013-A0UC(J06720615)  Source-Line:libMvUsb3vTL.so(StreamProcess.cpp-L1426)     Description:Delete one DataNode     Solution:Please confirm that there is a blocking operation when you grab frame
Warning 2025-11-15 19:21:15  DevID:MV-CA013-A0UC(J06720615)  Source-Line:libMvUsb3vTL.so(StreamProcess.cpp-L1426)     Description:Delete one DataNode     Solution:Please confirm that there is a blocking operation when you grab frame
Warning 2025-11-15 19:21:15  DevID:MV-CA013-A0UC(J06720615)  Source-Line:libMvUsb3vTL.so(StreamProcess.cpp-L0844)     Description:[GetOneFrame] PreFrameNum[8613], CurFrameNum[8617]     Solution:
Warning 2025-11-15 19:21:15  DevID:MV-CA013-A0UC(J06720615)  Source-Line:libMvUsb3vTL.so(StreamProcess.cpp-L1426)     Description:Delete one DataNode     Solution:Please confirm that there is a blocking operation when you grab frame
Warning 2025-11-15 19:21:15  DevID:MV-CA013-A0UC(J06720615)  Source-Line:libMvUsb3vTL.so(StreamProcess.cpp-L1426)     Description:Delete one DataNode     Solution:Please confirm that there is a blocking operation when you grab frame
Warning 2025-11-15 19:21:15  DevID:MV-CA013-A0UC(J06720615)  Source-Line:libMvUsb3vTL.so(StreamProcess.cpp-L1426)     Description:Delete one DataNode     Solution:Please confirm that there is a blocking operation when you grab frame
Warning 2025-11-15 19:21:15  DevID:MV-CA013-A0UC(J06720615)  Source-Line:libMvUsb3vTL.so(StreamProcess.cpp-L0844)     Description:[GetOneFrame] PreFrameNum[8617], CurFrameNum[8621]     Solution:
Warning 2025-11-15 19:21:15  DevID:MV-CA013-A0UC(J06720615)  Source-Line:libMvUsb3vTL.so(StreamProcess.cpp-L1426)     Description:Delete one DataNode     Solution:Please confirm that there is a blocking operation when you grab frame
Warning 2025-11-15 19:21:15  DevID:MV-CA013-A0UC(J06720615)  Source-Line:libMvUsb3vTL.so(StreamProcess.cpp-L1426)     Description:Delete one DataNode     Solution:Please confirm that there is a blocking operation when you grab frame
Warning 2025-11-15 19:21:15  DevID:MV-CA013-A0UC(J06720615)  Source-Line:libMvUsb3vTL.so(StreamProcess.cpp-L1426)     Description:Delete one DataNode     Solution:Please confirm that there is a blocking operation when you grab frame
Warning 2025-11-15 19:21:15  DevID:MV-CA013-A0UC(J06720615)  Source-Line:libMvUsb3vTL.so(StreamProcess.cpp-L0844)     Description:[GetOneFrame] PreFrameNum[8621], CurFrameNum[8625]     Solution:
Warning 2025-11-15 19:21:15  DevID:MV-CA013-A0UC(J06720615)  Source-Line:libMvUsb3vTL.so(StreamProcess.cpp-L1426)     Description:Delete one DataNode     Solution:Please confirm that there is a blocking operation when you grab frame
Warning 2025-11-15 19:21:15  DevID:MV-CA013-A0UC(J06720615)  Source-Line:libMvUsb3vTL.so(StreamProcess.cpp-L1426)     Description:Delete one DataNode     Solution:Please confirm that there is a blocking operation when you grab frame
Warning 2025-11-15 19:21:15  DevID:MV-CA013-A0UC(J06720615)  Source-Line:libMvUsb3vTL.so(StreamProcess.cpp-L1426)     Description:Delete one DataNode     Solution:Please confirm that there is a blocking operation when you grab frame
Warning 2025-11-15 19:21:15  DevID:MV-CA013-A0UC(J06720615)  Source-Line:libMvUsb3vTL.so(StreamProcess.cpp-L0844)     Description:[GetOneFrame] PreFrameNum[8625], CurFrameNum[8629]     Solution:
Warning 2025-11-15 19:21:15  DevID:MV-CA013-A0UC(J06720615)  Source-Line:libMvUsb3vTL.so(StreamProcess.cpp-L1426)     Description:Delete one DataNode     Solution:Please confirm that there is a blocking operation when you grab frame
Warning 2025-11-15 19:21:16  DevID:MV-CA013-A0UC(J06720615)  Source-Line:libMvUsb3vTL.so(StreamProcess.cpp-L1426)     Description:Delete one DataNode     Solution:Please confirm that there is a blocking operation when you grab frame
Warning 2025-11-15 19:21:16  DevID:MV-CA013-A0UC(J06720615)  Source-Line:libMvUsb3vTL.so(StreamProcess.cpp-L1426)     Description:Delete one DataNode     Solution:Please confirm that there is a blocking operation when you grab frame
Warning 2025-11-15 19:21:16  DevID:MV-CA013-A0UC(J06720615)  Source-Line:libMvUsb3vTL.so(StreamProcess.cpp-L0844)     Description:[GetOneFrame] PreFrameNum[8629], CurFrameNum[8633]     Solution:
Warning 2025-11-15 19:21:16  DevID:MV-CA013-A0UC(J06720615)  Source-Line:libMvUsb3vTL.so(StreamProcess.cpp-L1426)     Description:Delete one DataNode     Solution:Please confirm that there is a blocking operation when you grab frame
Warning 2025-11-15 19:21:16  DevID:MV-CA013-A0UC(J06720615)  Source-Line:libMvUsb3vTL.so(StreamProcess.cpp-L1426)     Description:Delete one DataNode     Solution:Please confirm that there is a blocking operation when you grab frame
Warning 2025-11-15 19:21:16  DevID:MV-CA013-A0UC(J06720615)  Source-Line:libMvUsb3vTL.so(StreamProcess.cpp-L1426)     Description:Delete one DataNode     Solution:Please confirm that there is a blocking operation when you grab frame
Warning 2025-11-15 19:21:16  DevID:MV-CA013-A0UC(J06720615)  Source-Line:libMvUsb3vTL.so(StreamProcess.cpp-L0844)     Description:[GetOneFrame] PreFrameNum[8633], CurFrameNum[8637]     Solution:
Warning 2025-11-15 19:21:16  DevID:MV-CA013-A0UC(J06720615)  Source-Line:libMvUsb3vTL.so(StreamProcess.cpp-L1426)     Description:Delete one DataNode     Solution:Please confirm that there is a blocking operation when you grab frame
Warning 2025-11-15 19:21:16  DevID:MV-CA013-A0UC(J06720615)  Source-Line:libMvUsb3vTL.so(StreamProcess.cpp-L1426)     Description:Delete one DataNode     Solution:Please confirm that there is a blocking operation when you grab frame
Warning 2025-11-15 19:21:16  DevID:MV-CA013-A0UC(J06720615)  Source-Line:libMvUsb3vTL.so(StreamProcess.cpp-L1426)     Description:Delete one DataNode     Solution:Please confirm that there is a blocking operation when you grab frame
Warning 2025-11-15 19:21:16  DevID:MV-CA013-A0UC(J06720615)  Source-Line:libMvUsb3vTL.so(StreamProcess.cpp-L0844)     Description:[GetOneFrame] PreFrameNum[8637], CurFrameNum[8641]     Solution:
Warning 2025-11-15 19:21:16  DevID:MV-CA013-A0UC(J06720615)  Source-Line:libMvUsb3vTL.so(StreamProcess.cpp-L1426)     Description:Delete one DataNode     Solution:Please confirm that there is a blocking operation when you grab frame
Warning 2025-11-15 19:21:16  DevID:MV-CA013-A0UC(J06720615)  Source-Line:libMvUsb3vTL.so(StreamProcess.cpp-L1426)     Description:Delete one DataNode     Solution:Please confirm that there is a blocking operation when you grab frame
Warning 2025-11-15 19:21:16  DevID:MV-CA013-A0UC(J06720615)  Source-Line:libMvUsb3vTL.so(StreamProcess.cpp-L1426)     Description:Delete one DataNode     Solution:Please confirm that there is a blocking operation when you grab frame
Warning 2025-11-15 19:21:16  DevID:MV-CA013-A0UC(J06720615)  Source-Line:libMvUsb3vTL.so(StreamProcess.cpp-L0844)     Description:[GetOneFrame] PreFrameNum[8641], CurFrameNum[8645]     Solution:
Warning 2025-11-15 19:21:16  DevID:MV-CA013-A0UC(J06720615)  Source-Line:libMvUsb3vTL.so(StreamProcess.cpp-L1426)     Description:Delete one DataNode     Solution:Please confirm that there is a blocking operation when you grab frame
Warning 2025-11-15 19:21:16  DevID:MV-CA013-A0UC(J06720615)  Source-Line:libMvUsb3vTL.so(StreamProcess.cpp-L1426)     Description:Delete one DataNode     Solution:Please confirm that there is a blocking operation when you grab frame
Warning 2025-11-15 19:21:16  DevID:MV-CA013-A0UC(J06720615)  Source-Line:libMvUsb3vTL.so(StreamProcess.cpp-L1426)     Description:Delete one DataNode     Solution:Please confirm that there is a blocking operation when you grab frame
Warning 2025-11-15 19:21:16  DevID:MV-CA013-A0UC(J06720615)  Source-Line:libMvUsb3vTL.so(StreamProcess.cpp-L0844)     Description:[GetOneFrame] PreFrameNum[8645], CurFrameNum[8649]     Solution:
Warning 2025-11-15 19:21:16  DevID:MV-CA013-A0UC(J06720615)  Source-Line:libMvUsb3vTL.so(StreamProcess.cpp-L1426)     Description:Delete one DataNode     Solution:Please confirm that there is a blocking operation when you grab frame
Warning 2025-11-15 19:21:16  DevID:MV-CA013-A0UC(J06720615)  Source-Line:libMvUsb3vTL.so(StreamProcess.cpp-L1426)     Description:Delete one DataNode     Solution:Please confirm that there is a blocking operation when you grab frame
Warning 2025-11-15 19:21:16  DevID:MV-CA013-A0UC(J06720615)  Source-Line:libMvUsb3vTL.so(StreamProcess.cpp-L1426)     Description:Delete one DataNode     Solution:Please confirm that there is a blocking operation when you grab frame
Warning 2025-11-15 19:21:16  DevID:MV-CA013-A0UC(J06720615)  Source-Line:libMvUsb3vTL.so(StreamProcess.cpp-L0844)     Description:[GetOneFrame] PreFrameNum[8649], CurFrameNum[8653]     Solution:
Warning 2025-11-15 19:21:16  DevID:MV-CA013-A0UC(J06720615)  Source-Line:libMvUsb3vTL.so(StreamProcess.cpp-L1426)     Description:Delete one DataNode     Solution:Please confirm that there is a blocking operation when you grab frame
Warning 2025-11-15 19:21:16  DevID:MV-CA013-A0UC(J06720615)  Source-Line:libMvUsb3vTL.so(StreamProcess.cpp-L1426)     Description:Delete one DataNode     Solution:Please confirm that there is a blocking operation when you grab frame
Warning 2025-11-15 19:21:16  DevID:MV-CA013-A0UC(J06720615)  Source-Line:libMvUsb3vTL.so(StreamProcess.cpp-L1426)     Description:Delete one DataNode     Solution:Please confirm that there is a blocking operation when you grab frame
Warning 2025-11-15 19:21:16  DevID:MV-CA013-A0UC(J06720615)  Source-Line:libMvUsb3vTL.so(StreamProcess.cpp-L0844)     Description:[GetOneFrame] PreFrameNum[8653], CurFrameNum[8657]     Solution:
Warning 2025-11-15 19:21:16  DevID:MV-CA013-A0UC(J06720615)  Source-Line:libMvUsb3vTL.so(StreamProcess.cpp-L1426)     Description:Delete one DataNode     Solution:Please confirm that there is a blocking operation when you grab frame
Warning 2025-11-15 19:21:16  DevID:MV-CA013-A0UC(J06720615)  Source-Line:libMvUsb3vTL.so(StreamProcess.cpp-L1426)     Description:Delete one DataNode     Solution:Please confirm that there is a blocking operation when you grab frame
Warning 2025-11-15 19:21:16  DevID:MV-CA013-A0UC(J06720615)  Source-Line:libMvUsb3vTL.so(StreamProcess.cpp-L1426)     Description:Delete one DataNode     Solution:Please confirm that there is a blocking operation when you grab frame
Warning 2025-11-15 19:21:16  DevID:MV-CA013-A0UC(J06720615)  Source-Line:libMvUsb3vTL.so(StreamProcess.cpp-L0844)     Description:[GetOneFrame] PreFrameNum[8657], CurFrameNum[8661]     Solution:
Warning 2025-11-15 19:21:16  DevID:MV-CA013-A0UC(J06720615)  Source-Line:libMvUsb3vTL.so(StreamProcess.cpp-L1426)     Description:Delete one DataNode     Solution:Please confirm that there is a blocking operation when you grab frame
Warning 2025-11-15 19:21:16  DevID:MV-CA013-A0UC(J06720615)  Source-Line:libMvUsb3vTL.so(StreamProcess.cpp-L1426)     Description:Delete one DataNode     Solution:Please confirm that there is a blocking operation when you grab frame
Warning 2025-11-15 19:21:16  DevID:MV-CA013-A0UC(J06720615)  Source-Line:libMvUsb3vTL.so(StreamProcess.cpp-L1426)     Description:Delete one DataNode     Solution:Please confirm that there is a blocking operation when you grab frame
Warning 2025-11-15 19:21:16  DevID:MV-CA013-A0UC(J06720615)  Source-Line:libMvUsb3vTL.so(StreamProcess.cpp-L0844)     Description:[GetOneFrame] PreFrameNum[8661], CurFrameNum[8665]     Solution:
Warning 2025-11-15 19:21:16  DevID:MV-CA013-A0UC(J06720615)  Source-Line:libMvUsb3vTL.so(StreamProcess.cpp-L1426)     Description:Delete one DataNode     Solution:Please confirm that there is a blocking operation when you grab frame
Warning 2025-11-15 19:21:16  DevID:MV-CA013-A0UC(J06720615)  Source-Line:libMvUsb3vTL.so(StreamProcess.cpp-L1426)     Description:Delete one DataNode     Solution:Please confirm that there is a blocking operation when you grab frame
Warning 2025-11-15 19:21:16  DevID:MV-CA013-A0UC(J06720615)  Source-Line:libMvUsb3vTL.so(StreamProcess.cpp-L1426)     Description:Delete one DataNode     Solution:Please confirm that there is a blocking operation when you grab frame
Warning 2025-11-15 19:21:16  DevID:MV-CA013-A0UC(J06720615)  Source-Line:libMvUsb3vTL.so(StreamProcess.cpp-L0844)     Description:[GetOneFrame] PreFrameNum[8665], CurFrameNum[8669]     Solution:
Warning 2025-11-15 19:21:16  DevID:MV-CA013-A0UC(J06720615)  Source-Line:libMvUsb3vTL.so(StreamProcess.cpp-L1426)     Description:Delete one DataNode     Solution:Please confirm that there is a blocking operation when you grab frame
Warning 2025-11-15 19:21:16  DevID:MV-CA013-A0UC(J06720615)  Source-Line:libMvUsb3vTL.so(StreamProcess.cpp-L1426)     Description:Delete one DataNode     Solution:Please confirm that there is a blocking operation when you grab frame
Warning 2025-11-15 19:21:16  DevID:MV-CA013-A0UC(J06720615)  Source-Line:libMvUsb3vTL.so(StreamProcess.cpp-L1426)     Description:Delete one DataNode     Solution:Please confirm that there is a blocking operation when you grab frame
Warning 2025-11-15 19:21:16  DevID:MV-CA013-A0UC(J06720615)  Source-Line:libMvUsb3vTL.so(StreamProcess.cpp-L0844)     Description:[GetOneFrame] PreFrameNum[8669], CurFrameNum[8673]     Solution:
Warning 2025-11-15 19:21:16  DevID:MV-CA013-A0UC(J06720615)  Source-Line:libMvUsb3vTL.so(StreamProcess.cpp-L1426)     Description:Delete one DataNode     Solution:Please confirm that there is a blocking operation when you grab frame
Warning 2025-11-15 19:21:16  DevID:MV-CA013-A0UC(J06720615)  Source-Line:libMvUsb3vTL.so(StreamProcess.cpp-L1426)     Description:Delete one DataNode     Solution:Please confirm that there is a blocking operation when you grab frame
Warning 2025-11-15 19:21:16  DevID:MV-CA013-A0UC(J06720615)  Source-Line:libMvUsb3vTL.so(StreamProcess.cpp-L1426)     Description:Delete one DataNode     Solution:Please confirm that there is a blocking operation when you grab frame
Warning 2025-11-15 19:21:16  DevID:MV-CA013-A0UC(J06720615)  Source-Line:libMvUsb3vTL.so(StreamProcess.cpp-L0844)     Description:[GetOneFrame] PreFrameNum[8673], CurFrameNum[8677]     Solution:
Warning 2025-11-15 19:21:16  DevID:MV-CA013-A0UC(J06720615)  Source-Line:libMvUsb3vTL.so(StreamProcess.cpp-L1426)     Description:Delete one DataNode     Solution:Please confirm that there is a blocking operation when you grab frame
Warning 2025-11-15 19:21:16  DevID:MV-CA013-A0UC(J06720615)  Source-Line:libMvUsb3vTL.so(StreamProcess.cpp-L1426)     Description:Delete one DataNode     Solution:Please confirm that there is a blocking operation when you grab frame
Warning 2025-11-15 19:21:16  DevID:MV-CA013-A0UC(J06720615)  Source-Line:libMvUsb3vTL.so(StreamProcess.cpp-L1426)     Description:Delete one DataNode     Solution:Please confirm that there is a blocking operation when you grab frame
Warning 2025-11-15 19:21:16  DevID:MV-CA013-A0UC(J06720615)  Source-Line:libMvUsb3vTL.so(StreamProcess.cpp-L0844)     Description:[GetOneFrame] PreFrameNum[8677], CurFrameNum[8681]     Solution:
Warning 2025-11-15 19:21:16  DevID:MV-CA013-A0UC(J06720615)  Source-Line:libMvUsb3vTL.so(StreamProcess.cpp-L1426)     Description:Delete one DataNode     Solution:Please confirm that there is a blocking operation when you grab frame
Warning 2025-11-15 19:21:16  DevID:MV-CA013-A0UC(J06720615)  Source-Line:libMvUsb3vTL.so(StreamProcess.cpp-L1426)     Description:Delete one DataNode     Solution:Please confirm that there is a blocking operation when you grab frame
Warning 2025-11-15 19:21:16  DevID:MV-CA013-A0UC(J06720615)  Source-Line:libMvUsb3vTL.so(StreamProcess.cpp-L1426)     Description:Delete one DataNode     Solution:Please confirm that there is a blocking operation when you grab frame
Warning 2025-11-15 19:21:16  DevID:MV-CA013-A0UC(J06720615)  Source-Line:libMvUsb3vTL.so(StreamProcess.cpp-L0844)     Description:[GetOneFrame] PreFrameNum[8681], CurFrameNum[8685]     Solution:
Warning 2025-11-15 19:21:16  DevID:MV-CA013-A0UC(J06720615)  Source-Line:libMvUsb3vTL.so(StreamProcess.cpp-L1426)     Description:Delete one DataNode     Solution:Please confirm that there is a blocking operation when you grab frame
Warning 2025-11-15 19:21:16  DevID:MV-CA013-A0UC(J06720615)  Source-Line:libMvUsb3vTL.so(StreamProcess.cpp-L1426)     Description:Delete one DataNode     Solution:Please confirm that there is a blocking operation when you grab frame
Warning 2025-11-15 19:21:16  DevID:MV-CA013-A0UC(J06720615)  Source-Line:libMvUsb3vTL.so(StreamProcess.cpp-L1426)     Description:Delete one DataNode     Solution:Please confirm that there is a blocking operation when you grab frame
Warning 2025-11-15 19:21:16  DevID:MV-CA013-A0UC(J06720615)  Source-Line:libMvUsb3vTL.so(StreamProcess.cpp-L0844)     Description:[GetOneFrame] PreFrameNum[8685], CurFrameNum[8689]     Solution:
Warning 2025-11-15 19:21:16  DevID:MV-CA013-A0UC(J06720615)  Source-Line:libMvUsb3vTL.so(StreamProcess.cpp-L1426)     Description:Delete one DataNode     Solution:Please confirm that there is a blocking operation when you grab frame
Warning 2025-11-15 19:21:16  DevID:MV-CA013-A0UC(J06720615)  Source-Line:libMvUsb3vTL.so(StreamProcess.cpp-L1426)     Description:Delete one DataNode     Solution:Please confirm that there is a blocking operation when you grab frame
Warning 2025-11-15 19:21:16  DevID:MV-CA013-A0UC(J06720615)  Source-Line:libMvUsb3vTL.so(StreamProcess.cpp-L1426)     Description:Delete one DataNode     Solution:Please confirm that there is a blocking operation when you grab frame
Warning 2025-11-15 19:21:16  DevID:MV-CA013-A0UC(J06720615)  Source-Line:libMvUsb3vTL.so(StreamProcess.cpp-L0844)     Description:[GetOneFrame] PreFrameNum[8689], CurFrameNum[8693]     Solution:
Warning 2025-11-15 19:21:16  DevID:MV-CA013-A0UC(J06720615)  Source-Line:libMvUsb3vTL.so(StreamProcess.cpp-L1426)     Description:Delete one DataNode     Solution:Please confirm that there is a blocking operation when you grab frame
Warning 2025-11-15 19:21:16  DevID:MV-CA013-A0UC(J06720615)  Source-Line:libMvUsb3vTL.so(StreamProcess.cpp-L1426)     Description:Delete one DataNode     Solution:Please confirm that there is a blocking operation when you grab frame
Warning 2025-11-15 19:21:16  DevID:MV-CA013-A0UC(J06720615)  Source-Line:libMvUsb3vTL.so(StreamProcess.cpp-L1426)     Description:Delete one DataNode     Solution:Please confirm that there is a blocking operation when you grab frame
Warning 2025-11-15 19:21:16  DevID:MV-CA013-A0UC(J06720615)  Source-Line:libMvUsb3vTL.so(StreamProcess.cpp-L0844)     Description:[GetOneFrame] PreFrameNum[8693], CurFrameNum[8697]     Solution:
Warning 2025-11-15 19:21:16  DevID:MV-CA013-A0UC(J06720615)  Source-Line:libMvUsb3vTL.so(StreamProcess.cpp-L1426)     Description:Delete one DataNode     Solution:Please confirm that there is a blocking operation when you grab frame
Warning 2025-11-15 19:21:16  DevID:MV-CA013-A0UC(J06720615)  Source-Line:libMvUsb3vTL.so(StreamProcess.cpp-L1426)     Description:Delete one DataNode     Solution:Please confirm that there is a blocking operation when you grab frame
Warning 2025-11-15 19:21:16  DevID:MV-CA013-A0UC(J06720615)  Source-Line:libMvUsb3vTL.so(StreamProcess.cpp-L1426)     Description:Delete one DataNode     Solution:Please confirm that there is a blocking operation when you grab frame
Warning 2025-11-15 19:21:16  DevID:MV-CA013-A0UC(J06720615)  Source-Line:libMvUsb3vTL.so(StreamProcess.cpp-L0844)     Description:[GetOneFrame] PreFrameNum[8697], CurFrameNum[8701]     Solution:
Warning 2025-11-15 19:21:16  DevID:MV-CA013-A0UC(J06720615)  Source-Line:libMvUsb3vTL.so(StreamProcess.cpp-L1426)     Description:Delete one DataNode     Solution:Please confirm that there is a blocking operation when you grab frame
Error   2025-11-15 19:21:16  DevID:MV-CA013-A0UC(J06720615)  Source-Line:libMvUsb3vTL.so(DriverLayer.cpp-L0769)     Description:timesOut, num_iso_packets: ff     Solution:
Info    2025-11-15 19:21:16  DevID:MV-CA013-A0UC(J06720615)  Source-Line:libMvUsb3vTL.so(EventProcess.cpp-L0311)     Description:[Event]Read Async, Ret[0xff]     Solution:
Warning 2025-11-15 19:21:16  DevID:MV-CA013-A0UC(J06720615)  Source-Line:libMvUsb3vTL.so(StreamProcess.cpp-L1426)     Description:Delete one DataNode     Solution:Please confirm that there is a blocking operation when you grab frame
Warning 2025-11-15 19:21:16  DevID:MV-CA013-A0UC(J06720615)  Source-Line:libMvUsb3vTL.so(StreamProcess.cpp-L1426)     Description:Delete one DataNode     Solution:Please confirm that there is a blocking operation when you grab frame
Warning 2025-11-15 19:21:16  DevID:MV-CA013-A0UC(J06720615)  Source-Line:libMvUsb3vTL.so(StreamProcess.cpp-L0844)     Description:[GetOneFrame] PreFrameNum[8701], CurFrameNum[8705]     Solution:
Warning 2025-11-15 19:21:16  DevID:MV-CA013-A0UC(J06720615)  Source-Line:libMvUsb3vTL.so(StreamProcess.cpp-L1426)     Description:Delete one DataNode     Solution:Please confirm that there is a blocking operation when you grab frame
Warning 2025-11-15 19:21:16  DevID:MV-CA013-A0UC(J06720615)  Source-Line:libMvUsb3vTL.so(StreamProcess.cpp-L1426)     Description:Delete one DataNode     Solution:Please confirm that there is a blocking operation when you grab frame
Warning 2025-11-15 19:21:16  DevID:MV-CA013-A0UC(J06720615)  Source-Line:libMvUsb3vTL.so(StreamProcess.cpp-L1426)     Description:Delete one DataNode     Solution:Please confirm that there is a blocking operation when you grab frame
Warning 2025-11-15 19:21:16  DevID:MV-CA013-A0UC(J06720615)  Source-Line:libMvUsb3vTL.so(StreamProcess.cpp-L0844)     Description:[GetOneFrame] PreFrameNum[8705], CurFrameNum[8709]     Solution:
Warning 2025-11-15 19:21:16  DevID:MV-CA013-A0UC(J06720615)  Source-Line:libMvUsb3vTL.so(StreamProcess.cpp-L1426)     Description:Delete one DataNode     Solution:Please confirm that there is a blocking operation when you grab frame
Warning 2025-11-15 19:21:16  DevID:MV-CA013-A0UC(J06720615)  Source-Line:libMvUsb3vTL.so(StreamProcess.cpp-L1426)     Description:Delete one DataNode     Solution:Please confirm that there is a blocking operation when you grab frame
Warning 2025-11-15 19:21:16  DevID:MV-CA013-A0UC(J06720615)  Source-Line:libMvUsb3vTL.so(StreamProcess.cpp-L1426)     Description:Delete one DataNode     Solution:Please confirm that there is a blocking operation when you grab frame
Warning 2025-11-15 19:21:16  DevID:MV-CA013-A0UC(J06720615)  Source-Line:libMvUsb3vTL.so(StreamProcess.cpp-L0844)     Description:[GetOneFrame] PreFrameNum[8709], CurFrameNum[8713]     Solution:
Warning 2025-11-15 19:21:16  DevID:MV-CA013-A0UC(J06720615)  Source-Line:libMvUsb3vTL.so(StreamProcess.cpp-L1426)     Description:Delete one DataNode     Solution:Please confirm that there is a blocking operation when you grab frame
Warning 2025-11-15 19:21:16  DevID:MV-CA013-A0UC(J06720615)  Source-Line:libMvUsb3vTL.so(StreamProcess.cpp-L1426)     Description:Delete one DataNode     Solution:Please confirm that there is a blocking operation when you grab frame
Warning 2025-11-15 19:21:16  DevID:MV-CA013-A0UC(J06720615)  Source-Line:libMvUsb3vTL.so(StreamProcess.cpp-L1426)     Description:Delete one DataNode     Solution:Please confirm that there is a blocking operation when you grab frame
Warning 2025-11-15 19:21:16  DevID:MV-CA013-A0UC(J06720615)  Source-Line:libMvUsb3vTL.so(StreamProcess.cpp-L0844)     Description:[GetOneFrame] PreFrameNum[8713], CurFrameNum[8717]     Solution:
Warning 2025-11-15 19:21:16  DevID:MV-CA013-A0UC(J06720615)  Source-Line:libMvUsb3vTL.so(StreamProcess.cpp-L1426)     Description:Delete one DataNode     Solution:Please confirm that there is a blocking operation when you grab frame
Warning 2025-11-15 19:21:16  DevID:MV-CA013-A0UC(J06720615)  Source-Line:libMvUsb3vTL.so(StreamProcess.cpp-L1426)     Description:Delete one DataNode     Solution:Please confirm that there is a blocking operation when you grab frame
Warning 2025-11-15 19:21:16  DevID:MV-CA013-A0UC(J06720615)  Source-Line:libMvUsb3vTL.so(StreamProcess.cpp-L1426)     Description:Delete one DataNode     Solution:Please confirm that there is a blocking operation when you grab frame
Warning 2025-11-15 19:21:16  DevID:MV-CA013-A0UC(J06720615)  Source-Line:libMvUsb3vTL.so(StreamProcess.cpp-L0844)     Description:[GetOneFrame] PreFrameNum[8717], CurFrameNum[8721]     Solution:
Warning 2025-11-15 19:21:16  DevID:MV-CA013-A0UC(J06720615)  Source-Line:libMvUsb3vTL.so(StreamProcess.cpp-L1426)     Description:Delete one DataNode     Solution:Please confirm that there is a blocking operation when you grab frame
Warning 2025-11-15 19:21:16  DevID:MV-CA013-A0UC(J06720615)  Source-Line:libMvUsb3vTL.so(StreamProcess.cpp-L1426)     Description:Delete one DataNode     Solution:Please confirm that there is a blocking operation when you grab frame
Warning 2025-11-15 19:21:16  DevID:MV-CA013-A0UC(J06720615)  Source-Line:libMvUsb3vTL.so(StreamProcess.cpp-L1426)     Description:Delete one DataNode     Solution:Please confirm that there is a blocking operation when you grab frame
Warning 2025-11-15 19:21:16  DevID:MV-CA013-A0UC(J06720615)  Source-Line:libMvUsb3vTL.so(StreamProcess.cpp-L0844)     Description:[GetOneFrame] PreFrameNum[8721], CurFrameNum[8725]     Solution:
Warning 2025-11-15 19:21:16  DevID:MV-CA013-A0UC(J06720615)  Source-Line:libMvUsb3vTL.so(StreamProcess.cpp-L1426)     Description:Delete one DataNode     Solution:Please confirm that there is a blocking operation when you grab frame
Warning 2025-11-15 19:21:16  DevID:MV-CA013-A0UC(J06720615)  Source-Line:libMvUsb3vTL.so(StreamProcess.cpp-L1426)     Description:Delete one DataNode     Solution:Please confirm that there is a blocking operation when you grab frame
Warning 2025-11-15 19:21:16  DevID:MV-CA013-A0UC(J06720615)  Source-Line:libMvUsb3vTL.so(StreamProcess.cpp-L1426)     Description:Delete one DataNode     Solution:Please confirm that there is a blocking operation when you grab frame
Warning 2025-11-15 19:21:16  DevID:MV-CA013-A0UC(J06720615)  Source-Line:libMvUsb3vTL.so(StreamProcess.cpp-L0844)     Description:[GetOneFrame] PreFrameNum[8725], CurFrameNum[8729]     Solution:
Warning 2025-11-15 19:21:16  DevID:MV-CA013-A0UC(J06720615)  Source-Line:libMvUsb3vTL.so(StreamProcess.cpp-L1426)     Description:Delete one DataNode     Solution:Please confirm that there is a blocking operation when you grab frame
Warning 2025-11-15 19:21:16  DevID:MV-CA013-A0UC(J06720615)  Source-Line:libMvUsb3vTL.so(StreamProcess.cpp-L1426)     Description:Delete one DataNode     Solution:Please confirm that there is a blocking operation when you grab frame
Warning 2025-11-15 19:21:16  DevID:MV-CA013-A0UC(J06720615)  Source-Line:libMvUsb3vTL.so(StreamProcess.cpp-L1426)     Description:Delete one DataNode     Solution:Please confirm that there is a blocking operation when you grab frame
Warning 2025-11-15 19:21:16  DevID:MV-CA013-A0UC(J06720615)  Source-Line:libMvUsb3vTL.so(StreamProcess.cpp-L0844)     Description:[GetOneFrame] PreFrameNum[8729], CurFrameNum[8733]     Solution:
Warning 2025-11-15 19:21:16  DevID:MV-CA013-A0UC(J06720615)  Source-Line:libMvUsb3vTL.so(StreamProcess.cpp-L1426)     Description:Delete one DataNode     Solution:Please confirm that there is a blocking operation when you grab frame
Warning 2025-11-15 19:21:16  DevID:MV-CA013-A0UC(J06720615)  Source-Line:libMvUsb3vTL.so(StreamProcess.cpp-L1426)     Description:Delete one DataNode     Solution:Please confirm that there is a blocking operation when you grab frame
Warning 2025-11-15 19:21:16  DevID:MV-CA013-A0UC(J06720615)  Source-Line:libMvUsb3vTL.so(StreamProcess.cpp-L1426)     Description:Delete one DataNode     Solution:Please confirm that there is a blocking operation when you grab frame
Warning 2025-11-15 19:21:16  DevID:MV-CA013-A0UC(J06720615)  Source-Line:libMvUsb3vTL.so(StreamProcess.cpp-L0844)     Description:[GetOneFrame] PreFrameNum[8733], CurFrameNum[8737]     Solution:
Warning 2025-11-15 19:21:16  DevID:MV-CA013-A0UC(J06720615)  Source-Line:libMvUsb3vTL.so(StreamProcess.cpp-L1426)     Description:Delete one DataNode     Solution:Please confirm that there is a blocking operation when you grab frame
Warning 2025-11-15 19:21:16  DevID:MV-CA013-A0UC(J06720615)  Source-Line:libMvUsb3vTL.so(StreamProcess.cpp-L1426)     Description:Delete one DataNode     Solution:Please confirm that there is a blocking operation when you grab frame
Warning 2025-11-15 19:21:16  DevID:MV-CA013-A0UC(J06720615)  Source-Line:libMvUsb3vTL.so(StreamProcess.cpp-L1426)     Description:Delete one DataNode     Solution:Please confirm that there is a blocking operation when you grab frame
Warning 2025-11-15 19:21:16  DevID:MV-CA013-A0UC(J06720615)  Source-Line:libMvUsb3vTL.so(StreamProcess.cpp-L0844)     Description:[GetOneFrame] PreFrameNum[8737], CurFrameNum[8741]     Solution:
Warning 2025-11-15 19:21:16  DevID:MV-CA013-A0UC(J06720615)  Source-Line:libMvUsb3vTL.so(StreamProcess.cpp-L1426)     Description:Delete one DataNode     Solution:Please confirm that there is a blocking operation when you grab frame
Warning 2025-11-15 19:21:16  DevID:MV-CA013-A0UC(J06720615)  Source-Line:libMvUsb3vTL.so(StreamProcess.cpp-L1426)     Description:Delete one DataNode     Solution:Please confirm that there is a blocking operation when you grab frame
Warning 2025-11-15 19:21:16  DevID:MV-CA013-A0UC(J06720615)  Source-Line:libMvUsb3vTL.so(StreamProcess.cpp-L1426)     Description:Delete one DataNode     Solution:Please confirm that there is a blocking operation when you grab frame
Warning 2025-11-15 19:21:16  DevID:MV-CA013-A0UC(J06720615)  Source-Line:libMvUsb3vTL.so(StreamProcess.cpp-L0844)     Description:[GetOneFrame] PreFrameNum[8741], CurFrameNum[8745]     Solution:
Warning 2025-11-15 19:21:16  DevID:MV-CA013-A0UC(J06720615)  Source-Line:libMvUsb3vTL.so(StreamProcess.cpp-L1426)     Description:Delete one DataNode     Solution:Please confirm that there is a blocking operation when you grab frame
Warning 2025-11-15 19:21:16  DevID:MV-CA013-A0UC(J06720615)  Source-Line:libMvUsb3vTL.so(StreamProcess.cpp-L1426)     Description:Delete one DataNode     Solution:Please confirm that there is a blocking operation when you grab frame
Warning 2025-11-15 19:21:16  DevID:MV-CA013-A0UC(J06720615)  Source-Line:libMvUsb3vTL.so(StreamProcess.cpp-L1426)     Description:Delete one DataNode     Solution:Please confirm that there is a blocking operation when you grab frame
Warning 2025-11-15 19:21:16  DevID:MV-CA013-A0UC(J06720615)  Source-Line:libMvUsb3vTL.so(StreamProcess.cpp-L0844)     Description:[GetOneFrame] PreFrameNum[8745], CurFrameNum[8749]     Solution:
Warning 2025-11-15 19:21:16  DevID:MV-CA013-A0UC(J06720615)  Source-Line:libMvUsb3vTL.so(StreamProcess.cpp-L1426)     Description:Delete one DataNode     Solution:Please confirm that there is a blocking operation when you grab frame
Warning 2025-11-15 19:21:16  DevID:MV-CA013-A0UC(J06720615)  Source-Line:libMvUsb3vTL.so(StreamProcess.cpp-L1426)     Description:Delete one DataNode     Solution:Please confirm that there is a blocking operation when you grab frame
Warning 2025-11-15 19:21:16  DevID:MV-CA013-A0UC(J06720615)  Source-Line:libMvUsb3vTL.so(StreamProcess.cpp-L1426)     Description:Delete one DataNode     Solution:Please confirm that there is a blocking operation when you grab frame
Warning 2025-11-15 19:21:16  DevID:MV-CA013-A0UC(J06720615)  Source-Line:libMvUsb3vTL.so(StreamProcess.cpp-L0844)     Description:[GetOneFrame] PreFrameNum[8749], CurFrameNum[8753]     Solution:
Warning 2025-11-15 19:21:16  DevID:MV-CA013-A0UC(J06720615)  Source-Line:libMvUsb3vTL.so(StreamProcess.cpp-L1426)     Description:Delete one DataNode     Solution:Please confirm that there is a blocking operation when you grab frame
Warning 2025-11-15 19:21:16  DevID:MV-CA013-A0UC(J06720615)  Source-Line:libMvUsb3vTL.so(StreamProcess.cpp-L1426)     Description:Delete one DataNode     Solution:Please confirm that there is a blocking operation when you grab frame
Warning 2025-11-15 19:21:16  DevID:MV-CA013-A0UC(J06720615)  Source-Line:libMvUsb3vTL.so(StreamProcess.cpp-L1426)     Description:Delete one DataNode     Solution:Please confirm that there is a blocking operation when you grab frame
Warning 2025-11-15 19:21:16  DevID:MV-CA013-A0UC(J06720615)  Source-Line:libMvUsb3vTL.so(StreamProcess.cpp-L0844)     Description:[GetOneFrame] PreFrameNum[8753], CurFrameNum[8757]     Solution:
Warning 2025-11-15 19:21:16  DevID:MV-CA013-A0UC(J06720615)  Source-Line:libMvUsb3vTL.so(StreamProcess.cpp-L1426)     Description:Delete one DataNode     Solution:Please confirm that there is a blocking operation when you grab frame
Warning 2025-11-15 19:21:16  DevID:MV-CA013-A0UC(J06720615)  Source-Line:libMvUsb3vTL.so(StreamProcess.cpp-L1426)     Description:Delete one DataNode     Solution:Please confirm that there is a blocking operation when you grab frame
Warning 2025-11-15 19:21:16  DevID:MV-CA013-A0UC(J06720615)  Source-Line:libMvUsb3vTL.so(StreamProcess.cpp-L1426)     Description:Delete one DataNode     Solution:Please confirm that there is a blocking operation when you grab frame
Warning 2025-11-15 19:21:16  DevID:MV-CA013-A0UC(J06720615)  Source-Line:libMvUsb3vTL.so(StreamProcess.cpp-L0844)     Description:[GetOneFrame] PreFrameNum[8757], CurFrameNum[8761]     Solution:
Warning 2025-11-15 19:21:16  DevID:MV-CA013-A0UC(J06720615)  Source-Line:libMvUsb3vTL.so(StreamProcess.cpp-L1426)     Description:Delete one DataNode     Solution:Please confirm that there is a blocking operation when you grab frame
Warning 2025-11-15 19:21:16  DevID:MV-CA013-A0UC(J06720615)  Source-Line:libMvUsb3vTL.so(StreamProcess.cpp-L1426)     Description:Delete one DataNode     Solution:Please confirm that there is a blocking operation when you grab frame
Warning 2025-11-15 19:21:16  DevID:MV-CA013-A0UC(J06720615)  Source-Line:libMvUsb3vTL.so(StreamProcess.cpp-L1426)     Description:Delete one DataNode     Solution:Please confirm that there is a blocking operation when you grab frame
Warning 2025-11-15 19:21:16  DevID:MV-CA013-A0UC(J06720615)  Source-Line:libMvUsb3vTL.so(StreamProcess.cpp-L0844)     Description:[GetOneFrame] PreFrameNum[8761], CurFrameNum[8765]     Solution:
Warning 2025-11-15 19:21:16  DevID:MV-CA013-A0UC(J06720615)  Source-Line:libMvUsb3vTL.so(StreamProcess.cpp-L1426)     Description:Delete one DataNode     Solution:Please confirm that there is a blocking operation when you grab frame
Warning 2025-11-15 19:21:16  DevID:MV-CA013-A0UC(J06720615)  Source-Line:libMvUsb3vTL.so(StreamProcess.cpp-L1426)     Description:Delete one DataNode     Solution:Please confirm that there is a blocking operation when you grab frame
Warning 2025-11-15 19:21:16  DevID:MV-CA013-A0UC(J06720615)  Source-Line:libMvUsb3vTL.so(StreamProcess.cpp-L1426)     Description:Delete one DataNode     Solution:Please confirm that there is a blocking operation when you grab frame
Warning 2025-11-15 19:21:16  DevID:MV-CA013-A0UC(J06720615)  Source-Line:libMvUsb3vTL.so(StreamProcess.cpp-L0844)     Description:[GetOneFrame] PreFrameNum[8765], CurFrameNum[8769]     Solution:
Warning 2025-11-15 19:21:16  DevID:MV-CA013-A0UC(J06720615)  Source-Line:libMvUsb3vTL.so(StreamProcess.cpp-L1426)     Description:Delete one DataNode     Solution:Please confirm that there is a blocking operation when you grab frame
Warning 2025-11-15 19:21:16  DevID:MV-CA013-A0UC(J06720615)  Source-Line:libMvUsb3vTL.so(StreamProcess.cpp-L1426)     Description:Delete one DataNode     Solution:Please confirm that there is a blocking operation when you grab frame
Warning 2025-11-15 19:21:16  DevID:MV-CA013-A0UC(J06720615)  Source-Line:libMvUsb3vTL.so(StreamProcess.cpp-L1426)     Description:Delete one DataNode     Solution:Please confirm that there is a blocking operation when you grab frame
Warning 2025-11-15 19:21:16  DevID:MV-CA013-A0UC(J06720615)  Source-Line:libMvUsb3vTL.so(StreamProcess.cpp-L0844)     Description:[GetOneFrame] PreFrameNum[8769], CurFrameNum[8773]     Solution:
Warning 2025-11-15 19:21:16  DevID:MV-CA013-A0UC(J06720615)  Source-Line:libMvUsb3vTL.so(StreamProcess.cpp-L1426)     Description:Delete one DataNode     Solution:Please confirm that there is a blocking operation when you grab frame
Warning 2025-11-15 19:21:16  DevID:MV-CA013-A0UC(J06720615)  Source-Line:libMvUsb3vTL.so(StreamProcess.cpp-L1426)     Description:Delete one DataNode     Solution:Please confirm that there is a blocking operation when you grab frame
Warning 2025-11-15 19:21:16  DevID:MV-CA013-A0UC(J06720615)  Source-Line:libMvUsb3vTL.so(StreamProcess.cpp-L1426)     Description:Delete one DataNode     Solution:Please confirm that there is a blocking operation when you grab frame
Warning 2025-11-15 19:21:16  DevID:MV-CA013-A0UC(J06720615)  Source-Line:libMvUsb3vTL.so(StreamProcess.cpp-L0844)     Description:[GetOneFrame] PreFrameNum[8773], CurFrameNum[8777]     Solution:
Warning 2025-11-15 19:21:16  DevID:MV-CA013-A0UC(J06720615)  Source-Line:libMvUsb3vTL.so(StreamProcess.cpp-L1426)     Description:Delete one DataNode     Solution:Please confirm that there is a blocking operation when you grab frame
Warning 2025-11-15 19:21:16  DevID:MV-CA013-A0UC(J06720615)  Source-Line:libMvUsb3vTL.so(StreamProcess.cpp-L1426)     Description:Delete one DataNode     Solution:Please confirm that there is a blocking operation when you grab frame
Warning 2025-11-15 19:21:16  DevID:MV-CA013-A0UC(J06720615)  Source-Line:libMvUsb3vTL.so(StreamProcess.cpp-L1426)     Description:Delete one DataNode     Solution:Please confirm that there is a blocking operation when you grab frame
Warning 2025-11-15 19:21:16  DevID:MV-CA013-A0UC(J06720615)  Source-Line:libMvUsb3vTL.so(StreamProcess.cpp-L0844)     Description:[GetOneFrame] PreFrameNum[8777], CurFrameNum[8781]     Solution:
Warning 2025-11-15 19:21:16  DevID:MV-CA013-A0UC(J06720615)  Source-Line:libMvUsb3vTL.so(StreamProcess.cpp-L1426)     Description:Delete one DataNode     Solution:Please confirm that there is a blocking operation when you grab frame
Warning 2025-11-15 19:21:16  DevID:MV-CA013-A0UC(J06720615)  Source-Line:libMvUsb3vTL.so(StreamProcess.cpp-L1426)     Description:Delete one DataNode     Solution:Please confirm that there is a blocking operation when you grab frame
Warning 2025-11-15 19:21:16  DevID:MV-CA013-A0UC(J06720615)  Source-Line:libMvUsb3vTL.so(StreamProcess.cpp-L1426)     Description:Delete one DataNode     Solution:Please confirm that there is a blocking operation when you grab frame
Warning 2025-11-15 19:21:16  DevID:MV-CA013-A0UC(J06720615)  Source-Line:libMvUsb3vTL.so(StreamProcess.cpp-L0844)     Description:[GetOneFrame] PreFrameNum[8781], CurFrameNum[8785]     Solution:
Warning 2025-11-15 19:21:16  DevID:MV-CA013-A0UC(J06720615)  Source-Line:libMvUsb3vTL.so(StreamProcess.cpp-L1426)     Description:Delete one DataNode     Solution:Please confirm that there is a blocking operation when you grab frame
Warning 2025-11-15 19:21:16  DevID:MV-CA013-A0UC(J06720615)  Source-Line:libMvUsb3vTL.so(StreamProcess.cpp-L1426)     Description:Delete one DataNode     Solution:Please confirm that there is a blocking operation when you grab frame
Warning 2025-11-15 19:21:16  DevID:MV-CA013-A0UC(J06720615)  Source-Line:libMvUsb3vTL.so(StreamProcess.cpp-L1426)     Description:Delete one DataNode     Solution:Please confirm that there is a blocking operation when you grab frame
Warning 2025-11-15 19:21:16  DevID:MV-CA013-A0UC(J06720615)  Source-Line:libMvUsb3vTL.so(StreamProcess.cpp-L0844)     Description:[GetOneFrame] PreFrameNum[8785], CurFrameNum[8789]     Solution:
Warning 2025-11-15 19:21:16  DevID:MV-CA013-A0UC(J06720615)  Source-Line:libMvUsb3vTL.so(StreamProcess.cpp-L1426)     Description:Delete one DataNode     Solution:Please confirm that there is a blocking operation when you grab frame
Warning 2025-11-15 19:21:16  DevID:MV-CA013-A0UC(J06720615)  Source-Line:libMvUsb3vTL.so(StreamProcess.cpp-L1426)     Description:Delete one DataNode     Solution:Please confirm that there is a blocking operation when you grab frame
Warning 2025-11-15 19:21:16  DevID:MV-CA013-A0UC(J06720615)  Source-Line:libMvUsb3vTL.so(StreamProcess.cpp-L1426)     Description:Delete one DataNode     Solution:Please confirm that there is a blocking operation when you grab frame
Warning 2025-11-15 19:21:16  DevID:MV-CA013-A0UC(J06720615)  Source-Line:libMvUsb3vTL.so(StreamProcess.cpp-L0844)     Description:[GetOneFrame] PreFrameNum[8789], CurFrameNum[8793]     Solution:
Warning 2025-11-15 19:21:16  DevID:MV-CA013-A0UC(J06720615)  Source-Line:libMvUsb3vTL.so(StreamProcess.cpp-L1426)     Description:Delete one DataNode     Solution:Please confirm that there is a blocking operation when you grab frame
Warning 2025-11-15 19:21:16  DevID:MV-CA013-A0UC(J06720615)  Source-Line:libMvUsb3vTL.so(StreamProcess.cpp-L1426)     Description:Delete one DataNode     Solution:Please confirm that there is a blocking operation when you grab frame
Warning 2025-11-15 19:21:16  DevID:MV-CA013-A0UC(J06720615)  Source-Line:libMvUsb3vTL.so(StreamProcess.cpp-L1426)     Description:Delete one DataNode     Solution:Please confirm that there is a blocking operation when you grab frame
Warning 2025-11-15 19:21:16  DevID:MV-CA013-A0UC(J06720615)  Source-Line:libMvUsb3vTL.so(StreamProcess.cpp-L0844)     Description:[GetOneFrame] PreFrameNum[8793], CurFrameNum[8797]     Solution:
Warning 2025-11-15 19:21:16  DevID:MV-CA013-A0UC(J06720615)  Source-Line:libMvUsb3vTL.so(StreamProcess.cpp-L1426)     Description:Delete one DataNode     Solution:Please confirm that there is a blocking operation when you grab frame
Warning 2025-11-15 19:21:16  DevID:MV-CA013-A0UC(J06720615)  Source-Line:libMvUsb3vTL.so(StreamProcess.cpp-L1426)     Description:Delete one DataNode     Solution:Please confirm that there is a blocking operation when you grab frame
Warning 2025-11-15 19:21:16  DevID:MV-CA013-A0UC(J06720615)  Source-Line:libMvUsb3vTL.so(StreamProcess.cpp-L1426)     Description:Delete one DataNode     Solution:Please confirm that there is a blocking operation when you grab frame
Warning 2025-11-15 19:21:16  DevID:MV-CA013-A0UC(J06720615)  Source-Line:libMvUsb3vTL.so(StreamProcess.cpp-L0844)     Description:[GetOneFrame] PreFrameNum[8797], CurFrameNum[8801]     Solution:
Warning 2025-11-15 19:21:16  DevID:MV-CA013-A0UC(J06720615)  Source-Line:libMvUsb3vTL.so(StreamProcess.cpp-L1426)     Description:Delete one DataNode     Solution:Please confirm that there is a blocking operation when you grab frame
Warning 2025-11-15 19:21:16  DevID:MV-CA013-A0UC(J06720615)  Source-Line:libMvUsb3vTL.so(StreamProcess.cpp-L1426)     Description:Delete one DataNode     Solution:Please confirm that there is a blocking operation when you grab frame
Warning 2025-11-15 19:21:16  DevID:MV-CA013-A0UC(J06720615)  Source-Line:libMvUsb3vTL.so(StreamProcess.cpp-L1426)     Description:Delete one DataNode     Solution:Please confirm that there is a blocking operation when you grab frame
Warning 2025-11-15 19:21:16  DevID:MV-CA013-A0UC(J06720615)  Source-Line:libMvUsb3vTL.so(StreamProcess.cpp-L0844)     Description:[GetOneFrame] PreFrameNum[8801], CurFrameNum[8805]     Solution:
Warning 2025-11-15 19:21:16  DevID:MV-CA013-A0UC(J06720615)  Source-Line:libMvUsb3vTL.so(StreamProcess.cpp-L1426)     Description:Delete one DataNode     Solution:Please confirm that there is a blocking operation when you grab frame
Warning 2025-11-15 19:21:16  DevID:MV-CA013-A0UC(J06720615)  Source-Line:libMvUsb3vTL.so(StreamProcess.cpp-L1426)     Description:Delete one DataNode     Solution:Please confirm that there is a blocking operation when you grab frame
Warning 2025-11-15 19:21:16  DevID:MV-CA013-A0UC(J06720615)  Source-Line:libMvUsb3vTL.so(StreamProcess.cpp-L1426)     Description:Delete one DataNode     Solution:Please confirm that there is a blocking operation when you grab frame
Warning 2025-11-15 19:21:16  DevID:MV-CA013-A0UC(J06720615)  Source-Line:libMvUsb3vTL.so(StreamProcess.cpp-L0844)     Description:[GetOneFrame] PreFrameNum[8805], CurFrameNum[8809]     Solution:
Warning 2025-11-15 19:21:16  DevID:MV-CA013-A0UC(J06720615)  Source-Line:libMvUsb3vTL.so(StreamProcess.cpp-L1426)     Description:Delete one DataNode     Solution:Please confirm that there is a blocking operation when you grab frame
Warning 2025-11-15 19:21:16  DevID:MV-CA013-A0UC(J06720615)  Source-Line:libMvUsb3vTL.so(StreamProcess.cpp-L1426)     Description:Delete one DataNode     Solution:Please confirm that there is a blocking operation when you grab frame
Warning 2025-11-15 19:21:16  DevID:MV-CA013-A0UC(J06720615)  Source-Line:libMvUsb3vTL.so(StreamProcess.cpp-L1426)     Description:Delete one DataNode     Solution:Please confirm that there is a blocking operation when you grab frame
Warning 2025-11-15 19:21:16  DevID:MV-CA013-A0UC(J06720615)  Source-Line:libMvUsb3vTL.so(StreamProcess.cpp-L0844)     Description:[GetOneFrame] PreFrameNum[8809], CurFrameNum[8813]     Solution:
Warning 2025-11-15 19:21:16  DevID:MV-CA013-A0UC(J06720615)  Source-Line:libMvUsb3vTL.so(StreamProcess.cpp-L1426)     Description:Delete one DataNode     Solution:Please confirm that there is a blocking operation when you grab frame
Warning 2025-11-15 19:21:16  DevID:MV-CA013-A0UC(J06720615)  Source-Line:libMvUsb3vTL.so(StreamProcess.cpp-L1426)     Description:Delete one DataNode     Solution:Please confirm that there is a blocking operation when you grab frame
Warning 2025-11-15 19:21:16  DevID:MV-CA013-A0UC(J06720615)  Source-Line:libMvUsb3vTL.so(StreamProcess.cpp-L1426)     Description:Delete one DataNode     Solution:Please confirm that there is a blocking operation when you grab frame
Warning 2025-11-15 19:21:16  DevID:MV-CA013-A0UC(J06720615)  Source-Line:libMvUsb3vTL.so(StreamProcess.cpp-L0844)     Description:[GetOneFrame] PreFrameNum[8813], CurFrameNum[8817]     Solution:
Warning 2025-11-15 19:21:16  DevID:MV-CA013-A0UC(J06720615)  Source-Line:libMvUsb3vTL.so(StreamProcess.cpp-L1426)     Description:Delete one DataNode     Solution:Please confirm that there is a blocking operation when you grab frame
Warning 2025-11-15 19:21:16  DevID:MV-CA013-A0UC(J06720615)  Source-Line:libMvUsb3vTL.so(StreamProcess.cpp-L1426)     Description:Delete one DataNode     Solution:Please confirm that there is a blocking operation when you grab frame
Warning 2025-11-15 19:21:16  DevID:MV-CA013-A0UC(J06720615)  Source-Line:libMvUsb3vTL.so(StreamProcess.cpp-L1426)     Description:Delete one DataNode     Solution:Please confirm that there is a blocking operation when you grab frame
Warning 2025-11-15 19:21:16  DevID:MV-CA013-A0UC(J06720615)  Source-Line:libMvUsb3vTL.so(StreamProcess.cpp-L0844)     Description:[GetOneFrame] PreFrameNum[8817], CurFrameNum[8821]     Solution:
Warning 2025-11-15 19:21:16  DevID:MV-CA013-A0UC(J06720615)  Source-Line:libMvUsb3vTL.so(StreamProcess.cpp-L1426)     Description:Delete one DataNode     Solution:Please confirm that there is a blocking operation when you grab frame
Warning 2025-11-15 19:21:16  DevID:MV-CA013-A0UC(J06720615)  Source-Line:libMvUsb3vTL.so(StreamProcess.cpp-L1426)     Description:Delete one DataNode     Solution:Please confirm that there is a blocking operation when you grab frame
Warning 2025-11-15 19:21:16  DevID:MV-CA013-A0UC(J06720615)  Source-Line:libMvUsb3vTL.so(StreamProcess.cpp-L1426)     Description:Delete one DataNode     Solution:Please confirm that there is a blocking operation when you grab frame
Warning 2025-11-15 19:21:16  DevID:MV-CA013-A0UC(J06720615)  Source-Line:libMvUsb3vTL.so(StreamProcess.cpp-L0844)     Description:[GetOneFrame] PreFrameNum[8821], CurFrameNum[8825]     Solution:
Warning 2025-11-15 19:21:16  DevID:MV-CA013-A0UC(J06720615)  Source-Line:libMvUsb3vTL.so(StreamProcess.cpp-L1426)     Description:Delete one DataNode     Solution:Please confirm that there is a blocking operation when you grab frame
Warning 2025-11-15 19:21:16  DevID:MV-CA013-A0UC(J06720615)  Source-Line:libMvUsb3vTL.so(StreamProcess.cpp-L1426)     Description:Delete one DataNode     Solution:Please confirm that there is a blocking operation when you grab frame
Warning 2025-11-15 19:21:16  DevID:MV-CA013-A0UC(J06720615)  Source-Line:libMvUsb3vTL.so(StreamProcess.cpp-L1426)     Description:Delete one DataNode     Solution:Please confirm that there is a blocking operation when you grab frame
Warning 2025-11-15 19:21:16  DevID:MV-CA013-A0UC(J06720615)  Source-Line:libMvUsb3vTL.so(StreamProcess.cpp-L0844)     Description:[GetOneFrame] PreFrameNum[8825], CurFrameNum[8829]     Solution:
Warning 2025-11-15 19:21:16  DevID:MV-CA013-A0UC(J06720615)  Source-Line:libMvUsb3vTL.so(StreamProcess.cpp-L1426)     Description:Delete one DataNode     Solution:Please confirm that there is a blocking operation when you grab frame
Warning 2025-11-15 19:21:16  DevID:MV-CA013-A0UC(J06720615)  Source-Line:libMvUsb3vTL.so(StreamProcess.cpp-L1426)     Description:Delete one DataNode     Solution:Please confirm that there is a blocking operation when you grab frame
Warning 2025-11-15 19:21:16  DevID:MV-CA013-A0UC(J06720615)  Source-Line:libMvUsb3vTL.so(StreamProcess.cpp-L1426)     Description:Delete one DataNode     Solution:Please confirm that there is a blocking operation when you grab frame
Warning 2025-11-15 19:21:16  DevID:MV-CA013-A0UC(J06720615)  Source-Line:libMvUsb3vTL.so(StreamProcess.cpp-L0844)     Description:[GetOneFrame] PreFrameNum[8829], CurFrameNum[8833]     Solution:
Warning 2025-11-15 19:21:16  DevID:MV-CA013-A0UC(J06720615)  Source-Line:libMvUsb3vTL.so(StreamProcess.cpp-L1426)     Description:Delete one DataNode     Solution:Please confirm that there is a blocking operation when you grab frame
Warning 2025-11-15 19:21:16  DevID:MV-CA013-A0UC(J06720615)  Source-Line:libMvUsb3vTL.so(StreamProcess.cpp-L1426)     Description:Delete one DataNode     Solution:Please confirm that there is a blocking operation when you grab frame
Warning 2025-11-15 19:21:16  DevID:MV-CA013-A0UC(J06720615)  Source-Line:libMvUsb3vTL.so(StreamProcess.cpp-L1426)     Description:Delete one DataNode     Solution:Please confirm that there is a blocking operation when you grab frame
Warning 2025-11-15 19:21:16  DevID:MV-CA013-A0UC(J06720615)  Source-Line:libMvUsb3vTL.so(StreamProcess.cpp-L0844)     Description:[GetOneFrame] PreFrameNum[8833], CurFrameNum[8837]     Solution:
Warning 2025-11-15 19:21:16  DevID:MV-CA013-A0UC(J06720615)  Source-Line:libMvUsb3vTL.so(StreamProcess.cpp-L1426)     Description:Delete one DataNode     Solution:Please confirm that there is a blocking operation when you grab frame
Warning 2025-11-15 19:21:16  DevID:MV-CA013-A0UC(J06720615)  Source-Line:libMvUsb3vTL.so(StreamProcess.cpp-L1426)     Description:Delete one DataNode     Solution:Please confirm that there is a blocking operation when you grab frame
Warning 2025-11-15 19:21:16  DevID:MV-CA013-A0UC(J06720615)  Source-Line:libMvUsb3vTL.so(StreamProcess.cpp-L1426)     Description:Delete one DataNode     Solution:Please confirm that there is a blocking operation when you grab frame
Warning 2025-11-15 19:21:16  DevID:MV-CA013-A0UC(J06720615)  Source-Line:libMvUsb3vTL.so(StreamProcess.cpp-L0844)     Description:[GetOneFrame] PreFrameNum[8837], CurFrameNum[8841]     Solution:
Warning 2025-11-15 19:21:16  DevID:MV-CA013-A0UC(J06720615)  Source-Line:libMvUsb3vTL.so(StreamProcess.cpp-L1426)     Description:Delete one DataNode     Solution:Please confirm that there is a blocking operation when you grab frame
Warning 2025-11-15 19:21:16  DevID:MV-CA013-A0UC(J06720615)  Source-Line:libMvUsb3vTL.so(StreamProcess.cpp-L1426)     Description:Delete one DataNode     Solution:Please confirm that there is a blocking operation when you grab frame
Warning 2025-11-15 19:21:16  DevID:MV-CA013-A0UC(J06720615)  Source-Line:libMvUsb3vTL.so(StreamProcess.cpp-L1426)     Description:Delete one DataNode     Solution:Please confirm that there is a blocking operation when you grab frame
Warning 2025-11-15 19:21:16  DevID:MV-CA013-A0UC(J06720615)  Source-Line:libMvUsb3vTL.so(StreamProcess.cpp-L0844)     Description:[GetOneFrame] PreFrameNum[8841], CurFrameNum[8845]     Solution:
Warning 2025-11-15 19:21:16  DevID:MV-CA013-A0UC(J06720615)  Source-Line:libMvUsb3vTL.so(StreamProcess.cpp-L1426)     Description:Delete one DataNode     Solution:Please confirm that there is a blocking operation when you grab frame
Warning 2025-11-15 19:21:16  DevID:MV-CA013-A0UC(J06720615)  Source-Line:libMvUsb3vTL.so(StreamProcess.cpp-L1426)     Description:Delete one DataNode     Solution:Please confirm that there is a blocking operation when you grab frame
Warning 2025-11-15 19:21:16  DevID:MV-CA013-A0UC(J06720615)  Source-Line:libMvUsb3vTL.so(StreamProcess.cpp-L1426)     Description:Delete one DataNode     Solution:Please confirm that there is a blocking operation when you grab frame
Warning 2025-11-15 19:21:16  DevID:MV-CA013-A0UC(J06720615)  Source-Line:libMvUsb3vTL.so(StreamProcess.cpp-L0844)     Description:[GetOneFrame] PreFrameNum[8845], CurFrameNum[8849]     Solution:
Warning 2025-11-15 19:21:16  DevID:MV-CA013-A0UC(J06720615)  Source-Line:libMvUsb3vTL.so(StreamProcess.cpp-L1426)     Description:Delete one DataNode     Solution:Please confirm that there is a blocking operation when you grab frame
Warning 2025-11-15 19:21:16  DevID:MV-CA013-A0UC(J06720615)  Source-Line:libMvUsb3vTL.so(StreamProcess.cpp-L1426)     Description:Delete one DataNode     Solution:Please confirm that there is a blocking operation when you grab frame
Warning 2025-11-15 19:21:16  DevID:MV-CA013-A0UC(J06720615)  Source-Line:libMvUsb3vTL.so(StreamProcess.cpp-L1426)     Description:Delete one DataNode     Solution:Please confirm that there is a blocking operation when you grab frame
Warning 2025-11-15 19:21:16  DevID:MV-CA013-A0UC(J06720615)  Source-Line:libMvUsb3vTL.so(StreamProcess.cpp-L0844)     Description:[GetOneFrame] PreFrameNum[8849], CurFrameNum[8853]     Solution:
Warning 2025-11-15 19:21:16  DevID:MV-CA013-A0UC(J06720615)  Source-Line:libMvUsb3vTL.so(StreamProcess.cpp-L1426)     Description:Delete one DataNode     Solution:Please confirm that there is a blocking operation when you grab frame
Warning 2025-11-15 19:21:16  DevID:MV-CA013-A0UC(J06720615)  Source-Line:libMvUsb3vTL.so(StreamProcess.cpp-L1426)     Description:Delete one DataNode     Solution:Please confirm that there is a blocking operation when you grab frame
Warning 2025-11-15 19:21:16  DevID:MV-CA013-A0UC(J06720615)  Source-Line:libMvUsb3vTL.so(StreamProcess.cpp-L1426)     Description:Delete one DataNode     Solution:Please confirm that there is a blocking operation when you grab frame
Warning 2025-11-15 19:21:16  DevID:MV-CA013-A0UC(J06720615)  Source-Line:libMvUsb3vTL.so(StreamProcess.cpp-L0844)     Description:[GetOneFrame] PreFrameNum[8853], CurFrameNum[8857]     Solution:
Warning 2025-11-15 19:21:16  DevID:MV-CA013-A0UC(J06720615)  Source-Line:libMvUsb3vTL.so(StreamProcess.cpp-L1426)     Description:Delete one DataNode     Solution:Please confirm that there is a blocking operation when you grab frame
Warning 2025-11-15 19:21:16  DevID:MV-CA013-A0UC(J06720615)  Source-Line:libMvUsb3vTL.so(StreamProcess.cpp-L1426)     Description:Delete one DataNode     Solution:Please confirm that there is a blocking operation when you grab frame
Warning 2025-11-15 19:21:16  DevID:MV-CA013-A0UC(J06720615)  Source-Line:libMvUsb3vTL.so(StreamProcess.cpp-L1426)     Description:Delete one DataNode     Solution:Please confirm that there is a blocking operation when you grab frame
Warning 2025-11-15 19:21:16  DevID:MV-CA013-A0UC(J06720615)  Source-Line:libMvUsb3vTL.so(StreamProcess.cpp-L0844)     Description:[GetOneFrame] PreFrameNum[8857], CurFrameNum[8861]     Solution:
Warning 2025-11-15 19:21:16  DevID:MV-CA013-A0UC(J06720615)  Source-Line:libMvUsb3vTL.so(StreamProcess.cpp-L1426)     Description:Delete one DataNode     Solution:Please confirm that there is a blocking operation when you grab frame
Warning 2025-11-15 19:21:16  DevID:MV-CA013-A0UC(J06720615)  Source-Line:libMvUsb3vTL.so(StreamProcess.cpp-L1426)     Description:Delete one DataNode     Solution:Please confirm that there is a blocking operation when you grab frame
Warning 2025-11-15 19:21:16  DevID:MV-CA013-A0UC(J06720615)  Source-Line:libMvUsb3vTL.so(StreamProcess.cpp-L1426)     Description:Delete one DataNode     Solution:Please confirm that there is a blocking operation when you grab frame
Warning 2025-11-15 19:21:16  DevID:MV-CA013-A0UC(J06720615)  Source-Line:libMvUsb3vTL.so(StreamProcess.cpp-L0844)     Description:[GetOneFrame] PreFrameNum[8861], CurFrameNum[8865]     Solution:
Warning 2025-11-15 19:21:16  DevID:MV-CA013-A0UC(J06720615)  Source-Line:libMvUsb3vTL.so(StreamProcess.cpp-L1426)     Description:Delete one DataNode     Solution:Please confirm that there is a blocking operation when you grab frame
Warning 2025-11-15 19:21:16  DevID:MV-CA013-A0UC(J06720615)  Source-Line:libMvUsb3vTL.so(StreamProcess.cpp-L1426)     Description:Delete one DataNode     Solution:Please confirm that there is a blocking operation when you grab frame
Warning 2025-11-15 19:21:16  DevID:MV-CA013-A0UC(J06720615)  Source-Line:libMvUsb3vTL.so(StreamProcess.cpp-L1426)     Description:Delete one DataNode     Solution:Please confirm that there is a blocking operation when you grab frame
Warning 2025-11-15 19:21:16  DevID:MV-CA013-A0UC(J06720615)  Source-Line:libMvUsb3vTL.so(StreamProcess.cpp-L0844)     Description:[GetOneFrame] PreFrameNum[8865], CurFrameNum[8869]     Solution:
Warning 2025-11-15 19:21:16  DevID:MV-CA013-A0UC(J06720615)  Source-Line:libMvUsb3vTL.so(StreamProcess.cpp-L1426)     Description:Delete one DataNode     Solution:Please confirm that there is a blocking operation when you grab frame
Warning 2025-11-15 19:21:16  DevID:MV-CA013-A0UC(J06720615)  Source-Line:libMvUsb3vTL.so(StreamProcess.cpp-L1426)     Description:Delete one DataNode     Solution:Please confirm that there is a blocking operation when you grab frame
Warning 2025-11-15 19:21:16  DevID:MV-CA013-A0UC(J06720615)  Source-Line:libMvUsb3vTL.so(StreamProcess.cpp-L1426)     Description:Delete one DataNode     Solution:Please confirm that there is a blocking operation when you grab frame
Warning 2025-11-15 19:21:16  DevID:MV-CA013-A0UC(J06720615)  Source-Line:libMvUsb3vTL.so(StreamProcess.cpp-L0844)     Description:[GetOneFrame] PreFrameNum[8869], CurFrameNum[8873]     Solution:
Warning 2025-11-15 19:21:16  DevID:MV-CA013-A0UC(J06720615)  Source-Line:libMvUsb3vTL.so(StreamProcess.cpp-L1426)     Description:Delete one DataNode     Solution:Please confirm that there is a blocking operation when you grab frame
Warning 2025-11-15 19:21:16  DevID:MV-CA013-A0UC(J06720615)  Source-Line:libMvUsb3vTL.so(StreamProcess.cpp-L1426)     Description:Delete one DataNode     Solution:Please confirm that there is a blocking operation when you grab frame
Warning 2025-11-15 19:21:16  DevID:MV-CA013-A0UC(J06720615)  Source-Line:libMvUsb3vTL.so(StreamProcess.cpp-L1426)     Description:Delete one DataNode     Solution:Please confirm that there is a blocking operation when you grab frame
Warning 2025-11-15 19:21:16  DevID:MV-CA013-A0UC(J06720615)  Source-Line:libMvUsb3vTL.so(StreamProcess.cpp-L0844)     Description:[GetOneFrame] PreFrameNum[8873], CurFrameNum[8877]     Solution:
Warning 2025-11-15 19:21:16  DevID:MV-CA013-A0UC(J06720615)  Source-Line:libMvUsb3vTL.so(StreamProcess.cpp-L1426)     Description:Delete one DataNode     Solution:Please confirm that there is a blocking operation when you grab frame
Warning 2025-11-15 19:21:16  DevID:MV-CA013-A0UC(J06720615)  Source-Line:libMvUsb3vTL.so(StreamProcess.cpp-L1426)     Description:Delete one DataNode     Solution:Please confirm that there is a blocking operation when you grab frame
Warning 2025-11-15 19:21:16  DevID:MV-CA013-A0UC(J06720615)  Source-Line:libMvUsb3vTL.so(StreamProcess.cpp-L1426)     Description:Delete one DataNode     Solution:Please confirm that there is a blocking operation when you grab frame
Warning 2025-11-15 19:21:16  DevID:MV-CA013-A0UC(J06720615)  Source-Line:libMvUsb3vTL.so(StreamProcess.cpp-L0844)     Description:[GetOneFrame] PreFrameNum[8877], CurFrameNum[8881]     Solution:
Warning 2025-11-15 19:21:16  DevID:MV-CA013-A0UC(J06720615)  Source-Line:libMvUsb3vTL.so(StreamProcess.cpp-L1426)     Description:Delete one DataNode     Solution:Please confirm that there is a blocking operation when you grab frame
Warning 2025-11-15 19:21:16  DevID:MV-CA013-A0UC(J06720615)  Source-Line:libMvUsb3vTL.so(StreamProcess.cpp-L1426)     Description:Delete one DataNode     Solution:Please confirm that there is a blocking operation when you grab frame
Warning 2025-11-15 19:21:16  DevID:MV-CA013-A0UC(J06720615)  Source-Line:libMvUsb3vTL.so(StreamProcess.cpp-L1426)     Description:Delete one DataNode     Solution:Please confirm that there is a blocking operation when you grab frame
Warning 2025-11-15 19:21:16  DevID:MV-CA013-A0UC(J06720615)  Source-Line:libMvUsb3vTL.so(StreamProcess.cpp-L0844)     Description:[GetOneFrame] PreFrameNum[8881], CurFrameNum[8885]     Solution:
Warning 2025-11-15 19:21:16  DevID:MV-CA013-A0UC(J06720615)  Source-Line:libMvUsb3vTL.so(StreamProcess.cpp-L1426)     Description:Delete one DataNode     Solution:Please confirm that there is a blocking operation when you grab frame
Warning 2025-11-15 19:21:16  DevID:MV-CA013-A0UC(J06720615)  Source-Line:libMvUsb3vTL.so(StreamProcess.cpp-L1426)     Description:Delete one DataNode     Solution:Please confirm that there is a blocking operation when you grab frame
Warning 2025-11-15 19:21:16  DevID:MV-CA013-A0UC(J06720615)  Source-Line:libMvUsb3vTL.so(StreamProcess.cpp-L1426)     Description:Delete one DataNode     Solution:Please confirm that there is a blocking operation when you grab frame
Warning 2025-11-15 19:21:16  DevID:MV-CA013-A0UC(J06720615)  Source-Line:libMvUsb3vTL.so(StreamProcess.cpp-L0844)     Description:[GetOneFrame] PreFrameNum[8885], CurFrameNum[8889]     Solution:
Warning 2025-11-15 19:21:16  DevID:MV-CA013-A0UC(J06720615)  Source-Line:libMvUsb3vTL.so(StreamProcess.cpp-L1426)     Description:Delete one DataNode     Solution:Please confirm that there is a blocking operation when you grab frame
Warning 2025-11-15 19:21:16  DevID:MV-CA013-A0UC(J06720615)  Source-Line:libMvUsb3vTL.so(StreamProcess.cpp-L1426)     Description:Delete one DataNode     Solution:Please confirm that there is a blocking operation when you grab frame
Warning 2025-11-15 19:21:16  DevID:MV-CA013-A0UC(J06720615)  Source-Line:libMvUsb3vTL.so(StreamProcess.cpp-L1426)     Description:Delete one DataNode     Solution:Please confirm that there is a blocking operation when you grab frame
Warning 2025-11-15 19:21:16  DevID:MV-CA013-A0UC(J06720615)  Source-Line:libMvUsb3vTL.so(StreamProcess.cpp-L0844)     Description:[GetOneFrame] PreFrameNum[8889], CurFrameNum[8893]     Solution:
Warning 2025-11-15 19:21:16  DevID:MV-CA013-A0UC(J06720615)  Source-Line:libMvUsb3vTL.so(StreamProcess.cpp-L1426)     Description:Delete one DataNode     Solution:Please confirm that there is a blocking operation when you grab frame
Warning 2025-11-15 19:21:16  DevID:MV-CA013-A0UC(J06720615)  Source-Line:libMvUsb3vTL.so(StreamProcess.cpp-L1426)     Description:Delete one DataNode     Solution:Please confirm that there is a blocking operation when you grab frame
Warning 2025-11-15 19:21:16  DevID:MV-CA013-A0UC(J06720615)  Source-Line:libMvUsb3vTL.so(StreamProcess.cpp-L1426)     Description:Delete one DataNode     Solution:Please confirm that there is a blocking operation when you grab frame
Warning 2025-11-15 19:21:16  DevID:MV-CA013-A0UC(J06720615)  Source-Line:libMvUsb3vTL.so(StreamProcess.cpp-L0844)     Description:[GetOneFrame] PreFrameNum[8893], CurFrameNum[8897]     Solution:
Warning 2025-11-15 19:21:16  DevID:MV-CA013-A0UC(J06720615)  Source-Line:libMvUsb3vTL.so(StreamProcess.cpp-L1426)     Description:Delete one DataNode     Solution:Please confirm that there is a blocking operation when you grab frame
Warning 2025-11-15 19:21:16  DevID:MV-CA013-A0UC(J06720615)  Source-Line:libMvUsb3vTL.so(StreamProcess.cpp-L1426)     Description:Delete one DataNode     Solution:Please confirm that there is a blocking operation when you grab frame
Warning 2025-11-15 19:21:16  DevID:MV-CA013-A0UC(J06720615)  Source-Line:libMvUsb3vTL.so(StreamProcess.cpp-L1426)     Description:Delete one DataNode     Solution:Please confirm that there is a blocking operation when you grab frame
Warning 2025-11-15 19:21:16  DevID:MV-CA013-A0UC(J06720615)  Source-Line:libMvUsb3vTL.so(StreamProcess.cpp-L0844)     Description:[GetOneFrame] PreFrameNum[8897], CurFrameNum[8901]     Solution:
Warning 2025-11-15 19:21:16  DevID:MV-CA013-A0UC(J06720615)  Source-Line:libMvUsb3vTL.so(StreamProcess.cpp-L1426)     Description:Delete one DataNode     Solution:Please confirm that there is a blocking operation when you grab frame
Warning 2025-11-15 19:21:16  DevID:MV-CA013-A0UC(J06720615)  Source-Line:libMvUsb3vTL.so(StreamProcess.cpp-L1426)     Description:Delete one DataNode     Solution:Please confirm that there is a blocking operation when you grab frame
Warning 2025-11-15 19:21:16  DevID:MV-CA013-A0UC(J06720615)  Source-Line:libMvUsb3vTL.so(StreamProcess.cpp-L1426)     Description:Delete one DataNode     Solution:Please confirm that there is a blocking operation when you grab frame
Warning 2025-11-15 19:21:16  DevID:MV-CA013-A0UC(J06720615)  Source-Line:libMvUsb3vTL.so(StreamProcess.cpp-L0844)     Description:[GetOneFrame] PreFrameNum[8901], CurFrameNum[8905]     Solution:
Warning 2025-11-15 19:21:16  DevID:MV-CA013-A0UC(J06720615)  Source-Line:libMvUsb3vTL.so(StreamProcess.cpp-L1426)     Description:Delete one DataNode     Solution:Please confirm that there is a blocking operation when you grab frame
Warning 2025-11-15 19:21:16  DevID:MV-CA013-A0UC(J06720615)  Source-Line:libMvUsb3vTL.so(StreamProcess.cpp-L1426)     Description:Delete one DataNode     Solution:Please confirm that there is a blocking operation when you grab frame
Warning 2025-11-15 19:21:16  DevID:MV-CA013-A0UC(J06720615)  Source-Line:libMvUsb3vTL.so(StreamProcess.cpp-L1426)     Description:Delete one DataNode     Solution:Please confirm that there is a blocking operation when you grab frame
Warning 2025-11-15 19:21:16  DevID:MV-CA013-A0UC(J06720615)  Source-Line:libMvUsb3vTL.so(StreamProcess.cpp-L0844)     Description:[GetOneFrame] PreFrameNum[8905], CurFrameNum[8909]     Solution:
Warning 2025-11-15 19:21:16  DevID:MV-CA013-A0UC(J06720615)  Source-Line:libMvUsb3vTL.so(StreamProcess.cpp-L1426)     Description:Delete one DataNode     Solution:Please confirm that there is a blocking operation when you grab frame
Warning 2025-11-15 19:21:16  DevID:MV-CA013-A0UC(J06720615)  Source-Line:libMvUsb3vTL.so(StreamProcess.cpp-L1426)     Description:Delete one DataNode     Solution:Please confirm that there is a blocking operation when you grab frame
Warning 2025-11-15 19:21:16  DevID:MV-CA013-A0UC(J06720615)  Source-Line:libMvUsb3vTL.so(StreamProcess.cpp-L1426)     Description:Delete one DataNode     Solution:Please confirm that there is a blocking operation when you grab frame
Warning 2025-11-15 19:21:16  DevID:MV-CA013-A0UC(J06720615)  Source-Line:libMvUsb3vTL.so(StreamProcess.cpp-L0844)     Description:[GetOneFrame] PreFrameNum[8909], CurFrameNum[8913]     Solution:
Warning 2025-11-15 19:21:16  DevID:MV-CA013-A0UC(J06720615)  Source-Line:libMvUsb3vTL.so(StreamProcess.cpp-L1426)     Description:Delete one DataNode     Solution:Please confirm that there is a blocking operation when you grab frame
Warning 2025-11-15 19:21:16  DevID:MV-CA013-A0UC(J06720615)  Source-Line:libMvUsb3vTL.so(StreamProcess.cpp-L1426)     Description:Delete one DataNode     Solution:Please confirm that there is a blocking operation when you grab frame
Warning 2025-11-15 19:21:16  DevID:MV-CA013-A0UC(J06720615)  Source-Line:libMvUsb3vTL.so(StreamProcess.cpp-L1426)     Description:Delete one DataNode     Solution:Please confirm that there is a blocking operation when you grab frame
Warning 2025-11-15 19:21:16  DevID:MV-CA013-A0UC(J06720615)  Source-Line:libMvUsb3vTL.so(StreamProcess.cpp-L0844)     Description:[GetOneFrame] PreFrameNum[8913], CurFrameNum[8917]     Solution:
Warning 2025-11-15 19:21:16  DevID:MV-CA013-A0UC(J06720615)  Source-Line:libMvUsb3vTL.so(StreamProcess.cpp-L1426)     Description:Delete one DataNode     Solution:Please confirm that there is a blocking operation when you grab frame
Warning 2025-11-15 19:21:16  DevID:MV-CA013-A0UC(J06720615)  Source-Line:libMvUsb3vTL.so(StreamProcess.cpp-L1426)     Description:Delete one DataNode     Solution:Please confirm that there is a blocking operation when you grab frame
Warning 2025-11-15 19:21:16  DevID:MV-CA013-A0UC(J06720615)  Source-Line:libMvUsb3vTL.so(StreamProcess.cpp-L1426)     Description:Delete one DataNode     Solution:Please confirm that there is a blocking operation when you grab frame
Warning 2025-11-15 19:21:16  DevID:MV-CA013-A0UC(J06720615)  Source-Line:libMvUsb3vTL.so(StreamProcess.cpp-L0844)     Description:[GetOneFrame] PreFrameNum[8917], CurFrameNum[8921]     Solution:
Warning 2025-11-15 19:21:16  DevID:MV-CA013-A0UC(J06720615)  Source-Line:libMvUsb3vTL.so(StreamProcess.cpp-L1426)     Description:Delete one DataNode     Solution:Please confirm that there is a blocking operation when you grab frame
Warning 2025-11-15 19:21:16  DevID:MV-CA013-A0UC(J06720615)  Source-Line:libMvUsb3vTL.so(StreamProcess.cpp-L1426)     Description:Delete one DataNode     Solution:Please confirm that there is a blocking operation when you grab frame
Warning 2025-11-15 19:21:16  DevID:MV-CA013-A0UC(J06720615)  Source-Line:libMvUsb3vTL.so(StreamProcess.cpp-L1426)     Description:Delete one DataNode     Solution:Please confirm that there is a blocking operation when you grab frame
Warning 2025-11-15 19:21:16  DevID:MV-CA013-A0UC(J06720615)  Source-Line:libMvUsb3vTL.so(StreamProcess.cpp-L0844)     Description:[GetOneFrame] PreFrameNum[8921], CurFrameNum[8925]     Solution:
Warning 2025-11-15 19:21:16  DevID:MV-CA013-A0UC(J06720615)  Source-Line:libMvUsb3vTL.so(StreamProcess.cpp-L1426)     Description:Delete one DataNode     Solution:Please confirm that there is a blocking operation when you grab frame
Warning 2025-11-15 19:21:16  DevID:MV-CA013-A0UC(J06720615)  Source-Line:libMvUsb3vTL.so(StreamProcess.cpp-L1426)     Description:Delete one DataNode     Solution:Please confirm that there is a blocking operation when you grab frame
Warning 2025-11-15 19:21:16  DevID:MV-CA013-A0UC(J06720615)  Source-Line:libMvUsb3vTL.so(StreamProcess.cpp-L1426)     Description:Delete one DataNode     Solution:Please confirm that there is a blocking operation when you grab frame
Warning 2025-11-15 19:21:17  DevID:MV-CA013-A0UC(J06720615)  Source-Line:libMvUsb3vTL.so(StreamProcess.cpp-L0844)     Description:[GetOneFrame] PreFrameNum[8925], CurFrameNum[8929]     Solution:
Warning 2025-11-15 19:21:17  DevID:MV-CA013-A0UC(J06720615)  Source-Line:libMvUsb3vTL.so(StreamProcess.cpp-L1426)     Description:Delete one DataNode     Solution:Please confirm that there is a blocking operation when you grab frame
Warning 2025-11-15 19:21:17  DevID:MV-CA013-A0UC(J06720615)  Source-Line:libMvUsb3vTL.so(StreamProcess.cpp-L1426)     Description:Delete one DataNode     Solution:Please confirm that there is a blocking operation when you grab frame
Warning 2025-11-15 19:21:17  DevID:MV-CA013-A0UC(J06720615)  Source-Line:libMvUsb3vTL.so(StreamProcess.cpp-L1426)     Description:Delete one DataNode     Solution:Please confirm that there is a blocking operation when you grab frame
Warning 2025-11-15 19:21:17  DevID:MV-CA013-A0UC(J06720615)  Source-Line:libMvUsb3vTL.so(StreamProcess.cpp-L0844)     Description:[GetOneFrame] PreFrameNum[8929], CurFrameNum[8933]     Solution:
Warning 2025-11-15 19:21:17  DevID:MV-CA013-A0UC(J06720615)  Source-Line:libMvUsb3vTL.so(StreamProcess.cpp-L1426)     Description:Delete one DataNode     Solution:Please confirm that there is a blocking operation when you grab frame
Warning 2025-11-15 19:21:17  DevID:MV-CA013-A0UC(J06720615)  Source-Line:libMvUsb3vTL.so(StreamProcess.cpp-L1426)     Description:Delete one DataNode     Solution:Please confirm that there is a blocking operation when you grab frame
Warning 2025-11-15 19:21:17  DevID:MV-CA013-A0UC(J06720615)  Source-Line:libMvUsb3vTL.so(StreamProcess.cpp-L1426)     Description:Delete one DataNode     Solution:Please confirm that there is a blocking operation when you grab frame
Warning 2025-11-15 19:21:17  DevID:MV-CA013-A0UC(J06720615)  Source-Line:libMvUsb3vTL.so(StreamProcess.cpp-L0844)     Description:[GetOneFrame] PreFrameNum[8933], CurFrameNum[8937]     Solution:
Warning 2025-11-15 19:21:17  DevID:MV-CA013-A0UC(J06720615)  Source-Line:libMvUsb3vTL.so(StreamProcess.cpp-L1426)     Description:Delete one DataNode     Solution:Please confirm that there is a blocking operation when you grab frame
Warning 2025-11-15 19:21:17  DevID:MV-CA013-A0UC(J06720615)  Source-Line:libMvUsb3vTL.so(StreamProcess.cpp-L1426)     Description:Delete one DataNode     Solution:Please confirm that there is a blocking operation when you grab frame
Warning 2025-11-15 19:21:17  DevID:MV-CA013-A0UC(J06720615)  Source-Line:libMvUsb3vTL.so(StreamProcess.cpp-L1426)     Description:Delete one DataNode     Solution:Please confirm that there is a blocking operation when you grab frame
Warning 2025-11-15 19:21:17  DevID:MV-CA013-A0UC(J06720615)  Source-Line:libMvUsb3vTL.so(StreamProcess.cpp-L0844)     Description:[GetOneFrame] PreFrameNum[8937], CurFrameNum[8941]     Solution:
Warning 2025-11-15 19:21:17  DevID:MV-CA013-A0UC(J06720615)  Source-Line:libMvUsb3vTL.so(StreamProcess.cpp-L1426)     Description:Delete one DataNode     Solution:Please confirm that there is a blocking operation when you grab frame
Warning 2025-11-15 19:21:17  DevID:MV-CA013-A0UC(J06720615)  Source-Line:libMvUsb3vTL.so(StreamProcess.cpp-L1426)     Description:Delete one DataNode     Solution:Please confirm that there is a blocking operation when you grab frame
Warning 2025-11-15 19:21:17  DevID:MV-CA013-A0UC(J06720615)  Source-Line:libMvUsb3vTL.so(StreamProcess.cpp-L1426)     Description:Delete one DataNode     Solution:Please confirm that there is a blocking operation when you grab frame
Warning 2025-11-15 19:21:17  DevID:MV-CA013-A0UC(J06720615)  Source-Line:libMvUsb3vTL.so(StreamProcess.cpp-L0844)     Description:[GetOneFrame] PreFrameNum[8941], CurFrameNum[8945]     Solution:
Warning 2025-11-15 19:21:17  DevID:MV-CA013-A0UC(J06720615)  Source-Line:libMvUsb3vTL.so(StreamProcess.cpp-L1426)     Description:Delete one DataNode     Solution:Please confirm that there is a blocking operation when you grab frame
Warning 2025-11-15 19:21:17  DevID:MV-CA013-A0UC(J06720615)  Source-Line:libMvUsb3vTL.so(StreamProcess.cpp-L1426)     Description:Delete one DataNode     Solution:Please confirm that there is a blocking operation when you grab frame
Warning 2025-11-15 19:21:17  DevID:MV-CA013-A0UC(J06720615)  Source-Line:libMvUsb3vTL.so(StreamProcess.cpp-L1426)     Description:Delete one DataNode     Solution:Please confirm that there is a blocking operation when you grab frame
Warning 2025-11-15 19:21:17  DevID:MV-CA013-A0UC(J06720615)  Source-Line:libMvUsb3vTL.so(StreamProcess.cpp-L0844)     Description:[GetOneFrame] PreFrameNum[8945], CurFrameNum[8949]     Solution:
Warning 2025-11-15 19:21:17  DevID:MV-CA013-A0UC(J06720615)  Source-Line:libMvUsb3vTL.so(StreamProcess.cpp-L1426)     Description:Delete one DataNode     Solution:Please confirm that there is a blocking operation when you grab frame
Warning 2025-11-15 19:21:17  DevID:MV-CA013-A0UC(J06720615)  Source-Line:libMvUsb3vTL.so(StreamProcess.cpp-L1426)     Description:Delete one DataNode     Solution:Please confirm that there is a blocking operation when you grab frame
Warning 2025-11-15 19:21:17  DevID:MV-CA013-A0UC(J06720615)  Source-Line:libMvUsb3vTL.so(StreamProcess.cpp-L1426)     Description:Delete one DataNode     Solution:Please confirm that there is a blocking operation when you grab frame
Warning 2025-11-15 19:21:17  DevID:MV-CA013-A0UC(J06720615)  Source-Line:libMvUsb3vTL.so(StreamProcess.cpp-L0844)     Description:[GetOneFrame] PreFrameNum[8949], CurFrameNum[8953]     Solution:
Warning 2025-11-15 19:21:17  DevID:MV-CA013-A0UC(J06720615)  Source-Line:libMvUsb3vTL.so(StreamProcess.cpp-L1426)     Description:Delete one DataNode     Solution:Please confirm that there is a blocking operation when you grab frame
Warning 2025-11-15 19:21:17  DevID:MV-CA013-A0UC(J06720615)  Source-Line:libMvUsb3vTL.so(StreamProcess.cpp-L1426)     Description:Delete one DataNode     Solution:Please confirm that there is a blocking operation when you grab frame
Warning 2025-11-15 19:21:17  DevID:MV-CA013-A0UC(J06720615)  Source-Line:libMvUsb3vTL.so(StreamProcess.cpp-L1426)     Description:Delete one DataNode     Solution:Please confirm that there is a blocking operation when you grab frame
Warning 2025-11-15 19:21:17  DevID:MV-CA013-A0UC(J06720615)  Source-Line:libMvUsb3vTL.so(StreamProcess.cpp-L0844)     Description:[GetOneFrame] PreFrameNum[8953], CurFrameNum[8957]     Solution:
Warning 2025-11-15 19:21:17  DevID:MV-CA013-A0UC(J06720615)  Source-Line:libMvUsb3vTL.so(StreamProcess.cpp-L1426)     Description:Delete one DataNode     Solution:Please confirm that there is a blocking operation when you grab frame
Warning 2025-11-15 19:21:17  DevID:MV-CA013-A0UC(J06720615)  Source-Line:libMvUsb3vTL.so(StreamProcess.cpp-L1426)     Description:Delete one DataNode     Solution:Please confirm that there is a blocking operation when you grab frame
Warning 2025-11-15 19:21:17  DevID:MV-CA013-A0UC(J06720615)  Source-Line:libMvUsb3vTL.so(StreamProcess.cpp-L1426)     Description:Delete one DataNode     Solution:Please confirm that there is a blocking operation when you grab frame
Warning 2025-11-15 19:21:17  DevID:MV-CA013-A0UC(J06720615)  Source-Line:libMvUsb3vTL.so(StreamProcess.cpp-L0844)     Description:[GetOneFrame] PreFrameNum[8957], CurFrameNum[8961]     Solution:
Warning 2025-11-15 19:21:17  DevID:MV-CA013-A0UC(J06720615)  Source-Line:libMvUsb3vTL.so(StreamProcess.cpp-L1426)     Description:Delete one DataNode     Solution:Please confirm that there is a blocking operation when you grab frame
Warning 2025-11-15 19:21:17  DevID:MV-CA013-A0UC(J06720615)  Source-Line:libMvUsb3vTL.so(StreamProcess.cpp-L1426)     Description:Delete one DataNode     Solution:Please confirm that there is a blocking operation when you grab frame
Warning 2025-11-15 19:21:17  DevID:MV-CA013-A0UC(J06720615)  Source-Line:libMvUsb3vTL.so(StreamProcess.cpp-L1426)     Description:Delete one DataNode     Solution:Please confirm that there is a blocking operation when you grab frame
Warning 2025-11-15 19:21:17  DevID:MV-CA013-A0UC(J06720615)  Source-Line:libMvUsb3vTL.so(StreamProcess.cpp-L0844)     Description:[GetOneFrame] PreFrameNum[8961], CurFrameNum[8965]     Solution:
Warning 2025-11-15 19:21:17  DevID:MV-CA013-A0UC(J06720615)  Source-Line:libMvUsb3vTL.so(StreamProcess.cpp-L1426)     Description:Delete one DataNode     Solution:Please confirm that there is a blocking operation when you grab frame
Warning 2025-11-15 19:21:17  DevID:MV-CA013-A0UC(J06720615)  Source-Line:libMvUsb3vTL.so(StreamProcess.cpp-L1426)     Description:Delete one DataNode     Solution:Please confirm that there is a blocking operation when you grab frame
Warning 2025-11-15 19:21:17  DevID:MV-CA013-A0UC(J06720615)  Source-Line:libMvUsb3vTL.so(StreamProcess.cpp-L1426)     Description:Delete one DataNode     Solution:Please confirm that there is a blocking operation when you grab frame
Warning 2025-11-15 19:21:17  DevID:MV-CA013-A0UC(J06720615)  Source-Line:libMvUsb3vTL.so(StreamProcess.cpp-L0844)     Description:[GetOneFrame] PreFrameNum[8965], CurFrameNum[8969]     Solution:
Warning 2025-11-15 19:21:17  DevID:MV-CA013-A0UC(J06720615)  Source-Line:libMvUsb3vTL.so(StreamProcess.cpp-L1426)     Description:Delete one DataNode     Solution:Please confirm that there is a blocking operation when you grab frame
Warning 2025-11-15 19:21:17  DevID:MV-CA013-A0UC(J06720615)  Source-Line:libMvUsb3vTL.so(StreamProcess.cpp-L1426)     Description:Delete one DataNode     Solution:Please confirm that there is a blocking operation when you grab frame
Warning 2025-11-15 19:21:17  DevID:MV-CA013-A0UC(J06720615)  Source-Line:libMvUsb3vTL.so(StreamProcess.cpp-L1426)     Description:Delete one DataNode     Solution:Please confirm that there is a blocking operation when you grab frame
Warning 2025-11-15 19:21:17  DevID:MV-CA013-A0UC(J06720615)  Source-Line:libMvUsb3vTL.so(StreamProcess.cpp-L0844)     Description:[GetOneFrame] PreFrameNum[8969], CurFrameNum[8973]     Solution:
Warning 2025-11-15 19:21:17  DevID:MV-CA013-A0UC(J06720615)  Source-Line:libMvUsb3vTL.so(StreamProcess.cpp-L1426)     Description:Delete one DataNode     Solution:Please confirm that there is a blocking operation when you grab frame
Warning 2025-11-15 19:21:17  DevID:MV-CA013-A0UC(J06720615)  Source-Line:libMvUsb3vTL.so(StreamProcess.cpp-L1426)     Description:Delete one DataNode     Solution:Please confirm that there is a blocking operation when you grab frame
Warning 2025-11-15 19:21:17  DevID:MV-CA013-A0UC(J06720615)  Source-Line:libMvUsb3vTL.so(StreamProcess.cpp-L1426)     Description:Delete one DataNode     Solution:Please confirm that there is a blocking operation when you grab frame
Warning 2025-11-15 19:21:17  DevID:MV-CA013-A0UC(J06720615)  Source-Line:libMvUsb3vTL.so(StreamProcess.cpp-L0844)     Description:[GetOneFrame] PreFrameNum[8973], CurFrameNum[8977]     Solution:
Warning 2025-11-15 19:21:17  DevID:MV-CA013-A0UC(J06720615)  Source-Line:libMvUsb3vTL.so(StreamProcess.cpp-L1426)     Description:Delete one DataNode     Solution:Please confirm that there is a blocking operation when you grab frame
Warning 2025-11-15 19:21:17  DevID:MV-CA013-A0UC(J06720615)  Source-Line:libMvUsb3vTL.so(StreamProcess.cpp-L1426)     Description:Delete one DataNode     Solution:Please confirm that there is a blocking operation when you grab frame
Warning 2025-11-15 19:21:17  DevID:MV-CA013-A0UC(J06720615)  Source-Line:libMvUsb3vTL.so(StreamProcess.cpp-L1426)     Description:Delete one DataNode     Solution:Please confirm that there is a blocking operation when you grab frame
Warning 2025-11-15 19:21:17  DevID:MV-CA013-A0UC(J06720615)  Source-Line:libMvUsb3vTL.so(StreamProcess.cpp-L0844)     Description:[GetOneFrame] PreFrameNum[8977], CurFrameNum[8981]     Solution:
Warning 2025-11-15 19:21:17  DevID:MV-CA013-A0UC(J06720615)  Source-Line:libMvUsb3vTL.so(StreamProcess.cpp-L1426)     Description:Delete one DataNode     Solution:Please confirm that there is a blocking operation when you grab frame
Warning 2025-11-15 19:21:17  DevID:MV-CA013-A0UC(J06720615)  Source-Line:libMvUsb3vTL.so(StreamProcess.cpp-L1426)     Description:Delete one DataNode     Solution:Please confirm that there is a blocking operation when you grab frame
Warning 2025-11-15 19:21:17  DevID:MV-CA013-A0UC(J06720615)  Source-Line:libMvUsb3vTL.so(StreamProcess.cpp-L1426)     Description:Delete one DataNode     Solution:Please confirm that there is a blocking operation when you grab frame
Warning 2025-11-15 19:21:17  DevID:MV-CA013-A0UC(J06720615)  Source-Line:libMvUsb3vTL.so(StreamProcess.cpp-L1426)     Description:Delete one DataNode     Solution:Please confirm that there is a blocking operation when you grab frame
Warning 2025-11-15 19:21:17  DevID:MV-CA013-A0UC(J06720615)  Source-Line:libMvUsb3vTL.so(StreamProcess.cpp-L1426)     Description:Delete one DataNode     Solution:Please confirm that there is a blocking operation when you grab frame
Warning 2025-11-15 19:21:17  DevID:MV-CA013-A0UC(J06720615)  Source-Line:libMvUsb3vTL.so(StreamProcess.cpp-L0844)     Description:[GetOneFrame] PreFrameNum[8981], CurFrameNum[8987]     Solution:
Warning 2025-11-15 19:21:17  DevID:MV-CA013-A0UC(J06720615)  Source-Line:libMvUsb3vTL.so(StreamProcess.cpp-L1426)     Description:Delete one DataNode     Solution:Please confirm that there is a blocking operation when you grab frame
Warning 2025-11-15 19:21:17  DevID:MV-CA013-A0UC(J06720615)  Source-Line:libMvUsb3vTL.so(StreamProcess.cpp-L1426)     Description:Delete one DataNode     Solution:Please confirm that there is a blocking operation when you grab frame
Warning 2025-11-15 19:21:17  DevID:MV-CA013-A0UC(J06720615)  Source-Line:libMvUsb3vTL.so(StreamProcess.cpp-L1426)     Description:Delete one DataNode     Solution:Please confirm that there is a blocking operation when you grab frame
Warning 2025-11-15 19:21:17  DevID:MV-CA013-A0UC(J06720615)  Source-Line:libMvUsb3vTL.so(StreamProcess.cpp-L0844)     Description:[GetOneFrame] PreFrameNum[8987], CurFrameNum[8991]     Solution:
Warning 2025-11-15 19:21:17  DevID:MV-CA013-A0UC(J06720615)  Source-Line:libMvUsb3vTL.so(StreamProcess.cpp-L1426)     Description:Delete one DataNode     Solution:Please confirm that there is a blocking operation when you grab frame
Warning 2025-11-15 19:21:17  DevID:MV-CA013-A0UC(J06720615)  Source-Line:libMvUsb3vTL.so(StreamProcess.cpp-L1426)     Description:Delete one DataNode     Solution:Please confirm that there is a blocking operation when you grab frame
Warning 2025-11-15 19:21:17  DevID:MV-CA013-A0UC(J06720615)  Source-Line:libMvUsb3vTL.so(StreamProcess.cpp-L1426)     Description:Delete one DataNode     Solution:Please confirm that there is a blocking operation when you grab frame
Warning 2025-11-15 19:21:17  DevID:MV-CA013-A0UC(J06720615)  Source-Line:libMvUsb3vTL.so(StreamProcess.cpp-L0844)     Description:[GetOneFrame] PreFrameNum[8991], CurFrameNum[8995]     Solution:
Warning 2025-11-15 19:21:17  DevID:MV-CA013-A0UC(J06720615)  Source-Line:libMvUsb3vTL.so(StreamProcess.cpp-L1426)     Description:Delete one DataNode     Solution:Please confirm that there is a blocking operation when you grab frame
Warning 2025-11-15 19:21:17  DevID:MV-CA013-A0UC(J06720615)  Source-Line:libMvUsb3vTL.so(StreamProcess.cpp-L1426)     Description:Delete one DataNode     Solution:Please confirm that there is a blocking operation when you grab frame
Warning 2025-11-15 19:21:17  DevID:MV-CA013-A0UC(J06720615)  Source-Line:libMvUsb3vTL.so(StreamProcess.cpp-L1426)     Description:Delete one DataNode     Solution:Please confirm that there is a blocking operation when you grab frame
Warning 2025-11-15 19:21:17  DevID:MV-CA013-A0UC(J06720615)  Source-Line:libMvUsb3vTL.so(StreamProcess.cpp-L0844)     Description:[GetOneFrame] PreFrameNum[8995], CurFrameNum[8999]     Solution:
Warning 2025-11-15 19:21:17  DevID:MV-CA013-A0UC(J06720615)  Source-Line:libMvUsb3vTL.so(StreamProcess.cpp-L1426)     Description:Delete one DataNode     Solution:Please confirm that there is a blocking operation when you grab frame
Error   2025-11-15 19:21:17  DevID:MV-CA013-A0UC(J06720615)  Source-Line:libMvUsb3vTL.so(DriverLayer.cpp-L0769)     Description:timesOut, num_iso_packets: ff     Solution:
Info    2025-11-15 19:21:17  DevID:MV-CA013-A0UC(J06720615)  Source-Line:libMvUsb3vTL.so(EventProcess.cpp-L0311)     Description:[Event]Read Async, Ret[0xff]     Solution:
Warning 2025-11-15 19:21:17  DevID:MV-CA013-A0UC(J06720615)  Source-Line:libMvUsb3vTL.so(StreamProcess.cpp-L1426)     Description:Delete one DataNode     Solution:Please confirm that there is a blocking operation when you grab frame
Warning 2025-11-15 19:21:17  DevID:MV-CA013-A0UC(J06720615)  Source-Line:libMvUsb3vTL.so(StreamProcess.cpp-L1426)     Description:Delete one DataNode     Solution:Please confirm that there is a blocking operation when you grab frame
Warning 2025-11-15 19:21:17  DevID:MV-CA013-A0UC(J06720615)  Source-Line:libMvUsb3vTL.so(StreamProcess.cpp-L0844)     Description:[GetOneFrame] PreFrameNum[8999], CurFrameNum[9003]     Solution:
Warning 2025-11-15 19:21:17  DevID:MV-CA013-A0UC(J06720615)  Source-Line:libMvUsb3vTL.so(StreamProcess.cpp-L1426)     Description:Delete one DataNode     Solution:Please confirm that there is a blocking operation when you grab frame
Warning 2025-11-15 19:21:17  DevID:MV-CA013-A0UC(J06720615)  Source-Line:libMvUsb3vTL.so(StreamProcess.cpp-L1426)     Description:Delete one DataNode     Solution:Please confirm that there is a blocking operation when you grab frame
Warning 2025-11-15 19:21:17  DevID:MV-CA013-A0UC(J06720615)  Source-Line:libMvUsb3vTL.so(StreamProcess.cpp-L0844)     Description:[GetOneFrame] PreFrameNum[9003], CurFrameNum[9006]     Solution:
Warning 2025-11-15 19:21:17  DevID:MV-CA013-A0UC(J06720615)  Source-Line:libMvUsb3vTL.so(StreamProcess.cpp-L1426)     Description:Delete one DataNode     Solution:Please confirm that there is a blocking operation when you grab frame
Warning 2025-11-15 19:21:17  DevID:MV-CA013-A0UC(J06720615)  Source-Line:libMvUsb3vTL.so(StreamProcess.cpp-L1426)     Description:Delete one DataNode     Solution:Please confirm that there is a blocking operation when you grab frame
Warning 2025-11-15 19:21:17  DevID:MV-CA013-A0UC(J06720615)  Source-Line:libMvUsb3vTL.so(StreamProcess.cpp-L1426)     Description:Delete one DataNode     Solution:Please confirm that there is a blocking operation when you grab frame
Warning 2025-11-15 19:21:17  DevID:MV-CA013-A0UC(J06720615)  Source-Line:libMvUsb3vTL.so(StreamProcess.cpp-L0844)     Description:[GetOneFrame] PreFrameNum[9006], CurFrameNum[9010]     Solution:
Warning 2025-11-15 19:21:17  DevID:MV-CA013-A0UC(J06720615)  Source-Line:libMvUsb3vTL.so(StreamProcess.cpp-L1426)     Description:Delete one DataNode     Solution:Please confirm that there is a blocking operation when you grab frame
Warning 2025-11-15 19:21:17  DevID:MV-CA013-A0UC(J06720615)  Source-Line:libMvUsb3vTL.so(StreamProcess.cpp-L1426)     Description:Delete one DataNode     Solution:Please confirm that there is a blocking operation when you grab frame
Warning 2025-11-15 19:21:17  DevID:MV-CA013-A0UC(J06720615)  Source-Line:libMvUsb3vTL.so(StreamProcess.cpp-L0844)     Description:[GetOneFrame] PreFrameNum[9010], CurFrameNum[9013]     Solution:
Warning 2025-11-15 19:21:17  DevID:MV-CA013-A0UC(J06720615)  Source-Line:libMvUsb3vTL.so(StreamProcess.cpp-L1426)     Description:Delete one DataNode     Solution:Please confirm that there is a blocking operation when you grab frame
Warning 2025-11-15 19:21:17  DevID:MV-CA013-A0UC(J06720615)  Source-Line:libMvUsb3vTL.so(StreamProcess.cpp-L1426)     Description:Delete one DataNode     Solution:Please confirm that there is a blocking operation when you grab frame
Warning 2025-11-15 19:21:17  DevID:MV-CA013-A0UC(J06720615)  Source-Line:libMvUsb3vTL.so(StreamProcess.cpp-L1426)     Description:Delete one DataNode     Solution:Please confirm that there is a blocking operation when you grab frame
Warning 2025-11-15 19:21:17  DevID:MV-CA013-A0UC(J06720615)  Source-Line:libMvUsb3vTL.so(StreamProcess.cpp-L0844)     Description:[GetOneFrame] PreFrameNum[9013], CurFrameNum[9017]     Solution:
Warning 2025-11-15 19:21:17  DevID:MV-CA013-A0UC(J06720615)  Source-Line:libMvUsb3vTL.so(StreamProcess.cpp-L1426)     Description:Delete one DataNode     Solution:Please confirm that there is a blocking operation when you grab frame
Warning 2025-11-15 19:21:17  DevID:MV-CA013-A0UC(J06720615)  Source-Line:libMvUsb3vTL.so(StreamProcess.cpp-L1426)     Description:Delete one DataNode     Solution:Please confirm that there is a blocking operation when you grab frame
Warning 2025-11-15 19:21:17  DevID:MV-CA013-A0UC(J06720615)  Source-Line:libMvUsb3vTL.so(StreamProcess.cpp-L0844)     Description:[GetOneFrame] PreFrameNum[9017], CurFrameNum[9020]     Solution:
Warning 2025-11-15 19:21:17  DevID:MV-CA013-A0UC(J06720615)  Source-Line:libMvUsb3vTL.so(StreamProcess.cpp-L1426)     Description:Delete one DataNode     Solution:Please confirm that there is a blocking operation when you grab frame
Warning 2025-11-15 19:21:17  DevID:MV-CA013-A0UC(J06720615)  Source-Line:libMvUsb3vTL.so(StreamProcess.cpp-L1426)     Description:Delete one DataNode     Solution:Please confirm that there is a blocking operation when you grab frame
Warning 2025-11-15 19:21:17  DevID:MV-CA013-A0UC(J06720615)  Source-Line:libMvUsb3vTL.so(StreamProcess.cpp-L1426)     Description:Delete one DataNode     Solution:Please confirm that there is a blocking operation when you grab frame
Warning 2025-11-15 19:21:17  DevID:MV-CA013-A0UC(J06720615)  Source-Line:libMvUsb3vTL.so(StreamProcess.cpp-L0844)     Description:[GetOneFrame] PreFrameNum[9020], CurFrameNum[9024]     Solution:
Warning 2025-11-15 19:21:17  DevID:MV-CA013-A0UC(J06720615)  Source-Line:libMvUsb3vTL.so(StreamProcess.cpp-L1426)     Description:Delete one DataNode     Solution:Please confirm that there is a blocking operation when you grab frame
Warning 2025-11-15 19:21:17  DevID:MV-CA013-A0UC(J06720615)  Source-Line:libMvUsb3vTL.so(StreamProcess.cpp-L1426)     Description:Delete one DataNode     Solution:Please confirm that there is a blocking operation when you grab frame
Warning 2025-11-15 19:21:17  DevID:MV-CA013-A0UC(J06720615)  Source-Line:libMvUsb3vTL.so(StreamProcess.cpp-L1426)     Description:Delete one DataNode     Solution:Please confirm that there is a blocking operation when you grab frame
Warning 2025-11-15 19:21:17  DevID:MV-CA013-A0UC(J06720615)  Source-Line:libMvUsb3vTL.so(StreamProcess.cpp-L0844)     Description:[GetOneFrame] PreFrameNum[9024], CurFrameNum[9028]     Solution:
Warning 2025-11-15 19:21:17  DevID:MV-CA013-A0UC(J06720615)  Source-Line:libMvUsb3vTL.so(StreamProcess.cpp-L1426)     Description:Delete one DataNode     Solution:Please confirm that there is a blocking operation when you grab frame
Warning 2025-11-15 19:21:17  DevID:MV-CA013-A0UC(J06720615)  Source-Line:libMvUsb3vTL.so(StreamProcess.cpp-L1426)     Description:Delete one DataNode     Solution:Please confirm that there is a blocking operation when you grab frame
Warning 2025-11-15 19:21:17  DevID:MV-CA013-A0UC(J06720615)  Source-Line:libMvUsb3vTL.so(StreamProcess.cpp-L1426)     Description:Delete one DataNode     Solution:Please confirm that there is a blocking operation when you grab frame
Warning 2025-11-15 19:21:17  DevID:MV-CA013-A0UC(J06720615)  Source-Line:libMvUsb3vTL.so(StreamProcess.cpp-L0844)     Description:[GetOneFrame] PreFrameNum[9028], CurFrameNum[9032]     Solution:
Warning 2025-11-15 19:21:17  DevID:MV-CA013-A0UC(J06720615)  Source-Line:libMvUsb3vTL.so(StreamProcess.cpp-L1426)     Description:Delete one DataNode     Solution:Please confirm that there is a blocking operation when you grab frame
Warning 2025-11-15 19:21:17  DevID:MV-CA013-A0UC(J06720615)  Source-Line:libMvUsb3vTL.so(StreamProcess.cpp-L1426)     Description:Delete one DataNode     Solution:Please confirm that there is a blocking operation when you grab frame
Warning 2025-11-15 19:21:17  DevID:MV-CA013-A0UC(J06720615)  Source-Line:libMvUsb3vTL.so(StreamProcess.cpp-L0844)     Description:[GetOneFrame] PreFrameNum[9032], CurFrameNum[9035]     Solution:
Warning 2025-11-15 19:21:17  DevID:MV-CA013-A0UC(J06720615)  Source-Line:libMvUsb3vTL.so(StreamProcess.cpp-L1426)     Description:Delete one DataNode     Solution:Please confirm that there is a blocking operation when you grab frame
Warning 2025-11-15 19:21:17  DevID:MV-CA013-A0UC(J06720615)  Source-Line:libMvUsb3vTL.so(StreamProcess.cpp-L1426)     Description:Delete one DataNode     Solution:Please confirm that there is a blocking operation when you grab frame
Warning 2025-11-15 19:21:17  DevID:MV-CA013-A0UC(J06720615)  Source-Line:libMvUsb3vTL.so(StreamProcess.cpp-L0844)     Description:[GetOneFrame] PreFrameNum[9035], CurFrameNum[9038]     Solution:
Warning 2025-11-15 19:21:17  DevID:MV-CA013-A0UC(J06720615)  Source-Line:libMvUsb3vTL.so(StreamProcess.cpp-L1426)     Description:Delete one DataNode     Solution:Please confirm that there is a blocking operation when you grab frame
Warning 2025-11-15 19:21:17  DevID:MV-CA013-A0UC(J06720615)  Source-Line:libMvUsb3vTL.so(StreamProcess.cpp-L1426)     Description:Delete one DataNode     Solution:Please confirm that there is a blocking operation when you grab frame
Warning 2025-11-15 19:21:17  DevID:MV-CA013-A0UC(J06720615)  Source-Line:libMvUsb3vTL.so(StreamProcess.cpp-L1426)     Description:Delete one DataNode     Solution:Please confirm that there is a blocking operation when you grab frame
Warning 2025-11-15 19:21:17  DevID:MV-CA013-A0UC(J06720615)  Source-Line:libMvUsb3vTL.so(StreamProcess.cpp-L0844)     Description:[GetOneFrame] PreFrameNum[9038], CurFrameNum[9042]     Solution:
Warning 2025-11-15 19:21:17  DevID:MV-CA013-A0UC(J06720615)  Source-Line:libMvUsb3vTL.so(StreamProcess.cpp-L1426)     Description:Delete one DataNode     Solution:Please confirm that there is a blocking operation when you grab frame
Warning 2025-11-15 19:21:17  DevID:MV-CA013-A0UC(J06720615)  Source-Line:libMvUsb3vTL.so(StreamProcess.cpp-L1426)     Description:Delete one DataNode     Solution:Please confirm that there is a blocking operation when you grab frame
Warning 2025-11-15 19:21:17  DevID:MV-CA013-A0UC(J06720615)  Source-Line:libMvUsb3vTL.so(StreamProcess.cpp-L1426)     Description:Delete one DataNode     Solution:Please confirm that there is a blocking operation when you grab frame
Warning 2025-11-15 19:21:17  DevID:MV-CA013-A0UC(J06720615)  Source-Line:libMvUsb3vTL.so(StreamProcess.cpp-L0844)     Description:[GetOneFrame] PreFrameNum[9042], CurFrameNum[9046]     Solution:
Warning 2025-11-15 19:21:17  DevID:MV-CA013-A0UC(J06720615)  Source-Line:libMvUsb3vTL.so(StreamProcess.cpp-L1426)     Description:Delete one DataNode     Solution:Please confirm that there is a blocking operation when you grab frame
Warning 2025-11-15 19:21:17  DevID:MV-CA013-A0UC(J06720615)  Source-Line:libMvUsb3vTL.so(StreamProcess.cpp-L1426)     Description:Delete one DataNode     Solution:Please confirm that there is a blocking operation when you grab frame
Warning 2025-11-15 19:21:17  DevID:MV-CA013-A0UC(J06720615)  Source-Line:libMvUsb3vTL.so(StreamProcess.cpp-L1426)     Description:Delete one DataNode     Solution:Please confirm that there is a blocking operation when you grab frame
Warning 2025-11-15 19:21:17  DevID:MV-CA013-A0UC(J06720615)  Source-Line:libMvUsb3vTL.so(StreamProcess.cpp-L0844)     Description:[GetOneFrame] PreFrameNum[9046], CurFrameNum[9050]     Solution:
Warning 2025-11-15 19:21:17  DevID:MV-CA013-A0UC(J06720615)  Source-Line:libMvUsb3vTL.so(StreamProcess.cpp-L1426)     Description:Delete one DataNode     Solution:Please confirm that there is a blocking operation when you grab frame
Warning 2025-11-15 19:21:17  DevID:MV-CA013-A0UC(J06720615)  Source-Line:libMvUsb3vTL.so(StreamProcess.cpp-L1426)     Description:Delete one DataNode     Solution:Please confirm that there is a blocking operation when you grab frame
Warning 2025-11-15 19:21:17  DevID:MV-CA013-A0UC(J06720615)  Source-Line:libMvUsb3vTL.so(StreamProcess.cpp-L1426)     Description:Delete one DataNode     Solution:Please confirm that there is a blocking operation when you grab frame
Warning 2025-11-15 19:21:17  DevID:MV-CA013-A0UC(J06720615)  Source-Line:libMvUsb3vTL.so(StreamProcess.cpp-L0844)     Description:[GetOneFrame] PreFrameNum[9050], CurFrameNum[9054]     Solution:
Warning 2025-11-15 19:21:17  DevID:MV-CA013-A0UC(J06720615)  Source-Line:libMvUsb3vTL.so(StreamProcess.cpp-L1426)     Description:Delete one DataNode     Solution:Please confirm that there is a blocking operation when you grab frame
Warning 2025-11-15 19:21:17  DevID:MV-CA013-A0UC(J06720615)  Source-Line:libMvUsb3vTL.so(StreamProcess.cpp-L1426)     Description:Delete one DataNode     Solution:Please confirm that there is a blocking operation when you grab frame
Warning 2025-11-15 19:21:17  DevID:MV-CA013-A0UC(J06720615)  Source-Line:libMvUsb3vTL.so(StreamProcess.cpp-L1426)     Description:Delete one DataNode     Solution:Please confirm that there is a blocking operation when you grab frame
Warning 2025-11-15 19:21:17  DevID:MV-CA013-A0UC(J06720615)  Source-Line:libMvUsb3vTL.so(StreamProcess.cpp-L0844)     Description:[GetOneFrame] PreFrameNum[9054], CurFrameNum[9058]     Solution:
Warning 2025-11-15 19:21:17  DevID:MV-CA013-A0UC(J06720615)  Source-Line:libMvUsb3vTL.so(StreamProcess.cpp-L1426)     Description:Delete one DataNode     Solution:Please confirm that there is a blocking operation when you grab frame
Warning 2025-11-15 19:21:17  DevID:MV-CA013-A0UC(J06720615)  Source-Line:libMvUsb3vTL.so(StreamProcess.cpp-L1426)     Description:Delete one DataNode     Solution:Please confirm that there is a blocking operation when you grab frame
Warning 2025-11-15 19:21:17  DevID:MV-CA013-A0UC(J06720615)  Source-Line:libMvUsb3vTL.so(StreamProcess.cpp-L1426)     Description:Delete one DataNode     Solution:Please confirm that there is a blocking operation when you grab frame
Warning 2025-11-15 19:21:17  DevID:MV-CA013-A0UC(J06720615)  Source-Line:libMvUsb3vTL.so(StreamProcess.cpp-L0844)     Description:[GetOneFrame] PreFrameNum[9058], CurFrameNum[9062]     Solution:
Warning 2025-11-15 19:21:17  DevID:MV-CA013-A0UC(J06720615)  Source-Line:libMvUsb3vTL.so(StreamProcess.cpp-L1426)     Description:Delete one DataNode     Solution:Please confirm that there is a blocking operation when you grab frame
Warning 2025-11-15 19:21:17  DevID:MV-CA013-A0UC(J06720615)  Source-Line:libMvUsb3vTL.so(StreamProcess.cpp-L1426)     Description:Delete one DataNode     Solution:Please confirm that there is a blocking operation when you grab frame
Warning 2025-11-15 19:21:17  DevID:MV-CA013-A0UC(J06720615)  Source-Line:libMvUsb3vTL.so(StreamProcess.cpp-L1426)     Description:Delete one DataNode     Solution:Please confirm that there is a blocking operation when you grab frame
Warning 2025-11-15 19:21:17  DevID:MV-CA013-A0UC(J06720615)  Source-Line:libMvUsb3vTL.so(StreamProcess.cpp-L0844)     Description:[GetOneFrame] PreFrameNum[9062], CurFrameNum[9066]     Solution:
Warning 2025-11-15 19:21:17  DevID:MV-CA013-A0UC(J06720615)  Source-Line:libMvUsb3vTL.so(StreamProcess.cpp-L1426)     Description:Delete one DataNode     Solution:Please confirm that there is a blocking operation when you grab frame
Warning 2025-11-15 19:21:17  DevID:MV-CA013-A0UC(J06720615)  Source-Line:libMvUsb3vTL.so(StreamProcess.cpp-L1426)     Description:Delete one DataNode     Solution:Please confirm that there is a blocking operation when you grab frame
Warning 2025-11-15 19:21:17  DevID:MV-CA013-A0UC(J06720615)  Source-Line:libMvUsb3vTL.so(StreamProcess.cpp-L1426)     Description:Delete one DataNode     Solution:Please confirm that there is a blocking operation when you grab frame
Warning 2025-11-15 19:21:17  DevID:MV-CA013-A0UC(J06720615)  Source-Line:libMvUsb3vTL.so(StreamProcess.cpp-L0844)     Description:[GetOneFrame] PreFrameNum[9066], CurFrameNum[9070]     Solution:
Warning 2025-11-15 19:21:17  DevID:MV-CA013-A0UC(J06720615)  Source-Line:libMvUsb3vTL.so(StreamProcess.cpp-L1426)     Description:Delete one DataNode     Solution:Please confirm that there is a blocking operation when you grab frame
Warning 2025-11-15 19:21:17  DevID:MV-CA013-A0UC(J06720615)  Source-Line:libMvUsb3vTL.so(StreamProcess.cpp-L1426)     Description:Delete one DataNode     Solution:Please confirm that there is a blocking operation when you grab frame
Warning 2025-11-15 19:21:17  DevID:MV-CA013-A0UC(J06720615)  Source-Line:libMvUsb3vTL.so(StreamProcess.cpp-L1426)     Description:Delete one DataNode     Solution:Please confirm that there is a blocking operation when you grab frame
Warning 2025-11-15 19:21:17  DevID:MV-CA013-A0UC(J06720615)  Source-Line:libMvUsb3vTL.so(StreamProcess.cpp-L0844)     Description:[GetOneFrame] PreFrameNum[9070], CurFrameNum[9074]     Solution:
Warning 2025-11-15 19:21:17  DevID:MV-CA013-A0UC(J06720615)  Source-Line:libMvUsb3vTL.so(StreamProcess.cpp-L1426)     Description:Delete one DataNode     Solution:Please confirm that there is a blocking operation when you grab frame
Warning 2025-11-15 19:21:17  DevID:MV-CA013-A0UC(J06720615)  Source-Line:libMvUsb3vTL.so(StreamProcess.cpp-L1426)     Description:Delete one DataNode     Solution:Please confirm that there is a blocking operation when you grab frame
Warning 2025-11-15 19:21:17  DevID:MV-CA013-A0UC(J06720615)  Source-Line:libMvUsb3vTL.so(StreamProcess.cpp-L1426)     Description:Delete one DataNode     Solution:Please confirm that there is a blocking operation when you grab frame
Warning 2025-11-15 19:21:17  DevID:MV-CA013-A0UC(J06720615)  Source-Line:libMvUsb3vTL.so(StreamProcess.cpp-L0844)     Description:[GetOneFrame] PreFrameNum[9074], CurFrameNum[9078]     Solution:
Warning 2025-11-15 19:21:17  DevID:MV-CA013-A0UC(J06720615)  Source-Line:libMvUsb3vTL.so(StreamProcess.cpp-L1426)     Description:Delete one DataNode     Solution:Please confirm that there is a blocking operation when you grab frame
Warning 2025-11-15 19:21:17  DevID:MV-CA013-A0UC(J06720615)  Source-Line:libMvUsb3vTL.so(StreamProcess.cpp-L1426)     Description:Delete one DataNode     Solution:Please confirm that there is a blocking operation when you grab frame
Warning 2025-11-15 19:21:17  DevID:MV-CA013-A0UC(J06720615)  Source-Line:libMvUsb3vTL.so(StreamProcess.cpp-L0844)     Description:[GetOneFrame] PreFrameNum[9078], CurFrameNum[9081]     Solution:
Warning 2025-11-15 19:21:17  DevID:MV-CA013-A0UC(J06720615)  Source-Line:libMvUsb3vTL.so(StreamProcess.cpp-L1426)     Description:Delete one DataNode     Solution:Please confirm that there is a blocking operation when you grab frame
Warning 2025-11-15 19:21:17  DevID:MV-CA013-A0UC(J06720615)  Source-Line:libMvUsb3vTL.so(StreamProcess.cpp-L1426)     Description:Delete one DataNode     Solution:Please confirm that there is a blocking operation when you grab frame
Warning 2025-11-15 19:21:17  DevID:MV-CA013-A0UC(J06720615)  Source-Line:libMvUsb3vTL.so(StreamProcess.cpp-L0844)     Description:[GetOneFrame] PreFrameNum[9081], CurFrameNum[9084]     Solution:
Warning 2025-11-15 19:21:17  DevID:MV-CA013-A0UC(J06720615)  Source-Line:libMvUsb3vTL.so(StreamProcess.cpp-L1426)     Description:Delete one DataNode     Solution:Please confirm that there is a blocking operation when you grab frame
Warning 2025-11-15 19:21:17  DevID:MV-CA013-A0UC(J06720615)  Source-Line:libMvUsb3vTL.so(StreamProcess.cpp-L1426)     Description:Delete one DataNode     Solution:Please confirm that there is a blocking operation when you grab frame
Warning 2025-11-15 19:21:17  DevID:MV-CA013-A0UC(J06720615)  Source-Line:libMvUsb3vTL.so(StreamProcess.cpp-L0844)     Description:[GetOneFrame] PreFrameNum[9084], CurFrameNum[9087]     Solution:
Warning 2025-11-15 19:21:17  DevID:MV-CA013-A0UC(J06720615)  Source-Line:libMvUsb3vTL.so(StreamProcess.cpp-L1426)     Description:Delete one DataNode     Solution:Please confirm that there is a blocking operation when you grab frame
Warning 2025-11-15 19:21:17  DevID:MV-CA013-A0UC(J06720615)  Source-Line:libMvUsb3vTL.so(StreamProcess.cpp-L1426)     Description:Delete one DataNode     Solution:Please confirm that there is a blocking operation when you grab frame
Warning 2025-11-15 19:21:17  DevID:MV-CA013-A0UC(J06720615)  Source-Line:libMvUsb3vTL.so(StreamProcess.cpp-L0844)     Description:[GetOneFrame] PreFrameNum[9087], CurFrameNum[9090]     Solution:
Warning 2025-11-15 19:21:17  DevID:MV-CA013-A0UC(J06720615)  Source-Line:libMvUsb3vTL.so(StreamProcess.cpp-L1426)     Description:Delete one DataNode     Solution:Please confirm that there is a blocking operation when you grab frame
Warning 2025-11-15 19:21:17  DevID:MV-CA013-A0UC(J06720615)  Source-Line:libMvUsb3vTL.so(StreamProcess.cpp-L1426)     Description:Delete one DataNode     Solution:Please confirm that there is a blocking operation when you grab frame
Warning 2025-11-15 19:21:17  DevID:MV-CA013-A0UC(J06720615)  Source-Line:libMvUsb3vTL.so(StreamProcess.cpp-L0844)     Description:[GetOneFrame] PreFrameNum[9090], CurFrameNum[9093]     Solution:
Warning 2025-11-15 19:21:17  DevID:MV-CA013-A0UC(J06720615)  Source-Line:libMvUsb3vTL.so(StreamProcess.cpp-L1426)     Description:Delete one DataNode     Solution:Please confirm that there is a blocking operation when you grab frame
Warning 2025-11-15 19:21:17  DevID:MV-CA013-A0UC(J06720615)  Source-Line:libMvUsb3vTL.so(StreamProcess.cpp-L1426)     Description:Delete one DataNode     Solution:Please confirm that there is a blocking operation when you grab frame
Warning 2025-11-15 19:21:17  DevID:MV-CA013-A0UC(J06720615)  Source-Line:libMvUsb3vTL.so(StreamProcess.cpp-L1426)     Description:Delete one DataNode     Solution:Please confirm that there is a blocking operation when you grab frame
Warning 2025-11-15 19:21:17  DevID:MV-CA013-A0UC(J06720615)  Source-Line:libMvUsb3vTL.so(StreamProcess.cpp-L0844)     Description:[GetOneFrame] PreFrameNum[9093], CurFrameNum[9097]     Solution:
Warning 2025-11-15 19:21:17  DevID:MV-CA013-A0UC(J06720615)  Source-Line:libMvUsb3vTL.so(StreamProcess.cpp-L1426)     Description:Delete one DataNode     Solution:Please confirm that there is a blocking operation when you grab frame
Warning 2025-11-15 19:21:17  DevID:MV-CA013-A0UC(J06720615)  Source-Line:libMvUsb3vTL.so(StreamProcess.cpp-L1426)     Description:Delete one DataNode     Solution:Please confirm that there is a blocking operation when you grab frame
Warning 2025-11-15 19:21:17  DevID:MV-CA013-A0UC(J06720615)  Source-Line:libMvUsb3vTL.so(StreamProcess.cpp-L1426)     Description:Delete one DataNode     Solution:Please confirm that there is a blocking operation when you grab frame
Warning 2025-11-15 19:21:17  DevID:MV-CA013-A0UC(J06720615)  Source-Line:libMvUsb3vTL.so(StreamProcess.cpp-L0844)     Description:[GetOneFrame] PreFrameNum[9097], CurFrameNum[9101]     Solution:
Warning 2025-11-15 19:21:17  DevID:MV-CA013-A0UC(J06720615)  Source-Line:libMvUsb3vTL.so(StreamProcess.cpp-L1426)     Description:Delete one DataNode     Solution:Please confirm that there is a blocking operation when you grab frame
Warning 2025-11-15 19:21:17  DevID:MV-CA013-A0UC(J06720615)  Source-Line:libMvUsb3vTL.so(StreamProcess.cpp-L1426)     Description:Delete one DataNode     Solution:Please confirm that there is a blocking operation when you grab frame
Warning 2025-11-15 19:21:17  DevID:MV-CA013-A0UC(J06720615)  Source-Line:libMvUsb3vTL.so(StreamProcess.cpp-L1426)     Description:Delete one DataNode     Solution:Please confirm that there is a blocking operation when you grab frame
Warning 2025-11-15 19:21:17  DevID:MV-CA013-A0UC(J06720615)  Source-Line:libMvUsb3vTL.so(StreamProcess.cpp-L0844)     Description:[GetOneFrame] PreFrameNum[9101], CurFrameNum[9105]     Solution:
Warning 2025-11-15 19:21:17  DevID:MV-CA013-A0UC(J06720615)  Source-Line:libMvUsb3vTL.so(StreamProcess.cpp-L1426)     Description:Delete one DataNode     Solution:Please confirm that there is a blocking operation when you grab frame
Warning 2025-11-15 19:21:17  DevID:MV-CA013-A0UC(J06720615)  Source-Line:libMvUsb3vTL.so(StreamProcess.cpp-L1426)     Description:Delete one DataNode     Solution:Please confirm that there is a blocking operation when you grab frame
Warning 2025-11-15 19:21:17  DevID:MV-CA013-A0UC(J06720615)  Source-Line:libMvUsb3vTL.so(StreamProcess.cpp-L0844)     Description:[GetOneFrame] PreFrameNum[9105], CurFrameNum[9108]     Solution:
Warning 2025-11-15 19:21:17  DevID:MV-CA013-A0UC(J06720615)  Source-Line:libMvUsb3vTL.so(StreamProcess.cpp-L1426)     Description:Delete one DataNode     Solution:Please confirm that there is a blocking operation when you grab frame
Warning 2025-11-15 19:21:17  DevID:MV-CA013-A0UC(J06720615)  Source-Line:libMvUsb3vTL.so(StreamProcess.cpp-L1426)     Description:Delete one DataNode     Solution:Please confirm that there is a blocking operation when you grab frame
Warning 2025-11-15 19:21:17  DevID:MV-CA013-A0UC(J06720615)  Source-Line:libMvUsb3vTL.so(StreamProcess.cpp-L0844)     Description:[GetOneFrame] PreFrameNum[9108], CurFrameNum[9111]     Solution:
Warning 2025-11-15 19:21:17  DevID:MV-CA013-A0UC(J06720615)  Source-Line:libMvUsb3vTL.so(StreamProcess.cpp-L1426)     Description:Delete one DataNode     Solution:Please confirm that there is a blocking operation when you grab frame
Warning 2025-11-15 19:21:17  DevID:MV-CA013-A0UC(J06720615)  Source-Line:libMvUsb3vTL.so(StreamProcess.cpp-L1426)     Description:Delete one DataNode     Solution:Please confirm that there is a blocking operation when you grab frame
Warning 2025-11-15 19:21:17  DevID:MV-CA013-A0UC(J06720615)  Source-Line:libMvUsb3vTL.so(StreamProcess.cpp-L1426)     Description:Delete one DataNode     Solution:Please confirm that there is a blocking operation when you grab frame
Warning 2025-11-15 19:21:17  DevID:MV-CA013-A0UC(J06720615)  Source-Line:libMvUsb3vTL.so(StreamProcess.cpp-L0844)     Description:[GetOneFrame] PreFrameNum[9111], CurFrameNum[9115]     Solution:
Warning 2025-11-15 19:21:17  DevID:MV-CA013-A0UC(J06720615)  Source-Line:libMvUsb3vTL.so(StreamProcess.cpp-L1426)     Description:Delete one DataNode     Solution:Please confirm that there is a blocking operation when you grab frame
Warning 2025-11-15 19:21:17  DevID:MV-CA013-A0UC(J06720615)  Source-Line:libMvUsb3vTL.so(StreamProcess.cpp-L1426)     Description:Delete one DataNode     Solution:Please confirm that there is a blocking operation when you grab frame
Warning 2025-11-15 19:21:17  DevID:MV-CA013-A0UC(J06720615)  Source-Line:libMvUsb3vTL.so(StreamProcess.cpp-L0844)     Description:[GetOneFrame] PreFrameNum[9115], CurFrameNum[9118]     Solution:
Warning 2025-11-15 19:21:17  DevID:MV-CA013-A0UC(J06720615)  Source-Line:libMvUsb3vTL.so(StreamProcess.cpp-L1426)     Description:Delete one DataNode     Solution:Please confirm that there is a blocking operation when you grab frame
Warning 2025-11-15 19:21:17  DevID:MV-CA013-A0UC(J06720615)  Source-Line:libMvUsb3vTL.so(StreamProcess.cpp-L1426)     Description:Delete one DataNode     Solution:Please confirm that there is a blocking operation when you grab frame
Warning 2025-11-15 19:21:17  DevID:MV-CA013-A0UC(J06720615)  Source-Line:libMvUsb3vTL.so(StreamProcess.cpp-L0844)     Description:[GetOneFrame] PreFrameNum[9118], CurFrameNum[9121]     Solution:
Warning 2025-11-15 19:21:17  DevID:MV-CA013-A0UC(J06720615)  Source-Line:libMvUsb3vTL.so(StreamProcess.cpp-L1426)     Description:Delete one DataNode     Solution:Please confirm that there is a blocking operation when you grab frame
Warning 2025-11-15 19:21:17  DevID:MV-CA013-A0UC(J06720615)  Source-Line:libMvUsb3vTL.so(StreamProcess.cpp-L1426)     Description:Delete one DataNode     Solution:Please confirm that there is a blocking operation when you grab frame
Warning 2025-11-15 19:21:17  DevID:MV-CA013-A0UC(J06720615)  Source-Line:libMvUsb3vTL.so(StreamProcess.cpp-L0844)     Description:[GetOneFrame] PreFrameNum[9121], CurFrameNum[9124]     Solution:
Warning 2025-11-15 19:21:17  DevID:MV-CA013-A0UC(J06720615)  Source-Line:libMvUsb3vTL.so(StreamProcess.cpp-L1426)     Description:Delete one DataNode     Solution:Please confirm that there is a blocking operation when you grab frame
Warning 2025-11-15 19:21:17  DevID:MV-CA013-A0UC(J06720615)  Source-Line:libMvUsb3vTL.so(StreamProcess.cpp-L1426)     Description:Delete one DataNode     Solution:Please confirm that there is a blocking operation when you grab frame
Warning 2025-11-15 19:21:17  DevID:MV-CA013-A0UC(J06720615)  Source-Line:libMvUsb3vTL.so(StreamProcess.cpp-L0844)     Description:[GetOneFrame] PreFrameNum[9124], CurFrameNum[9127]     Solution:
Warning 2025-11-15 19:21:17  DevID:MV-CA013-A0UC(J06720615)  Source-Line:libMvUsb3vTL.so(StreamProcess.cpp-L1426)     Description:Delete one DataNode     Solution:Please confirm that there is a blocking operation when you grab frame
Warning 2025-11-15 19:21:17  DevID:MV-CA013-A0UC(J06720615)  Source-Line:libMvUsb3vTL.so(StreamProcess.cpp-L1426)     Description:Delete one DataNode     Solution:Please confirm that there is a blocking operation when you grab frame
Warning 2025-11-15 19:21:17  DevID:MV-CA013-A0UC(J06720615)  Source-Line:libMvUsb3vTL.so(StreamProcess.cpp-L1426)     Description:Delete one DataNode     Solution:Please confirm that there is a blocking operation when you grab frame
Warning 2025-11-15 19:21:17  DevID:MV-CA013-A0UC(J06720615)  Source-Line:libMvUsb3vTL.so(StreamProcess.cpp-L0844)     Description:[GetOneFrame] PreFrameNum[9127], CurFrameNum[9131]     Solution:
Warning 2025-11-15 19:21:17  DevID:MV-CA013-A0UC(J06720615)  Source-Line:libMvUsb3vTL.so(StreamProcess.cpp-L1426)     Description:Delete one DataNode     Solution:Please confirm that there is a blocking operation when you grab frame
Warning 2025-11-15 19:21:17  DevID:MV-CA013-A0UC(J06720615)  Source-Line:libMvUsb3vTL.so(StreamProcess.cpp-L1426)     Description:Delete one DataNode     Solution:Please confirm that there is a blocking operation when you grab frame
Warning 2025-11-15 19:21:17  DevID:MV-CA013-A0UC(J06720615)  Source-Line:libMvUsb3vTL.so(StreamProcess.cpp-L1426)     Description:Delete one DataNode     Solution:Please confirm that there is a blocking operation when you grab frame
Warning 2025-11-15 19:21:17  DevID:MV-CA013-A0UC(J06720615)  Source-Line:libMvUsb3vTL.so(StreamProcess.cpp-L0844)     Description:[GetOneFrame] PreFrameNum[9131], CurFrameNum[9135]     Solution:
Warning 2025-11-15 19:21:17  DevID:MV-CA013-A0UC(J06720615)  Source-Line:libMvUsb3vTL.so(StreamProcess.cpp-L1426)     Description:Delete one DataNode     Solution:Please confirm that there is a blocking operation when you grab frame
Warning 2025-11-15 19:21:17  DevID:MV-CA013-A0UC(J06720615)  Source-Line:libMvUsb3vTL.so(StreamProcess.cpp-L1426)     Description:Delete one DataNode     Solution:Please confirm that there is a blocking operation when you grab frame
Warning 2025-11-15 19:21:17  DevID:MV-CA013-A0UC(J06720615)  Source-Line:libMvUsb3vTL.so(StreamProcess.cpp-L1426)     Description:Delete one DataNode     Solution:Please confirm that there is a blocking operation when you grab frame
Warning 2025-11-15 19:21:17  DevID:MV-CA013-A0UC(J06720615)  Source-Line:libMvUsb3vTL.so(StreamProcess.cpp-L0844)     Description:[GetOneFrame] PreFrameNum[9135], CurFrameNum[9139]     Solution:
Warning 2025-11-15 19:21:17  DevID:MV-CA013-A0UC(J06720615)  Source-Line:libMvUsb3vTL.so(StreamProcess.cpp-L1426)     Description:Delete one DataNode     Solution:Please confirm that there is a blocking operation when you grab frame
Warning 2025-11-15 19:21:17  DevID:MV-CA013-A0UC(J06720615)  Source-Line:libMvUsb3vTL.so(StreamProcess.cpp-L1426)     Description:Delete one DataNode     Solution:Please confirm that there is a blocking operation when you grab frame
Warning 2025-11-15 19:21:17  DevID:MV-CA013-A0UC(J06720615)  Source-Line:libMvUsb3vTL.so(StreamProcess.cpp-L1426)     Description:Delete one DataNode     Solution:Please confirm that there is a blocking operation when you grab frame
Warning 2025-11-15 19:21:17  DevID:MV-CA013-A0UC(J06720615)  Source-Line:libMvUsb3vTL.so(StreamProcess.cpp-L0844)     Description:[GetOneFrame] PreFrameNum[9139], CurFrameNum[9143]     Solution:
Warning 2025-11-15 19:21:17  DevID:MV-CA013-A0UC(J06720615)  Source-Line:libMvUsb3vTL.so(StreamProcess.cpp-L1426)     Description:Delete one DataNode     Solution:Please confirm that there is a blocking operation when you grab frame
Warning 2025-11-15 19:21:17  DevID:MV-CA013-A0UC(J06720615)  Source-Line:libMvUsb3vTL.so(StreamProcess.cpp-L1426)     Description:Delete one DataNode     Solution:Please confirm that there is a blocking operation when you grab frame
Warning 2025-11-15 19:21:17  DevID:MV-CA013-A0UC(J06720615)  Source-Line:libMvUsb3vTL.so(StreamProcess.cpp-L1426)     Description:Delete one DataNode     Solution:Please confirm that there is a blocking operation when you grab frame
Warning 2025-11-15 19:21:17  DevID:MV-CA013-A0UC(J06720615)  Source-Line:libMvUsb3vTL.so(StreamProcess.cpp-L0844)     Description:[GetOneFrame] PreFrameNum[9143], CurFrameNum[9147]     Solution:
Warning 2025-11-15 19:21:17  DevID:MV-CA013-A0UC(J06720615)  Source-Line:libMvUsb3vTL.so(StreamProcess.cpp-L1426)     Description:Delete one DataNode     Solution:Please confirm that there is a blocking operation when you grab frame
Warning 2025-11-15 19:21:17  DevID:MV-CA013-A0UC(J06720615)  Source-Line:libMvUsb3vTL.so(StreamProcess.cpp-L1426)     Description:Delete one DataNode     Solution:Please confirm that there is a blocking operation when you grab frame
Warning 2025-11-15 19:21:17  DevID:MV-CA013-A0UC(J06720615)  Source-Line:libMvUsb3vTL.so(StreamProcess.cpp-L1426)     Description:Delete one DataNode     Solution:Please confirm that there is a blocking operation when you grab frame
Warning 2025-11-15 19:21:17  DevID:MV-CA013-A0UC(J06720615)  Source-Line:libMvUsb3vTL.so(StreamProcess.cpp-L0844)     Description:[GetOneFrame] PreFrameNum[9147], CurFrameNum[9151]     Solution:
Warning 2025-11-15 19:21:17  DevID:MV-CA013-A0UC(J06720615)  Source-Line:libMvUsb3vTL.so(StreamProcess.cpp-L1426)     Description:Delete one DataNode     Solution:Please confirm that there is a blocking operation when you grab frame
Warning 2025-11-15 19:21:17  DevID:MV-CA013-A0UC(J06720615)  Source-Line:libMvUsb3vTL.so(StreamProcess.cpp-L1426)     Description:Delete one DataNode     Solution:Please confirm that there is a blocking operation when you grab frame
Warning 2025-11-15 19:21:17  DevID:MV-CA013-A0UC(J06720615)  Source-Line:libMvUsb3vTL.so(StreamProcess.cpp-L1426)     Description:Delete one DataNode     Solution:Please confirm that there is a blocking operation when you grab frame
Warning 2025-11-15 19:21:17  DevID:MV-CA013-A0UC(J06720615)  Source-Line:libMvUsb3vTL.so(StreamProcess.cpp-L0844)     Description:[GetOneFrame] PreFrameNum[9151], CurFrameNum[9155]     Solution:
Warning 2025-11-15 19:21:17  DevID:MV-CA013-A0UC(J06720615)  Source-Line:libMvUsb3vTL.so(StreamProcess.cpp-L1426)     Description:Delete one DataNode     Solution:Please confirm that there is a blocking operation when you grab frame
Warning 2025-11-15 19:21:17  DevID:MV-CA013-A0UC(J06720615)  Source-Line:libMvUsb3vTL.so(StreamProcess.cpp-L1426)     Description:Delete one DataNode     Solution:Please confirm that there is a blocking operation when you grab frame
Warning 2025-11-15 19:21:17  DevID:MV-CA013-A0UC(J06720615)  Source-Line:libMvUsb3vTL.so(StreamProcess.cpp-L1426)     Description:Delete one DataNode     Solution:Please confirm that there is a blocking operation when you grab frame
Warning 2025-11-15 19:21:17  DevID:MV-CA013-A0UC(J06720615)  Source-Line:libMvUsb3vTL.so(StreamProcess.cpp-L1426)     Description:Delete one DataNode     Solution:Please confirm that there is a blocking operation when you grab frame
Warning 2025-11-15 19:21:17  DevID:MV-CA013-A0UC(J06720615)  Source-Line:libMvUsb3vTL.so(StreamProcess.cpp-L1426)     Description:Delete one DataNode     Solution:Please confirm that there is a blocking operation when you grab frame
Warning 2025-11-15 19:21:17  DevID:MV-CA013-A0UC(J06720615)  Source-Line:libMvUsb3vTL.so(StreamProcess.cpp-L0844)     Description:[GetOneFrame] PreFrameNum[9155], CurFrameNum[9161]     Solution:
Warning 2025-11-15 19:21:17  DevID:MV-CA013-A0UC(J06720615)  Source-Line:libMvUsb3vTL.so(StreamProcess.cpp-L1426)     Description:Delete one DataNode     Solution:Please confirm that there is a blocking operation when you grab frame
Warning 2025-11-15 19:21:17  DevID:MV-CA013-A0UC(J06720615)  Source-Line:libMvUsb3vTL.so(StreamProcess.cpp-L1426)     Description:Delete one DataNode     Solution:Please confirm that there is a blocking operation when you grab frame
Warning 2025-11-15 19:21:17  DevID:MV-CA013-A0UC(J06720615)  Source-Line:libMvUsb3vTL.so(StreamProcess.cpp-L1426)     Description:Delete one DataNode     Solution:Please confirm that there is a blocking operation when you grab frame
Warning 2025-11-15 19:21:17  DevID:MV-CA013-A0UC(J06720615)  Source-Line:libMvUsb3vTL.so(StreamProcess.cpp-L0844)     Description:[GetOneFrame] PreFrameNum[9161], CurFrameNum[9165]     Solution:
Warning 2025-11-15 19:21:17  DevID:MV-CA013-A0UC(J06720615)  Source-Line:libMvUsb3vTL.so(StreamProcess.cpp-L1426)     Description:Delete one DataNode     Solution:Please confirm that there is a blocking operation when you grab frame
Warning 2025-11-15 19:21:17  DevID:MV-CA013-A0UC(J06720615)  Source-Line:libMvUsb3vTL.so(StreamProcess.cpp-L1426)     Description:Delete one DataNode     Solution:Please confirm that there is a blocking operation when you grab frame
Warning 2025-11-15 19:21:17  DevID:MV-CA013-A0UC(J06720615)  Source-Line:libMvUsb3vTL.so(StreamProcess.cpp-L1426)     Description:Delete one DataNode     Solution:Please confirm that there is a blocking operation when you grab frame
Warning 2025-11-15 19:21:17  DevID:MV-CA013-A0UC(J06720615)  Source-Line:libMvUsb3vTL.so(StreamProcess.cpp-L0844)     Description:[GetOneFrame] PreFrameNum[9165], CurFrameNum[9169]     Solution:
Warning 2025-11-15 19:21:17  DevID:MV-CA013-A0UC(J06720615)  Source-Line:libMvUsb3vTL.so(StreamProcess.cpp-L1426)     Description:Delete one DataNode     Solution:Please confirm that there is a blocking operation when you grab frame
Warning 2025-11-15 19:21:17  DevID:MV-CA013-A0UC(J06720615)  Source-Line:libMvUsb3vTL.so(StreamProcess.cpp-L1426)     Description:Delete one DataNode     Solution:Please confirm that there is a blocking operation when you grab frame
Warning 2025-11-15 19:21:17  DevID:MV-CA013-A0UC(J06720615)  Source-Line:libMvUsb3vTL.so(StreamProcess.cpp-L1426)     Description:Delete one DataNode     Solution:Please confirm that there is a blocking operation when you grab frame
Warning 2025-11-15 19:21:17  DevID:MV-CA013-A0UC(J06720615)  Source-Line:libMvUsb3vTL.so(StreamProcess.cpp-L0844)     Description:[GetOneFrame] PreFrameNum[9169], CurFrameNum[9173]     Solution:
Warning 2025-11-15 19:21:17  DevID:MV-CA013-A0UC(J06720615)  Source-Line:libMvUsb3vTL.so(StreamProcess.cpp-L1426)     Description:Delete one DataNode     Solution:Please confirm that there is a blocking operation when you grab frame
Warning 2025-11-15 19:21:17  DevID:MV-CA013-A0UC(J06720615)  Source-Line:libMvUsb3vTL.so(StreamProcess.cpp-L1426)     Description:Delete one DataNode     Solution:Please confirm that there is a blocking operation when you grab frame
Warning 2025-11-15 19:21:17  DevID:MV-CA013-A0UC(J06720615)  Source-Line:libMvUsb3vTL.so(StreamProcess.cpp-L1426)     Description:Delete one DataNode     Solution:Please confirm that there is a blocking operation when you grab frame
Warning 2025-11-15 19:21:17  DevID:MV-CA013-A0UC(J06720615)  Source-Line:libMvUsb3vTL.so(StreamProcess.cpp-L0844)     Description:[GetOneFrame] PreFrameNum[9173], CurFrameNum[9177]     Solution:
Warning 2025-11-15 19:21:17  DevID:MV-CA013-A0UC(J06720615)  Source-Line:libMvUsb3vTL.so(StreamProcess.cpp-L1426)     Description:Delete one DataNode     Solution:Please confirm that there is a blocking operation when you grab frame
Warning 2025-11-15 19:21:17  DevID:MV-CA013-A0UC(J06720615)  Source-Line:libMvUsb3vTL.so(StreamProcess.cpp-L1426)     Description:Delete one DataNode     Solution:Please confirm that there is a blocking operation when you grab frame
Warning 2025-11-15 19:21:17  DevID:MV-CA013-A0UC(J06720615)  Source-Line:libMvUsb3vTL.so(StreamProcess.cpp-L1426)     Description:Delete one DataNode     Solution:Please confirm that there is a blocking operation when you grab frame
Warning 2025-11-15 19:21:17  DevID:MV-CA013-A0UC(J06720615)  Source-Line:libMvUsb3vTL.so(StreamProcess.cpp-L0844)     Description:[GetOneFrame] PreFrameNum[9177], CurFrameNum[9181]     Solution:
Warning 2025-11-15 19:21:17  DevID:MV-CA013-A0UC(J06720615)  Source-Line:libMvUsb3vTL.so(StreamProcess.cpp-L1426)     Description:Delete one DataNode     Solution:Please confirm that there is a blocking operation when you grab frame
Warning 2025-11-15 19:21:17  DevID:MV-CA013-A0UC(J06720615)  Source-Line:libMvUsb3vTL.so(StreamProcess.cpp-L1426)     Description:Delete one DataNode     Solution:Please confirm that there is a blocking operation when you grab frame
Warning 2025-11-15 19:21:17  DevID:MV-CA013-A0UC(J06720615)  Source-Line:libMvUsb3vTL.so(StreamProcess.cpp-L1426)     Description:Delete one DataNode     Solution:Please confirm that there is a blocking operation when you grab frame
Warning 2025-11-15 19:21:17  DevID:MV-CA013-A0UC(J06720615)  Source-Line:libMvUsb3vTL.so(StreamProcess.cpp-L0844)     Description:[GetOneFrame] PreFrameNum[9181], CurFrameNum[9185]     Solution:
Warning 2025-11-15 19:21:17  DevID:MV-CA013-A0UC(J06720615)  Source-Line:libMvUsb3vTL.so(StreamProcess.cpp-L1426)     Description:Delete one DataNode     Solution:Please confirm that there is a blocking operation when you grab frame
Warning 2025-11-15 19:21:17  DevID:MV-CA013-A0UC(J06720615)  Source-Line:libMvUsb3vTL.so(StreamProcess.cpp-L1426)     Description:Delete one DataNode     Solution:Please confirm that there is a blocking operation when you grab frame
Warning 2025-11-15 19:21:17  DevID:MV-CA013-A0UC(J06720615)  Source-Line:libMvUsb3vTL.so(StreamProcess.cpp-L1426)     Description:Delete one DataNode     Solution:Please confirm that there is a blocking operation when you grab frame
Warning 2025-11-15 19:21:17  DevID:MV-CA013-A0UC(J06720615)  Source-Line:libMvUsb3vTL.so(StreamProcess.cpp-L0844)     Description:[GetOneFrame] PreFrameNum[9185], CurFrameNum[9189]     Solution:
Warning 2025-11-15 19:21:17  DevID:MV-CA013-A0UC(J06720615)  Source-Line:libMvUsb3vTL.so(StreamProcess.cpp-L1426)     Description:Delete one DataNode     Solution:Please confirm that there is a blocking operation when you grab frame
Warning 2025-11-15 19:21:17  DevID:MV-CA013-A0UC(J06720615)  Source-Line:libMvUsb3vTL.so(StreamProcess.cpp-L1426)     Description:Delete one DataNode     Solution:Please confirm that there is a blocking operation when you grab frame
Warning 2025-11-15 19:21:17  DevID:MV-CA013-A0UC(J06720615)  Source-Line:libMvUsb3vTL.so(StreamProcess.cpp-L1426)     Description:Delete one DataNode     Solution:Please confirm that there is a blocking operation when you grab frame
Warning 2025-11-15 19:21:17  DevID:MV-CA013-A0UC(J06720615)  Source-Line:libMvUsb3vTL.so(StreamProcess.cpp-L0844)     Description:[GetOneFrame] PreFrameNum[9189], CurFrameNum[9193]     Solution:
Warning 2025-11-15 19:21:17  DevID:MV-CA013-A0UC(J06720615)  Source-Line:libMvUsb3vTL.so(StreamProcess.cpp-L1426)     Description:Delete one DataNode     Solution:Please confirm that there is a blocking operation when you grab frame
Warning 2025-11-15 19:21:17  DevID:MV-CA013-A0UC(J06720615)  Source-Line:libMvUsb3vTL.so(StreamProcess.cpp-L1426)     Description:Delete one DataNode     Solution:Please confirm that there is a blocking operation when you grab frame
Warning 2025-11-15 19:21:17  DevID:MV-CA013-A0UC(J06720615)  Source-Line:libMvUsb3vTL.so(StreamProcess.cpp-L1426)     Description:Delete one DataNode     Solution:Please confirm that there is a blocking operation when you grab frame
Warning 2025-11-15 19:21:17  DevID:MV-CA013-A0UC(J06720615)  Source-Line:libMvUsb3vTL.so(StreamProcess.cpp-L0844)     Description:[GetOneFrame] PreFrameNum[9193], CurFrameNum[9197]     Solution:
Warning 2025-11-15 19:21:17  DevID:MV-CA013-A0UC(J06720615)  Source-Line:libMvUsb3vTL.so(StreamProcess.cpp-L1426)     Description:Delete one DataNode     Solution:Please confirm that there is a blocking operation when you grab frame
Warning 2025-11-15 19:21:17  DevID:MV-CA013-A0UC(J06720615)  Source-Line:libMvUsb3vTL.so(StreamProcess.cpp-L1426)     Description:Delete one DataNode     Solution:Please confirm that there is a blocking operation when you grab frame
Warning 2025-11-15 19:21:17  DevID:MV-CA013-A0UC(J06720615)  Source-Line:libMvUsb3vTL.so(StreamProcess.cpp-L1426)     Description:Delete one DataNode     Solution:Please confirm that there is a blocking operation when you grab frame
Warning 2025-11-15 19:21:17  DevID:MV-CA013-A0UC(J06720615)  Source-Line:libMvUsb3vTL.so(StreamProcess.cpp-L0844)     Description:[GetOneFrame] PreFrameNum[9197], CurFrameNum[9201]     Solution:
Warning 2025-11-15 19:21:17  DevID:MV-CA013-A0UC(J06720615)  Source-Line:libMvUsb3vTL.so(StreamProcess.cpp-L1426)     Description:Delete one DataNode     Solution:Please confirm that there is a blocking operation when you grab frame
Warning 2025-11-15 19:21:17  DevID:MV-CA013-A0UC(J06720615)  Source-Line:libMvUsb3vTL.so(StreamProcess.cpp-L1426)     Description:Delete one DataNode     Solution:Please confirm that there is a blocking operation when you grab frame
Warning 2025-11-15 19:21:17  DevID:MV-CA013-A0UC(J06720615)  Source-Line:libMvUsb3vTL.so(StreamProcess.cpp-L1426)     Description:Delete one DataNode     Solution:Please confirm that there is a blocking operation when you grab frame
Warning 2025-11-15 19:21:17  DevID:MV-CA013-A0UC(J06720615)  Source-Line:libMvUsb3vTL.so(StreamProcess.cpp-L0844)     Description:[GetOneFrame] PreFrameNum[9201], CurFrameNum[9205]     Solution:
Warning 2025-11-15 19:21:17  DevID:MV-CA013-A0UC(J06720615)  Source-Line:libMvUsb3vTL.so(StreamProcess.cpp-L1426)     Description:Delete one DataNode     Solution:Please confirm that there is a blocking operation when you grab frame
Warning 2025-11-15 19:21:17  DevID:MV-CA013-A0UC(J06720615)  Source-Line:libMvUsb3vTL.so(StreamProcess.cpp-L1426)     Description:Delete one DataNode     Solution:Please confirm that there is a blocking operation when you grab frame
Warning 2025-11-15 19:21:17  DevID:MV-CA013-A0UC(J06720615)  Source-Line:libMvUsb3vTL.so(StreamProcess.cpp-L1426)     Description:Delete one DataNode     Solution:Please confirm that there is a blocking operation when you grab frame
Warning 2025-11-15 19:21:17  DevID:MV-CA013-A0UC(J06720615)  Source-Line:libMvUsb3vTL.so(StreamProcess.cpp-L0844)     Description:[GetOneFrame] PreFrameNum[9205], CurFrameNum[9209]     Solution:
Warning 2025-11-15 19:21:17  DevID:MV-CA013-A0UC(J06720615)  Source-Line:libMvUsb3vTL.so(StreamProcess.cpp-L1426)     Description:Delete one DataNode     Solution:Please confirm that there is a blocking operation when you grab frame
Warning 2025-11-15 19:21:17  DevID:MV-CA013-A0UC(J06720615)  Source-Line:libMvUsb3vTL.so(StreamProcess.cpp-L1426)     Description:Delete one DataNode     Solution:Please confirm that there is a blocking operation when you grab frame
Warning 2025-11-15 19:21:17  DevID:MV-CA013-A0UC(J06720615)  Source-Line:libMvUsb3vTL.so(StreamProcess.cpp-L1426)     Description:Delete one DataNode     Solution:Please confirm that there is a blocking operation when you grab frame
Warning 2025-11-15 19:21:17  DevID:MV-CA013-A0UC(J06720615)  Source-Line:libMvUsb3vTL.so(StreamProcess.cpp-L0844)     Description:[GetOneFrame] PreFrameNum[9209], CurFrameNum[9213]     Solution:
Warning 2025-11-15 19:21:17  DevID:MV-CA013-A0UC(J06720615)  Source-Line:libMvUsb3vTL.so(StreamProcess.cpp-L1426)     Description:Delete one DataNode     Solution:Please confirm that there is a blocking operation when you grab frame
Warning 2025-11-15 19:21:17  DevID:MV-CA013-A0UC(J06720615)  Source-Line:libMvUsb3vTL.so(StreamProcess.cpp-L1426)     Description:Delete one DataNode     Solution:Please confirm that there is a blocking operation when you grab frame
Warning 2025-11-15 19:21:17  DevID:MV-CA013-A0UC(J06720615)  Source-Line:libMvUsb3vTL.so(StreamProcess.cpp-L1426)     Description:Delete one DataNode     Solution:Please confirm that there is a blocking operation when you grab frame
Warning 2025-11-15 19:21:17  DevID:MV-CA013-A0UC(J06720615)  Source-Line:libMvUsb3vTL.so(StreamProcess.cpp-L1426)     Description:Delete one DataNode     Solution:Please confirm that there is a blocking operation when you grab frame
Warning 2025-11-15 19:21:17  DevID:MV-CA013-A0UC(J06720615)  Source-Line:libMvUsb3vTL.so(StreamProcess.cpp-L1144)     Description:Get an abnormal image !£¬ nRet = 0x8000000b
     Solution:
Info    2025-11-15 19:21:17  DevID:MV-CA013-A0UC(J06720615)  Source-Line:libMvUsb3vTL.so(DeviceControl.cpp-L1315)     Description:AcquisitionStop Execute Success     Solution:
Error   2025-11-15 19:21:17  DevID:MV-CA013-A0UC(J06720615)  Source-Line:libMvUsb3vTL.so(StreamProcess.cpp-L1065)     Description:[ReadAsync] error code is:[3],i = [0], errno[11], Halt Total Count[1]     Solution:
Warning 2025-11-15 19:21:17  DevID:MV-CA013-A0UC(J06720615)  Source-Line:libMvUsb3vTL.so(StreamProcess.cpp-L1101)     Description:[ReadAsync] Async Canceled error,i = [0]     Solution:
Warning 2025-11-15 19:21:17  DevID:MV-CA013-A0UC(J06720615)  Source-Line:libMvUsb3vTL.so(StreamProcess.cpp-L1144)     Description:Get an abnormal image !£¬ nRet = 0x8000000b
     Solution:
Error   2025-11-15 19:21:18  DevID:MV-CA013-A0UC(J06720615)  Source-Line:libMvUsb3vTL.so(StreamProcess.cpp-L1643)     Description:faied submit1,times 100, nRet[-2147483644], errno[11]     Solution:
Error   2025-11-15 19:21:18  DevID:MV-CA013-A0UC(J06720615)  Source-Line:libMvUsb3vTL.so(StreamProcess.cpp-L1161)     Description:[SubmitReadAsync] error code is:[0x80000006]     Solution:
Info    2025-11-15 19:21:18  DevID:MV-CA013-A0UC(J06720615)  Source-Line:libMvUsb3vTL.so(StreamProcess.cpp-L1192)     Description:RecvThread process exit     Solution:
Info    2025-11-15 19:21:18  DevID:MV-CA013-A0UC(J06720615)  Source-Line:libMvUsb3vTL.so(StreamProcess.cpp-L0530)     Description:getfcnt [5824], getfcntsucceed[5824], totalRecv[9218]     Solution:
Error   2025-11-15 19:21:18  DevID:MV-CA013-A0UC(J06720615)  Source-Line:libMvUsb3vTL.so(DriverLayer.cpp-L0769)     Description:timesOut, num_iso_packets: ff     Solution:
Info    2025-11-15 19:21:18  DevID:MV-CA013-A0UC(J06720615)  Source-Line:libMvUsb3vTL.so(EventProcess.cpp-L0311)     Description:[Event]Read Async, Ret[0xff]     Solution:
Error   2025-11-15 19:21:19  DevID:MV-CA013-A0UC(J06720615)  Source-Line:libMvUsb3vTL.so(DriverLayer.cpp-L0769)     Description:timesOut, num_iso_packets: ff     Solution:
Info    2025-11-15 19:21:19  DevID:MV-CA013-A0UC(J06720615)  Source-Line:libMvUsb3vTL.so(EventProcess.cpp-L0311)     Description:[Event]Read Async, Ret[0xff]     Solution:
Info    2025-11-15 19:21:19  DevID:MV-CA013-A0UC(J06720615)  Source-Line:libMvUsb3vTL.so(EventProcess.cpp-L0282)     Description:U3V EventRecvThread End     Solution:
Info    2025-11-15 19:21:19  DevID:MV-CA013-A0UC(J06720615)  Source-Line:libMvUsb3vTL.so(EventProcess.cpp-L0709)     Description:U3V EventSendThread End     Solution:
